-- phpMyAdmin SQL Dump
-- version 4.8.1
-- https://www.phpmyadmin.net/
--
-- Host: localhost
-- Generation Time: Feb 18, 2022 at 11:02 AM
-- Server version: 10.1.37-MariaDB
-- PHP Version: 7.4.20

SET SQL_MODE = "NO_AUTO_VALUE_ON_ZERO";
SET AUTOCOMMIT = 0;
START TRANSACTION;
SET time_zone = "+00:00";


/*!40101 SET @OLD_CHARACTER_SET_CLIENT=@@CHARACTER_SET_CLIENT */;
/*!40101 SET @OLD_CHARACTER_SET_RESULTS=@@CHARACTER_SET_RESULTS */;
/*!40101 SET @OLD_COLLATION_CONNECTION=@@COLLATION_CONNECTION */;
/*!40101 SET NAMES utf8mb4 */;

--
-- Database: `datacuda`
--

-- --------------------------------------------------------

--
-- Table structure for table `admins`
--

CREATE TABLE `admins` (
  `id` int(10) UNSIGNED NOT NULL,
  `name` varchar(100) COLLATE utf8mb4_unicode_ci NOT NULL,
  `email` varchar(100) COLLATE utf8mb4_unicode_ci NOT NULL,
  `created_at` timestamp NULL DEFAULT NULL,
  `updated_at` timestamp NULL DEFAULT NULL
) ENGINE=InnoDB DEFAULT CHARSET=utf8mb4 COLLATE=utf8mb4_unicode_ci;

-- --------------------------------------------------------

--
-- Table structure for table `admin_aboutus`
--

CREATE TABLE `admin_aboutus` (
  `aboutus_id` int(10) NOT NULL,
  `aboutus_heading` text NOT NULL,
  `aboutus_content` text NOT NULL,
  `aboutus_image` text NOT NULL,
  `aboutus_section` enum('top','bottom','left_grid','right_grid') NOT NULL DEFAULT 'top',
  `aboutus_status` enum('1','2') NOT NULL COMMENT '1=> Active, 2=>Inactive/Delete'
) ENGINE=InnoDB DEFAULT CHARSET=utf8;

--
-- Dumping data for table `admin_aboutus`
--

INSERT INTO `admin_aboutus` (`aboutus_id`, `aboutus_heading`, `aboutus_content`, `aboutus_image`, `aboutus_section`, `aboutus_status`) VALUES
(3, 'Our Service', '<p>Lorem ipsum dolor sit amet, consectetur adipisicing elit, sed do eiusmod tempor incididunt ut labore et dolore magna aliqua. Ut enim ad minim veniam, quis nostrud exercitation ullamco laboris nisi ut aliquip ex ea commodo consequat. Duis aute irure dolor in reprehenderit in voluptate velit esse cillum dolore eu fugiat nulla pariatur. Excepteur sint occaecat cupidatat non proident, sunt in culpa qui officia deserunt mollit anim id est laborum. Sed ut perspiciatis unde omnis iste natus error sit voluptatem accusantium doloremque laudantium, totam rem aperiam, eaque ipsa quae ab illo inventore veritatis et quasi architecto beatae vitae dicta sunt explicabo. Nemo enim ipsam voluptatem</p>', '1560259920_about.jpg', 'top', '1'),
(5, 'LOREM IPSUM DOLOR12', '<p>Lorem ipsum dolor sit amet, consectetur adipisicing elit, sed do eiusmod tempor incididunt ut labore et dolore magna aliqua. Ut enim ad minim veniam, quis</p>', '1560260020_service_icon_1.png', 'bottom', '1'),
(6, 'Our mission 1', '<p>A whole lot of inspiration you can get from the vast variety of combinations of elements our Kit has to offer2</p>', '', 'left_grid', '1'),
(7, 'Our goals', '<p>A whole lot of inspiration you can get from the vast variety of combinations of elements our Kit has to offer1</p>', '', 'right_grid', '1'),
(8, 'LOREM IPSUM DOLOR', '<p>Lorem ipsum dolor sit amet, consectetur adipisicing elit, sed do eiusmod tempor incididunt ut labore et dolore magna aliqua. Ut enim ad minim veniam, quis</p>', '1560261430_service_icon_2.png', 'bottom', '1'),
(9, 'LOREM IPSUM DOLOR', '<p>Lorem ipsum dolor sit amet, consectetur adipisicing elit, sed do eiusmod tempor incididunt ut labore et dolore magna aliqua. Ut enim ad minim veniam, quis</p>', '1560260200_service_icon_3.png', 'bottom', '1'),
(10, 'LOREM IPSUM DOLOR', '<p>Lorem ipsum dolor sit amet, consectetur adipisicing elit, sed do eiusmod tempor incididunt ut labore et dolore magna aliqua. Ut enim ad minim veniam, quis</p>', '1560331055_service_icon_4.png', 'bottom', '1'),
(11, 'LOREM IPSUM DOLOR', '<p>Lorem ipsum dolor sit amet, consectetur adipisicing elit, sed do eiusmod tempor incididunt ut labore et dolore magna aliqua. Ut enim ad minim veniam, quis</p>', '1560331085_service_icon_5.png', 'bottom', '1'),
(12, 'LOREM IPSUM DOLOR', '<p>Lorem ipsum dolor sit amet, consectetur adipisicing elit, sed do eiusmod tempor incididunt ut labore et dolore magna aliqua. Ut enim ad minim veniam, quis</p>', '1560331110_service_icon_6.png', 'bottom', '1');

-- --------------------------------------------------------

--
-- Table structure for table `admin_homebanner`
--

CREATE TABLE `admin_homebanner` (
  `homebanner_id` int(10) NOT NULL,
  `homebanner_title` text NOT NULL,
  `homebanner_image` varchar(200) NOT NULL,
  `homebanner_status` enum('0','1') NOT NULL
) ENGINE=InnoDB DEFAULT CHARSET=utf8;

--
-- Dumping data for table `admin_homebanner`
--

INSERT INTO `admin_homebanner` (`homebanner_id`, `homebanner_title`, `homebanner_image`, `homebanner_status`) VALUES
(4, 'Store, Share, Invoice, and Receive <br /> Payment Instantly For Deliverables', '1560173088_banner.jpg', '1');

-- --------------------------------------------------------

--
-- Table structure for table `admin_homeplans`
--

CREATE TABLE `admin_homeplans` (
  `homeplans_id` int(10) NOT NULL,
  `homeplans_heading` text NOT NULL,
  `homeplans_content` text NOT NULL,
  `homeplans_image` text NOT NULL,
  `homeplans_price` float(7,2) NOT NULL DEFAULT '0.00',
  `homeplans_duration` varchar(15) NOT NULL,
  `homeplans_status` enum('1','2') NOT NULL COMMENT '1=> Active, 2=>Inactive/Delete'
) ENGINE=InnoDB DEFAULT CHARSET=utf8;

--
-- Dumping data for table `admin_homeplans`
--

INSERT INTO `admin_homeplans` (`homeplans_id`, `homeplans_heading`, `homeplans_content`, `homeplans_image`, `homeplans_price`, `homeplans_duration`, `homeplans_status`) VALUES
(1, 'FREE', 'ipsum dolor sit amet. sed do eiusmod tempor incididunt ut. Labore et dolore magna aliqua.', '1559733968_plan_icon_1.png', 0.00, 'month', '1'),
(2, 'PRO', 'orem ipsum dolor sit amet. sed do eiusmod tempor incididunt ut. Labore et dolore magna aliqua.', '1559734015_plan_icon_2.png', 14.00, 'month', '1'),
(3, 'BUSINESS', 'Lorem ipsum dolor sit amet. sed do eiusmod tempor incididunt ut. Labore et dolore magna aliqua.', '1559911635_plan_icon_3.png', 49.00, 'month', '1'),
(4, 'ENTERPRISE', 'Lorem ipsum dolor sit amet. sed do eiusmod tempor incididunt ut. Labore et dolore magna aliqua.', '1559911716_plan_icon_4.png', 0.00, 'Call', '1');

-- --------------------------------------------------------

--
-- Table structure for table `admin_homereviews`
--

CREATE TABLE `admin_homereviews` (
  `homereviews_id` int(10) NOT NULL,
  `homereviews_review` text NOT NULL,
  `homereviews_user` text NOT NULL,
  `homereviews_image` text NOT NULL,
  `homereviews_status` enum('1','2') NOT NULL COMMENT '1=> Active, 2=>Inactive/Delete'
) ENGINE=InnoDB DEFAULT CHARSET=utf8;

--
-- Dumping data for table `admin_homereviews`
--

INSERT INTO `admin_homereviews` (`homereviews_id`, `homereviews_review`, `homereviews_user`, `homereviews_image`, `homereviews_status`) VALUES
(1, 'Lorem ipsum dolor sit amet, consectetur adipisicing elit. Commodi, vel, ullam! Quam natus nostrum assumenda quia nam harum labore, voluptatum beatae fugit, maxime rem deleniti, et molestias optio! Iste, aspernatur.', 'TAYLOR SWIFT', '1559829948_client_1.png', '1'),
(2, 'Lorem ipsum dolor sit amet, consectetur adipisicing elit. Commodi, vel, ullam! Quam natus nostrum assumenda quia nam harum labore, voluptatum beatae fugit, maxime rem deleniti, et molestias optio! Iste, aspernatur.', 'TAYLOR SWIFT', '1559829963_client_1.png', '1'),
(3, 'Lorem ipsum dolor sit amet, consectetur adipisicing elit. Commodi, vel, ullam! Quam natus nostrum assumenda quia nam harum labore, voluptatum beatae fugit, maxime rem deleniti, et molestias optio! Iste, aspernatur.', 'Pravin kumar', '1559912954_client_1.png', '1');

-- --------------------------------------------------------

--
-- Table structure for table `admin_homesecond`
--

CREATE TABLE `admin_homesecond` (
  `homesecond_id` int(10) NOT NULL,
  `homesecond_topheading1` text NOT NULL,
  `homesecond_topheading2` text NOT NULL,
  `homesecond_heading1` text NOT NULL,
  `homesecond_heading2` text NOT NULL,
  `homesecond_heading3` text NOT NULL,
  `homesecond_content1` text NOT NULL,
  `homesecond_content2` text NOT NULL,
  `homesecond_content3` text NOT NULL,
  `homesecond_image1` text NOT NULL,
  `homesecond_image2` text NOT NULL,
  `homesecond_image3` text NOT NULL,
  `homesecond_status` enum('1','2') NOT NULL COMMENT '1=> Active, 2=>Inactive/Delete'
) ENGINE=InnoDB DEFAULT CHARSET=utf8;

--
-- Dumping data for table `admin_homesecond`
--

INSERT INTO `admin_homesecond` (`homesecond_id`, `homesecond_topheading1`, `homesecond_topheading2`, `homesecond_heading1`, `homesecond_heading2`, `homesecond_heading3`, `homesecond_content1`, `homesecond_content2`, `homesecond_content3`, `homesecond_image1`, `homesecond_image2`, `homesecond_image3`, `homesecond_status`) VALUES
(13, 'Designed For Simplicity', 'Lorem ipsum dolor sit amet, consectetur adipisicing elit, sed do eiusmod tempor incididunt ut labore et dolore magna aliqua. Ut enim ad minim veniam.', 'SIMPLE', 'QUICK', 'SECURE', 'Lorem ipsum dolor sit amet, consectetur adipisicing elit, sed do eiusmod tempor incididunt ut labore et dolore magna aliqua. Ut enim ad minim veniam, quis.', 'Lorem ipsum dolor sit amet, consectetur adipisicing elit, sed do eiusmod tempor incididunt ut labore et dolore magna aliqua. Ut enim ad minim veniam, quis.', 'Lorem ipsum dolor sit amet, consectetur adipisicing elit, sed do eiusmod tempor incididunt ut labore et dolore magna aliqua. Ut enim ad minim veniam, quis.', '1559645792_simple.png', '1559645792_quick.png', '1559645792_secure.png', '1');

-- --------------------------------------------------------

--
-- Table structure for table `admin_homethird`
--

CREATE TABLE `admin_homethird` (
  `homethird_id` int(10) NOT NULL,
  `homethird_heading` text NOT NULL,
  `homethird_content` text NOT NULL,
  `homethird_image` text NOT NULL,
  `homethird_status` enum('1','2') NOT NULL COMMENT '1=> Active, 2=>Inactive/Delete'
) ENGINE=InnoDB DEFAULT CHARSET=utf8;

--
-- Dumping data for table `admin_homethird`
--

INSERT INTO `admin_homethird` (`homethird_id`, `homethird_heading`, `homethird_content`, `homethird_image`, `homethird_status`) VALUES
(5, 'Payment On Delivery', 'Lorem ipsum dolor sit amet, consectetur adipisicing elit, sed do eiusmod tempor incididunt ut labore et dolore magna aliqua. Ut enim ad minim veniam, quis nostrud exercitation ullamco laboris nisi ut aliquip ex ea commodo consequat. Duis aute irure dolor in reprehenderit in voluptate velit esse cillum dolore eu fugiat nulla pariatur. Excepteur sint occaecat cupidatat non proident, sunt in culpa qui officia deserunt mollit anim id est laborum. Sed ut perspiciatis unde omnis iste natus error sit voluptatem accusantium doloremque laudantium, totam rem aperiam, eaque ipsa quae ab illo inventore veritatis et quasi architecto beatae vitae dicta sunt explicabo. Nemo enim ipsam voluptatem quia voluptas sit aspernatur aut odit.', '1559647285_payment_delivery.jpg', '1');

-- --------------------------------------------------------

--
-- Table structure for table `admin_user`
--

CREATE TABLE `admin_user` (
  `user_id` int(20) NOT NULL,
  `user_uid` varchar(80) DEFAULT NULL,
  `user_fname` varchar(60) NOT NULL,
  `user_lname` varchar(40) NOT NULL DEFAULT ' ',
  `user_username` varchar(60) NOT NULL DEFAULT ' ',
  `user_email` varchar(120) NOT NULL,
  `user_phone` bigint(14) NOT NULL DEFAULT '0',
  `user_password` varchar(200) NOT NULL,
  `user_otp` mediumint(6) NOT NULL DEFAULT '0',
  `user_dob` date DEFAULT NULL,
  `user_address` text,
  `user_location` varchar(100) DEFAULT NULL,
  `user_timezone` int(10) DEFAULT NULL,
  `user_sortbio` text,
  `user_image` varchar(100) DEFAULT NULL,
  `user_lastlogin` datetime DEFAULT NULL,
  `user_lastchangedpwd` datetime DEFAULT NULL,
  `user_type` enum('0','1','2','3') NOT NULL COMMENT '0-supper admin ,1-admin,2-adviser,3-advice',
  `remember_token` varchar(200) DEFAULT NULL,
  `user_code` text,
  `updated_at` datetime DEFAULT NULL,
  `created_at` datetime DEFAULT NULL,
  `user_adminstatus` enum('0','1') NOT NULL DEFAULT '0',
  `user_status` enum('0','1') NOT NULL COMMENT '0-inactive,1-active'
) ENGINE=InnoDB DEFAULT CHARSET=utf8;

--
-- Dumping data for table `admin_user`
--

INSERT INTO `admin_user` (`user_id`, `user_uid`, `user_fname`, `user_lname`, `user_username`, `user_email`, `user_phone`, `user_password`, `user_otp`, `user_dob`, `user_address`, `user_location`, `user_timezone`, `user_sortbio`, `user_image`, `user_lastlogin`, `user_lastchangedpwd`, `user_type`, `remember_token`, `user_code`, `updated_at`, `created_at`, `user_adminstatus`, `user_status`) VALUES
(3, '', 'admin', 'admin ', 'admin ', 'admin@gmail.com', 0, '$2y$10$R2C30ULdFqgqsdQrf.wLW.yYu//g6zRlNb2eXCZ/OLHIjkP4uAQ82', 0, NULL, NULL, NULL, NULL, NULL, NULL, NULL, NULL, '0', NULL, NULL, NULL, NULL, '0', '1');

-- --------------------------------------------------------

--
-- Table structure for table `banking_profile`
--

CREATE TABLE `banking_profile` (
  `id` int(10) NOT NULL,
  `user_id` int(10) DEFAULT NULL,
  `first_name` varchar(100) DEFAULT NULL,
  `last_name` varchar(100) DEFAULT NULL,
  `phone` varchar(20) DEFAULT NULL,
  `email` varchar(120) DEFAULT NULL,
  `dob` varchar(30) DEFAULT NULL,
  `address` varchar(150) DEFAULT NULL,
  `state` varchar(5) DEFAULT NULL,
  `city` varchar(100) DEFAULT NULL,
  `zip` varchar(10) DEFAULT NULL,
  `card_no` varchar(30) DEFAULT NULL,
  `month` varchar(20) DEFAULT NULL,
  `year` varchar(10) DEFAULT NULL,
  `cvc` varchar(3) DEFAULT NULL,
  `ssn` varchar(30) DEFAULT NULL,
  `account_no` varchar(100) DEFAULT NULL,
  `routing_no` varchar(100) DEFAULT NULL,
  `status` enum('0','1') NOT NULL DEFAULT '1',
  `created_at` timestamp NULL DEFAULT NULL,
  `updated_at` timestamp NULL DEFAULT NULL
) ENGINE=InnoDB DEFAULT CHARSET=utf8;

--
-- Dumping data for table `banking_profile`
--

INSERT INTO `banking_profile` (`id`, `user_id`, `first_name`, `last_name`, `phone`, `email`, `dob`, `address`, `state`, `city`, `zip`, `card_no`, `month`, `year`, `cvc`, `ssn`, `account_no`, `routing_no`, `status`, `created_at`, `updated_at`) VALUES
(1, 15, 'pravin', 'kumar', '7856458956', 'pravinsahu@virtualemployee.com', '1990-03-01', '8 prospect st', 'MA', 'Topsfield', '01983', '4000056655665556', '12', '22', '123', '0000', NULL, NULL, '1', '2019-09-19 02:46:00', '2019-09-19 02:46:00'),
(2, 17, 'pravin', 'kumar', '7856458956', 'pravinsahu@virtualemployee.com', '1990-11-01', '8 prospect st', 'MA', 'Topsfield', '01983', '4000056655665556', '12', '22', '222', '0000', NULL, NULL, '1', '2019-09-20 03:26:35', '2019-09-20 03:26:35'),
(4, 36, 'Jailendra', 'Rajawat', '8006009195', 'jailedrarajawat@virtualemployee.com', '1989-01-01', '8 prospect st', 'MA', 'Topsfield', '01983', '4111111111111111', '02', '20', '123', '0000', NULL, NULL, '1', '2019-11-17 21:10:33', '2019-11-17 21:10:33'),
(5, 38, 'Monday', 'Monday', '8006009195', 'monday@email.com', '1992-01-01', '8 prospect st', 'MA', 'Topsfield', '01983', '4111111111111111', '02', '20', '123', '4525', NULL, NULL, '1', '2019-11-17 22:37:19', '2019-11-17 22:37:19'),
(6, 39, 'Datacuda', 'Datacuda', '8006009195', 'datacuda@email.com', '1989-01-01', '8 prospect st', 'MA', 'Topsfield', '01983', '4111111111111111', '02', '20', '123', '4524', '000123456789', '110000000', '1', '2019-11-17 23:02:06', '2019-11-18 00:28:21'),
(8, 41, 'Jailuds', 'Raj', '8006009195', 'jailu@email.com', '1994-01-01', '8 prospect st', 'MA', 'Topsfield', '01983', NULL, NULL, NULL, NULL, '2016', '000123456789', '110000000', '1', '2019-11-18 01:06:42', '2019-11-19 00:03:25'),
(9, 42, 'P', 'P', '5865856956', 'p@email.com', '1990-01-01', '8 prospect st', 'MA', 'Topsfield', '01983', NULL, NULL, NULL, NULL, '4524', '000123456789', '110000000', '1', '2019-11-19 00:06:24', '2019-11-19 00:06:24'),
(10, 43, 'Jaiendr', 'Rajawat', '8006009195', 'jailendrarajawat@virtualemployee.com', '1994-12-02', '8 prospect st', 'MA', 'Topsfield', '01983', NULL, NULL, NULL, NULL, '2111', '000123456789', '110000000', '1', '2019-11-20 00:01:02', '2019-11-20 00:02:48'),
(11, 44, 'Jaiendra', 'Rajawat', '8006009195', 'jailendrarajawat@virtualemployee.com', '1994-11-02', '8 prospect st', 'MA', 'Topsfield', '01983', NULL, NULL, NULL, NULL, '2151', '000123456789', '110000000', '1', '2019-11-21 02:04:57', '2019-11-21 02:04:57'),
(12, 45, 'Jailendra', 'Rajaway', '9891756790', 'jailedrarajawat@virtualemployee.com', '1998-01-01', 'Noida', 'MA', 'Noida', '6000', NULL, NULL, NULL, NULL, '4524', '000123456789', '110000000', '1', '2019-12-05 19:35:35', '2019-12-05 19:35:35'),
(13, 49, 'Jailendra', 'Rajaway', '9891756790', 'jailedrarajawat@virtualemployee.com', '1994-11-02', 'Noida', 'WA', 'Noida', '6000', NULL, NULL, NULL, NULL, '4524', '000123456789', '110000000', '1', '2019-12-05 22:40:56', '2019-12-05 22:40:56'),
(14, 51, 'Jailendra', 'Rajaway', '9891756790', 'jailedrarajawat@virtualemployee.com', '1994-01-21', 'Noida', 'WA', 'Noida', '201301', NULL, NULL, NULL, NULL, '3234', '000123456789', '110000000', '1', '2020-01-13 00:35:22', '2020-01-13 00:35:22'),
(18, 52, 'Amit', 'Eight', '8006009195', 'j@email.com', '1994-01-21', '8 prospect st', 'MA', 'Topsfield', '01983', NULL, NULL, NULL, NULL, '4524', '000123456789', '110000000', '1', '2020-01-14 00:24:21', '2020-01-14 00:29:34'),
(19, 55, 'Jailendra', 'Rajaway', '9891756790', 'jailedrarajawat@virtualemployee.com', '1994-01-21', 'Noida', 'WA', 'Noida', '6000', NULL, NULL, NULL, NULL, '4524', '000123456789', '110000000', '1', '2020-02-06 22:32:36', '2020-02-06 22:32:36');

-- --------------------------------------------------------

--
-- Table structure for table `client_project`
--

CREATE TABLE `client_project` (
  `id` int(10) UNSIGNED NOT NULL,
  `user_id` varchar(191) COLLATE utf8mb4_unicode_ci NOT NULL,
  `project_name` varchar(191) COLLATE utf8mb4_unicode_ci NOT NULL,
  `password` varchar(191) COLLATE utf8mb4_unicode_ci NOT NULL,
  `type` varchar(191) COLLATE utf8mb4_unicode_ci NOT NULL,
  `created_at` timestamp NULL DEFAULT NULL,
  `updated_at` timestamp NULL DEFAULT NULL
) ENGINE=InnoDB DEFAULT CHARSET=utf8mb4 COLLATE=utf8mb4_unicode_ci;

-- --------------------------------------------------------

--
-- Table structure for table `company_profile`
--

CREATE TABLE `company_profile` (
  `id` int(10) UNSIGNED NOT NULL,
  `user_id` int(11) NOT NULL,
  `ssn` varchar(30) COLLATE utf8mb4_unicode_ci DEFAULT NULL,
  `company_name` varchar(191) COLLATE utf8mb4_unicode_ci DEFAULT NULL,
  `company_address` varchar(191) COLLATE utf8mb4_unicode_ci DEFAULT NULL,
  `company_city` varchar(191) COLLATE utf8mb4_unicode_ci DEFAULT NULL,
  `company_state` varchar(191) COLLATE utf8mb4_unicode_ci DEFAULT NULL,
  `company_zip` varchar(191) COLLATE utf8mb4_unicode_ci DEFAULT NULL,
  `company_country` varchar(191) COLLATE utf8mb4_unicode_ci DEFAULT NULL,
  `payment_type` varchar(191) COLLATE utf8mb4_unicode_ci DEFAULT NULL,
  `company_phone_buss` varchar(191) COLLATE utf8mb4_unicode_ci DEFAULT NULL,
  `company_mobile_buss` varchar(150) COLLATE utf8mb4_unicode_ci DEFAULT NULL,
  `company_phone_fax` varchar(191) COLLATE utf8mb4_unicode_ci DEFAULT NULL,
  `company_business_email` varchar(191) COLLATE utf8mb4_unicode_ci DEFAULT NULL,
  `company_website` varchar(191) COLLATE utf8mb4_unicode_ci DEFAULT NULL,
  `company_currency` varchar(191) COLLATE utf8mb4_unicode_ci DEFAULT NULL,
  `company_logo` varchar(191) COLLATE utf8mb4_unicode_ci DEFAULT NULL,
  `other_image` varchar(191) COLLATE utf8mb4_unicode_ci DEFAULT NULL,
  `company_join_date` datetime DEFAULT NULL,
  `created_at` timestamp NULL DEFAULT NULL,
  `updated_at` timestamp NULL DEFAULT NULL
) ENGINE=InnoDB DEFAULT CHARSET=utf8mb4 COLLATE=utf8mb4_unicode_ci;

--
-- Dumping data for table `company_profile`
--

INSERT INTO `company_profile` (`id`, `user_id`, `ssn`, `company_name`, `company_address`, `company_city`, `company_state`, `company_zip`, `company_country`, `payment_type`, `company_phone_buss`, `company_mobile_buss`, `company_phone_fax`, `company_business_email`, `company_website`, `company_currency`, `company_logo`, `other_image`, `company_join_date`, `created_at`, `updated_at`) VALUES
(1, 45, NULL, 'Virtual Employee', 'NSEZ', 'Noida', '1662', 'kjnkjnkjnkjnjk', '96', NULL, 'knlkjnkjnkjnkjnlj', '8006009195', '012', 'jailendrarajawat@virtualemployee.com', 'www.virtualemployee.com', NULL, 'logo6721.png', 'other6940.png', NULL, NULL, '2019-11-28 03:38:26'),
(2, 46, NULL, NULL, NULL, NULL, NULL, NULL, NULL, NULL, NULL, NULL, NULL, NULL, NULL, NULL, NULL, NULL, NULL, NULL, NULL),
(3, 47, NULL, NULL, NULL, NULL, NULL, NULL, NULL, NULL, NULL, NULL, NULL, NULL, NULL, NULL, NULL, NULL, NULL, NULL, NULL),
(4, 48, NULL, NULL, NULL, NULL, NULL, NULL, NULL, NULL, NULL, NULL, NULL, NULL, NULL, NULL, NULL, NULL, NULL, NULL, NULL),
(5, 49, NULL, NULL, NULL, NULL, NULL, NULL, NULL, NULL, NULL, NULL, NULL, NULL, NULL, NULL, NULL, NULL, NULL, NULL, NULL),
(6, 50, NULL, NULL, NULL, NULL, NULL, NULL, NULL, NULL, NULL, NULL, NULL, NULL, NULL, NULL, NULL, NULL, NULL, NULL, NULL),
(7, 51, NULL, NULL, NULL, NULL, NULL, NULL, NULL, NULL, NULL, NULL, NULL, NULL, NULL, NULL, NULL, NULL, NULL, NULL, NULL),
(8, 52, NULL, NULL, NULL, NULL, NULL, NULL, NULL, NULL, NULL, NULL, NULL, NULL, NULL, NULL, NULL, NULL, NULL, NULL, NULL),
(9, 53, NULL, NULL, NULL, NULL, NULL, NULL, NULL, NULL, NULL, NULL, NULL, NULL, NULL, NULL, NULL, NULL, NULL, NULL, NULL),
(10, 54, NULL, NULL, NULL, NULL, NULL, NULL, NULL, NULL, NULL, NULL, NULL, NULL, NULL, NULL, NULL, NULL, NULL, NULL, NULL),
(11, 55, NULL, NULL, NULL, NULL, NULL, NULL, NULL, NULL, NULL, NULL, NULL, NULL, NULL, NULL, NULL, NULL, NULL, NULL, NULL),
(12, 56, NULL, NULL, NULL, NULL, NULL, NULL, NULL, NULL, NULL, NULL, NULL, NULL, NULL, NULL, NULL, NULL, NULL, NULL, NULL),
(13, 57, NULL, NULL, NULL, NULL, NULL, NULL, NULL, NULL, NULL, NULL, NULL, NULL, NULL, NULL, NULL, NULL, NULL, NULL, NULL),
(14, 58, NULL, NULL, NULL, NULL, NULL, NULL, NULL, NULL, NULL, NULL, NULL, NULL, NULL, NULL, NULL, NULL, NULL, NULL, NULL),
(15, 59, NULL, NULL, NULL, NULL, NULL, NULL, NULL, NULL, NULL, NULL, NULL, NULL, NULL, NULL, NULL, NULL, NULL, NULL, NULL),
(16, 60, NULL, NULL, NULL, NULL, NULL, NULL, NULL, NULL, NULL, NULL, NULL, NULL, NULL, NULL, NULL, NULL, NULL, NULL, NULL),
(17, 61, NULL, NULL, NULL, NULL, NULL, NULL, NULL, NULL, NULL, NULL, NULL, NULL, NULL, NULL, NULL, NULL, NULL, NULL, NULL),
(18, 62, NULL, NULL, NULL, NULL, NULL, NULL, NULL, NULL, NULL, NULL, NULL, NULL, NULL, NULL, NULL, NULL, NULL, NULL, NULL),
(19, 63, NULL, NULL, NULL, NULL, NULL, NULL, NULL, NULL, NULL, NULL, NULL, NULL, NULL, NULL, NULL, NULL, NULL, NULL, NULL),
(20, 64, NULL, NULL, NULL, NULL, NULL, NULL, NULL, NULL, NULL, NULL, NULL, NULL, NULL, NULL, NULL, NULL, NULL, NULL, NULL),
(21, 65, NULL, NULL, NULL, NULL, NULL, NULL, NULL, NULL, NULL, NULL, NULL, NULL, NULL, NULL, NULL, NULL, NULL, NULL, NULL),
(22, 66, NULL, NULL, NULL, NULL, NULL, NULL, NULL, NULL, NULL, NULL, NULL, NULL, NULL, NULL, NULL, NULL, NULL, NULL, NULL),
(23, 67, NULL, NULL, NULL, NULL, NULL, NULL, NULL, NULL, NULL, NULL, NULL, NULL, NULL, NULL, NULL, NULL, NULL, NULL, NULL),
(24, 68, NULL, NULL, NULL, NULL, NULL, NULL, NULL, NULL, NULL, NULL, NULL, NULL, NULL, NULL, NULL, NULL, NULL, NULL, NULL),
(25, 69, NULL, NULL, NULL, NULL, NULL, NULL, NULL, NULL, NULL, NULL, NULL, NULL, NULL, NULL, NULL, NULL, NULL, NULL, NULL),
(26, 70, NULL, NULL, NULL, NULL, NULL, NULL, NULL, NULL, NULL, NULL, NULL, NULL, NULL, NULL, NULL, NULL, NULL, NULL, NULL),
(27, 74, NULL, NULL, NULL, NULL, NULL, NULL, NULL, NULL, NULL, NULL, NULL, NULL, NULL, NULL, NULL, NULL, NULL, NULL, NULL),
(28, 75, NULL, NULL, NULL, NULL, NULL, NULL, NULL, NULL, NULL, NULL, NULL, NULL, NULL, NULL, NULL, NULL, NULL, NULL, NULL),
(29, 76, NULL, NULL, NULL, NULL, NULL, NULL, NULL, NULL, NULL, NULL, NULL, NULL, NULL, NULL, NULL, NULL, NULL, NULL, NULL),
(30, 77, NULL, NULL, NULL, NULL, NULL, NULL, NULL, NULL, NULL, NULL, NULL, NULL, NULL, NULL, NULL, NULL, NULL, NULL, NULL),
(31, 78, NULL, NULL, NULL, NULL, NULL, NULL, NULL, NULL, NULL, NULL, NULL, NULL, NULL, NULL, NULL, NULL, NULL, NULL, NULL),
(32, 79, NULL, NULL, NULL, NULL, NULL, NULL, NULL, NULL, NULL, NULL, NULL, NULL, NULL, NULL, NULL, NULL, NULL, NULL, NULL),
(33, 80, NULL, NULL, NULL, NULL, NULL, NULL, NULL, NULL, NULL, NULL, NULL, NULL, NULL, NULL, NULL, NULL, NULL, NULL, NULL),
(34, 81, NULL, NULL, NULL, NULL, NULL, NULL, NULL, NULL, NULL, NULL, NULL, NULL, NULL, NULL, NULL, NULL, NULL, NULL, NULL),
(35, 82, NULL, NULL, NULL, NULL, NULL, NULL, NULL, NULL, NULL, NULL, NULL, NULL, NULL, NULL, NULL, NULL, NULL, NULL, NULL),
(36, 83, NULL, NULL, NULL, NULL, NULL, NULL, NULL, NULL, NULL, NULL, NULL, NULL, NULL, NULL, NULL, NULL, NULL, NULL, NULL),
(37, 84, NULL, NULL, NULL, NULL, NULL, NULL, NULL, NULL, NULL, NULL, NULL, NULL, NULL, NULL, NULL, NULL, NULL, NULL, NULL),
(38, 85, NULL, NULL, NULL, NULL, NULL, NULL, NULL, NULL, NULL, NULL, NULL, NULL, NULL, NULL, NULL, NULL, NULL, NULL, NULL),
(39, 86, NULL, 'NA', '1305 E 24 HWY', 'Independence', 'null', '64050', NULL, NULL, '8162177324', NULL, NULL, 'mullinco22@yahoo.com', NULL, NULL, 'logo.jpg', NULL, NULL, NULL, '2022-02-13 22:21:07');

-- --------------------------------------------------------

--
-- Table structure for table `contacts`
--

CREATE TABLE `contacts` (
  `id` int(10) UNSIGNED NOT NULL,
  `first` varchar(100) COLLATE utf8mb4_unicode_ci NOT NULL,
  `last` varchar(100) COLLATE utf8mb4_unicode_ci NOT NULL,
  `email` varchar(100) COLLATE utf8mb4_unicode_ci NOT NULL,
  `phone` varchar(100) COLLATE utf8mb4_unicode_ci NOT NULL,
  `organization` varchar(100) COLLATE utf8mb4_unicode_ci NOT NULL,
  `companysize` varchar(100) COLLATE utf8mb4_unicode_ci NOT NULL,
  `description` longtext COLLATE utf8mb4_unicode_ci NOT NULL,
  `created_at` timestamp NULL DEFAULT NULL,
  `updated_at` timestamp NULL DEFAULT NULL
) ENGINE=InnoDB DEFAULT CHARSET=utf8mb4 COLLATE=utf8mb4_unicode_ci;

-- --------------------------------------------------------

--
-- Table structure for table `countries`
--

CREATE TABLE `countries` (
  `id` smallint(5) UNSIGNED NOT NULL,
  `name` varchar(255) NOT NULL,
  `code` varchar(10) NOT NULL
) ENGINE=InnoDB DEFAULT CHARSET=latin1;

--
-- Dumping data for table `countries`
--

INSERT INTO `countries` (`id`, `name`, `code`) VALUES
(1, 'Andorra', 'ad'),
(2, 'United Arab Emirates', 'ae'),
(3, 'Afghanistan', 'af'),
(4, 'Antigua and Barbuda', 'ag'),
(5, 'Anguilla', 'ai'),
(6, 'Albania', 'al'),
(7, 'Armenia', 'am'),
(8, 'Netherlands Antilles', 'an'),
(9, 'Angola', 'ao'),
(10, 'Argentina', 'ar'),
(11, 'Austria', 'at'),
(12, 'Australia', 'au'),
(13, 'Aruba', 'aw'),
(14, 'Azerbaijan', 'az'),
(15, 'Bosnia and Herzegovina', 'ba'),
(16, 'Barbados', 'bb'),
(17, 'Bangladesh', 'bd'),
(18, 'Belgium', 'be'),
(19, 'Burkina Faso', 'bf'),
(20, 'Bulgaria', 'bg'),
(21, 'Bahrain', 'bh'),
(22, 'Burundi', 'bi'),
(23, 'Benin', 'bj'),
(24, 'Bermuda', 'bm'),
(25, 'Brunei Darussalam', 'bn'),
(26, 'Bolivia', 'bo'),
(27, 'Brazil', 'br'),
(28, 'Bahamas', 'bs'),
(29, 'Bhutan', 'bt'),
(30, 'Botswana', 'bw'),
(31, 'Belarus', 'by'),
(32, 'Belize', 'bz'),
(33, 'Canada', 'ca'),
(34, 'Cocos (Keeling) Islands', 'cc'),
(35, 'Democratic Republic of the Congo', 'cd'),
(36, 'Central African Republic', 'cf'),
(37, 'Congo', 'cg'),
(38, 'Switzerland', 'ch'),
(39, 'Cote D\'Ivoire (Ivory Coast)', 'ci'),
(40, 'Cook Islands', 'ck'),
(41, 'Chile', 'cl'),
(42, 'Cameroon', 'cm'),
(43, 'China', 'cn'),
(44, 'Colombia', 'co'),
(45, 'Costa Rica', 'cr'),
(46, 'Cuba', 'cu'),
(47, 'Cape Verde', 'cv'),
(48, 'Christmas Island', 'cx'),
(49, 'Cyprus', 'cy'),
(50, 'Czech Republic', 'cz'),
(51, 'Germany', 'de'),
(52, 'Djibouti', 'dj'),
(53, 'Denmark', 'dk'),
(54, 'Dominica', 'dm'),
(55, 'Dominican Republic', 'do'),
(56, 'Algeria', 'dz'),
(57, 'Ecuador', 'ec'),
(58, 'Estonia', 'ee'),
(59, 'Egypt', 'eg'),
(60, 'Western Sahara', 'eh'),
(61, 'Eritrea', 'er'),
(62, 'Spain', 'es'),
(63, 'Ethiopia', 'et'),
(64, 'Finland', 'fi'),
(65, 'Fiji', 'fj'),
(66, 'Falkland Islands (Malvinas)', 'fk'),
(67, 'Federated States of Micronesia', 'fm'),
(68, 'Faroe Islands', 'fo'),
(69, 'France', 'fr'),
(70, 'Gabon', 'ga'),
(71, 'Great Britain (UK)', 'gb'),
(72, 'Grenada', 'gd'),
(73, 'Georgia', 'ge'),
(74, 'French Guiana', 'gf'),
(75, 'NULL', 'gg'),
(76, 'Ghana', 'gh'),
(77, 'Gibraltar', 'gi'),
(78, 'Greenland', 'gl'),
(79, 'Gambia', 'gm'),
(80, 'Guinea', 'gn'),
(81, 'Guadeloupe', 'gp'),
(82, 'Equatorial Guinea', 'gq'),
(83, 'Greece', 'gr'),
(84, 'S. Georgia and S. Sandwich Islands', 'gs'),
(85, 'Guatemala', 'gt'),
(86, 'Guinea-Bissau', 'gw'),
(87, 'Guyana', 'gy'),
(88, 'Hong Kong', 'hk'),
(89, 'Honduras', 'hn'),
(90, 'Croatia (Hrvatska)', 'hr'),
(91, 'Haiti', 'ht'),
(92, 'Hungary', 'hu'),
(93, 'Indonesia', 'id'),
(94, 'Ireland', 'ie'),
(95, 'Israel', 'il'),
(96, 'India', 'in'),
(97, 'Iraq', 'iq'),
(98, 'Iran', 'ir'),
(99, 'Iceland', 'is'),
(100, 'Italy', 'it'),
(101, 'Jamaica', 'jm'),
(102, 'Jordan', 'jo'),
(103, 'Japan', 'jp'),
(104, 'Kenya', 'ke'),
(105, 'Kyrgyzstan', 'kg'),
(106, 'Cambodia', 'kh'),
(107, 'Kiribati', 'ki'),
(108, 'Comoros', 'km'),
(109, 'Saint Kitts and Nevis', 'kn'),
(110, 'Korea (North)', 'kp'),
(111, 'Korea (South)', 'kr'),
(112, 'Kuwait', 'kw'),
(113, 'Cayman Islands', 'ky'),
(114, 'Kazakhstan', 'kz'),
(115, 'Laos', 'la'),
(116, 'Lebanon', 'lb'),
(117, 'Saint Lucia', 'lc'),
(118, 'Liechtenstein', 'li'),
(119, 'Sri Lanka', 'lk'),
(120, 'Liberia', 'lr'),
(121, 'Lesotho', 'ls'),
(122, 'Lithuania', 'lt'),
(123, 'Luxembourg', 'lu'),
(124, 'Latvia', 'lv'),
(125, 'Libya', 'ly'),
(126, 'Morocco', 'ma'),
(127, 'Monaco', 'mc'),
(128, 'Moldova', 'md'),
(129, 'Madagascar', 'mg'),
(130, 'Marshall Islands', 'mh'),
(131, 'Macedonia', 'mk'),
(132, 'Mali', 'ml'),
(133, 'Myanmar', 'mm'),
(134, 'Mongolia', 'mn'),
(135, 'Macao', 'mo'),
(136, 'Northern Mariana Islands', 'mp'),
(137, 'Martinique', 'mq'),
(138, 'Mauritania', 'mr'),
(139, 'Montserrat', 'ms'),
(140, 'Malta', 'mt'),
(141, 'Mauritius', 'mu'),
(142, 'Maldives', 'mv'),
(143, 'Malawi', 'mw'),
(144, 'Mexico', 'mx'),
(145, 'Malaysia', 'my'),
(146, 'Mozambique', 'mz'),
(147, 'Namibia', 'na'),
(148, 'New Caledonia', 'nc'),
(149, 'Niger', 'ne'),
(150, 'Norfolk Island', 'nf'),
(151, 'Nigeria', 'ng'),
(152, 'Nicaragua', 'ni'),
(153, 'Netherlands', 'nl'),
(154, 'Norway', 'no'),
(155, 'Nepal', 'np'),
(156, 'Nauru', 'nr'),
(157, 'Niue', 'nu'),
(158, 'New Zealand (Aotearoa)', 'nz'),
(159, 'Oman', 'om'),
(160, 'Panama', 'pa'),
(161, 'Peru', 'pe'),
(162, 'French Polynesia', 'pf'),
(163, 'Papua New Guinea', 'pg'),
(164, 'Philippines', 'ph'),
(165, 'Pakistan', 'pk'),
(166, 'Poland', 'pl'),
(167, 'Saint Pierre and Miquelon', 'pm'),
(168, 'Pitcairn', 'pn'),
(169, 'Palestinian Territory', 'ps'),
(170, 'Portugal', 'pt'),
(171, 'Palau', 'pw'),
(172, 'Paraguay', 'py'),
(173, 'Qatar', 'qa'),
(174, 'Reunion', 're'),
(175, 'Romania', 'ro'),
(176, 'Russian Federation', 'ru'),
(177, 'Rwanda', 'rw'),
(178, 'Saudi Arabia', 'sa'),
(179, 'Solomon Islands', 'sb'),
(180, 'Seychelles', 'sc'),
(181, 'Sudan', 'sd'),
(182, 'Sweden', 'se'),
(183, 'Singapore', 'sg'),
(184, 'Saint Helena', 'sh'),
(185, 'Slovenia', 'si'),
(186, 'Svalbard and Jan Mayen', 'sj'),
(187, 'Slovakia', 'sk'),
(188, 'Sierra Leone', 'sl'),
(189, 'San Marino', 'sm'),
(190, 'Senegal', 'sn'),
(191, 'Somalia', 'so'),
(192, 'Suriname', 'sr'),
(193, 'Sao Tome and Principe', 'st'),
(194, 'El Salvador', 'sv'),
(195, 'Syria', 'sy'),
(196, 'Swaziland', 'sz'),
(197, 'Turks and Caicos Islands', 'tc'),
(198, 'Chad', 'td'),
(199, 'French Southern Territories', 'tf'),
(200, 'Togo', 'tg'),
(201, 'Thailand', 'th'),
(202, 'Tajikistan', 'tj'),
(203, 'Tokelau', 'tk'),
(204, 'Turkmenistan', 'tm'),
(205, 'Tunisia', 'tn'),
(206, 'Tonga', 'to'),
(207, 'Turkey', 'tr'),
(208, 'Trinidad and Tobago', 'tt'),
(209, 'Tuvalu', 'tv'),
(210, 'Taiwan', 'tw'),
(211, 'Tanzania', 'tz'),
(212, 'Ukraine', 'ua'),
(213, 'Uganda', 'ug'),
(214, 'Uruguay', 'uy'),
(215, 'Uzbekistan', 'uz'),
(216, 'Saint Vincent and the Grenadines', 'vc'),
(217, 'Venezuela', 've'),
(218, 'Virgin Islands (British)', 'vg'),
(219, 'Virgin Islands (U.S.)', 'vi'),
(220, 'Viet Nam', 'vn'),
(221, 'Vanuatu', 'vu'),
(222, 'Wallis and Futuna', 'wf'),
(223, 'Samoa', 'ws'),
(224, 'Yemen', 'ye'),
(225, 'Mayotte', 'yt'),
(226, 'South Africa', 'za'),
(227, 'Zambia', 'zm'),
(228, 'Zaire (former)', 'zr'),
(229, 'Zimbabwe', 'zw'),
(230, 'United States of America', 'us');

-- --------------------------------------------------------

--
-- Table structure for table `extended_subscriptions`
--

CREATE TABLE `extended_subscriptions` (
  `id` int(11) NOT NULL,
  `user_subscription_id` int(10) UNSIGNED DEFAULT NULL,
  `plan_id` int(10) UNSIGNED DEFAULT NULL,
  `storage_quantity` varchar(191) DEFAULT NULL,
  `created_at` timestamp NOT NULL DEFAULT CURRENT_TIMESTAMP ON UPDATE CURRENT_TIMESTAMP,
  `updated_at` timestamp NOT NULL DEFAULT CURRENT_TIMESTAMP,
  `deleted_at` timestamp NULL DEFAULT NULL,
  `amount` float(8,2) DEFAULT NULL
) ENGINE=InnoDB DEFAULT CHARSET=latin1;

--
-- Dumping data for table `extended_subscriptions`
--

INSERT INTO `extended_subscriptions` (`id`, `user_subscription_id`, `plan_id`, `storage_quantity`, `created_at`, `updated_at`, `deleted_at`, `amount`) VALUES
(1, 2, 3, '1', '2019-10-01 00:41:59', '2019-10-01 00:41:59', NULL, NULL),
(2, 2, 3, '1', '2019-10-01 00:44:16', '2019-10-01 00:44:16', NULL, NULL),
(3, 2, 3, '1099511627776', '2019-10-01 00:47:18', '2019-10-01 00:47:18', NULL, NULL),
(4, 6, 3, '1099511627776', '2019-10-01 01:05:28', '2019-10-01 01:05:28', NULL, 6.00),
(5, 10, 3, '1099511627776', '2019-10-01 01:15:36', '2019-10-01 01:15:36', NULL, 6.00),
(6, 11, 3, '1099511627776', '2019-10-01 01:17:39', '2019-10-01 01:17:39', NULL, 6.00);

-- --------------------------------------------------------

--
-- Table structure for table `medias`
--

CREATE TABLE `medias` (
  `id` int(10) UNSIGNED NOT NULL,
  `media_type` varchar(50) COLLATE utf8mb4_unicode_ci NOT NULL,
  `access` tinyint(4) NOT NULL DEFAULT '0',
  `title` varchar(255) COLLATE utf8mb4_unicode_ci DEFAULT NULL,
  `filename` varchar(255) COLLATE utf8mb4_unicode_ci NOT NULL,
  `ext` varchar(10) COLLATE utf8mb4_unicode_ci NOT NULL,
  `amount` float DEFAULT '0',
  `img_360` enum('0','1') COLLATE utf8mb4_unicode_ci NOT NULL DEFAULT '0',
  `status` tinyint(4) NOT NULL DEFAULT '1',
  `size` varchar(255) COLLATE utf8mb4_unicode_ci NOT NULL,
  `created_by` int(11) DEFAULT NULL,
  `updated_by` int(11) DEFAULT NULL,
  `deleted_at` timestamp NULL DEFAULT NULL,
  `deleted_by` int(11) DEFAULT NULL,
  `created_at` timestamp NULL DEFAULT NULL,
  `updated_at` timestamp NULL DEFAULT NULL,
  `is_cover` int(11) NOT NULL DEFAULT '0'
) ENGINE=InnoDB DEFAULT CHARSET=utf8mb4 COLLATE=utf8mb4_unicode_ci;

--
-- Dumping data for table `medias`
--

INSERT INTO `medias` (`id`, `media_type`, `access`, `title`, `filename`, `ext`, `amount`, `img_360`, `status`, `size`, `created_by`, `updated_by`, `deleted_at`, `deleted_by`, `created_at`, `updated_at`, `is_cover`) VALUES
(1, 'image', 0, 'butterfly-image-wallpaper-d.jpg', '19_09_19_07_18_57butterfly-image-wallpaper-d.jpg', 'jpg', NULL, '0', 0, '554624', NULL, NULL, NULL, NULL, NULL, '2019-09-26 00:36:21', 0),
(2, 'image', 0, 'butterfly-image-wallpaper-d.jpg', '19_09_19_08_45_20butterfly-image-wallpaper-d.jpg', 'jpg', NULL, '0', 1, '554624', NULL, NULL, NULL, NULL, NULL, NULL, 0),
(3, 'image', 0, 'butterfly-image-wallpaper-d.jpg', '20_09_19_03_09_50butterfly-image-wallpaper-d.jpg', 'jpg', NULL, '0', 1, '554624', NULL, NULL, NULL, NULL, NULL, NULL, 0),
(4, 'image', 0, 'hdwp693968124.jpg', '20_09_19_03_09_59hdwp693968124.jpg', 'jpg', NULL, '0', 1, '2468729', NULL, NULL, NULL, NULL, NULL, NULL, 0),
(5, 'image', 0, 'butterfly-image-wallpaper-d.jpg', '20_09_19_03_19_24butterfly-image-wallpaper-d.jpg', 'jpg', NULL, '0', 1, '554624', NULL, NULL, NULL, NULL, NULL, NULL, 0),
(6, 'image', 0, 'butterfly-image-wallpaper-d.jpg', '25_09_19_09_26_46butterfly-image-wallpaper-d.jpg', 'jpg', NULL, '0', 1, '554624', NULL, NULL, NULL, NULL, NULL, NULL, 0),
(7, 'image', 0, 'butterfly-image-wallpaper-d.jpg', '26_09_19_06_09_02butterfly-image-wallpaper-d.jpg', 'jpg', NULL, '0', 1, '554624', NULL, NULL, NULL, NULL, NULL, NULL, 0),
(8, 'image', 0, '663762.jpg', '27_09_19_08_40_53663762.jpg', 'jpg', NULL, '0', 0, '1463217', NULL, NULL, NULL, NULL, NULL, '2019-10-17 01:51:41', 0),
(9, 'image', 0, '663762.jpg', '27_09_19_08_41_13663762.jpg', 'jpg', NULL, '0', 0, '1463217', NULL, NULL, NULL, NULL, NULL, '2019-10-17 01:51:37', 0),
(10, 'image', 0, '663762.jpg', '27_09_19_08_43_02663762.jpg', 'jpg', NULL, '0', 0, '1463217', NULL, NULL, NULL, NULL, NULL, '2019-10-17 01:51:36', 0),
(11, 'image', 0, '663762.jpg', '30_09_19_02_03_11663762.jpg', 'jpg', NULL, '0', 1, '1463217', NULL, NULL, NULL, NULL, NULL, NULL, 0),
(12, 'image', 0, '663762.jpg', '01_10_19_07_01_55663762.jpg', 'jpg', NULL, '0', 1, '1463217', NULL, NULL, NULL, NULL, NULL, NULL, 0),
(13, 'image', 0, '663762.jpg', '01_10_19_07_03_36663762.jpg', 'jpg', NULL, '0', 1, '1463217', NULL, NULL, NULL, NULL, NULL, NULL, 0),
(14, 'image', 0, '17241-200.png', '01_10_19_09_40_0017241-200.png', 'png', NULL, '0', 0, '5281', NULL, NULL, NULL, NULL, NULL, '2019-10-16 04:05:52', 0),
(15, 'image', 0, 'butterfly-image-wallpaper-d.jpg', '17_10_19_07_31_25butterfly-image-wallpaper-d.jpg', 'jpg', NULL, '0', 0, '554624', NULL, NULL, NULL, NULL, NULL, '2019-10-17 03:23:55', 0),
(16, 'image', 0, '<font color=\"#222222\" face=\"dejavu sans mono, monospace\"><span style=\"font-size: 11px; font-weight: 400; white-space: pre-wrap; background-color: rgb(255, 255, 255);\">adsdsd</span></font>.jpg', '17_10_19_08_58_03butterfly-image-wallpaper-d.jpg', 'jpg', NULL, '0', 0, '554624', NULL, NULL, NULL, NULL, NULL, '2019-10-21 03:23:53', 0),
(17, 'image', 0, 'butterfly-image-wallpaper-d.jpg', '21_10_19_08_53_57butterfly-image-wallpaper-d.jpg', 'jpg', NULL, '0', 1, '554624', NULL, NULL, NULL, NULL, NULL, NULL, 0),
(18, 'image', 0, 'butterfly-image-wallpaper-d.jpg', '21_10_19_09_03_50butterfly-image-wallpaper-d.jpg', 'jpg', NULL, '0', 1, '554624', NULL, NULL, NULL, NULL, NULL, NULL, 0),
(19, 'image', 0, 'background-images-can-come-in-handy-when-modeling-tian-ooi-all3dp-181228.jpg', '21_10_19_09_05_55background-images-can-come-in-handy-when-modeling-tian-ooi-all3dp-181228.jpg', 'jpg', NULL, '0', 1, '136360', NULL, NULL, NULL, NULL, NULL, NULL, 0),
(20, 'image', 0, 'butterfly-image-wallpaper-d.jpg', '21_10_19_09_06_00butterfly-image-wallpaper-d.jpg', 'jpg', NULL, '0', 1, '554624', NULL, NULL, NULL, NULL, NULL, NULL, 0),
(21, 'image', 0, 'videoplayback.mp4', '21_10_19_09_09_1629002591.mp4', 'mp4', NULL, '0', 0, '1166458', NULL, NULL, NULL, NULL, NULL, '2019-10-25 04:30:16', 0),
(22, 'image', 0, 'part-2.pdf', '25_10_19_09_47_40part-2.pdf', 'pdf', NULL, '0', 0, '290464', NULL, NULL, NULL, NULL, NULL, '2019-10-25 04:30:06', 0),
(23, 'image', 0, 'part-2.pdf', '25_10_19_09_51_42part-2.pdf', 'pdf', NULL, '0', 0, '290464', NULL, NULL, NULL, NULL, NULL, '2019-10-25 04:30:03', 0),
(24, 'image', 0, 'JCUK customers Example (1).csv', '25_10_19_09_55_15JCUK-customers-Example-1.csv', 'csv', NULL, '0', 0, '16201', NULL, NULL, NULL, NULL, NULL, '2019-10-25 04:30:01', 0),
(25, 'image', 0, 'JCUK customers Example (1).csv', '25_10_19_09_55_26JCUK-customers-Example-1.csv', 'csv', NULL, '0', 0, '16201', NULL, NULL, NULL, NULL, NULL, '2019-10-25 04:30:00', 0),
(26, 'image', 0, 'part-2.pdf', '25_10_19_09_55_26part-2.pdf', 'pdf', NULL, '0', 0, '290464', NULL, NULL, NULL, NULL, NULL, '2019-10-25 04:29:59', 0),
(27, 'image', 0, 'part-2.pdf', '25_10_19_10_03_06part-2.pdf', 'pdf', NULL, '0', 0, '290464', NULL, NULL, NULL, NULL, NULL, '2019-10-25 04:36:29', 0),
(28, 'image', 0, 'part-2.pdf', '25_10_19_10_06_48part-2.pdf', 'pdf', NULL, '0', 1, '290464', NULL, NULL, NULL, NULL, NULL, NULL, 0),
(29, 'image', 0, 'part-2.pdf', '25_10_19_10_15_18part-2.pdf', 'pdf', NULL, '0', 1, '290464', NULL, NULL, NULL, NULL, NULL, NULL, 0),
(30, 'image', 0, 'part-2.pdf', '25_10_19_10_16_23part-2.pdf', 'pdf', NULL, '0', 1, '290464', NULL, NULL, NULL, NULL, NULL, NULL, 0),
(31, 'image', 0, 'part-2.pdf', '29_10_19_07_17_15part-2.pdf', 'pdf', NULL, '0', 1, '290464', NULL, NULL, NULL, NULL, NULL, NULL, 0),
(32, 'image', 0, 'jpegsystems-home.JPG', '29_10_19_08_32_21jpegsystems-home.JPG', 'jpg', NULL, '0', 0, '85747', NULL, NULL, NULL, NULL, NULL, '2019-10-29 03:06:24', 0),
(33, 'image', 0, 'jpegsystems-home (1).jpg', '29_10_19_08_34_31jpegsystems-home-1.jpg', 'jpg', NULL, '0', 0, '85747', NULL, NULL, NULL, NULL, NULL, '2019-10-29 03:09:20', 0),
(34, 'image', 0, 'Salgadeira_extension.JPEG', '29_10_19_08_36_19Salgadeira_extension.JPEG', 'jpeg', NULL, '0', 0, '136020', NULL, NULL, NULL, NULL, NULL, '2019-10-29 03:06:22', 0),
(35, 'image', 0, 'jpegsystems-home.jpg', '29_10_19_08_36_41jpegsystems-home.jpg', 'jpg', NULL, '0', 0, '85747', NULL, NULL, NULL, NULL, NULL, '2019-10-29 03:09:19', 0),
(36, 'image', 0, 'Salgadeira_extension.JPEG', '29_10_19_08_36_46Salgadeira_extension.JPEG', 'jpeg', NULL, '0', 0, '136020', NULL, NULL, NULL, NULL, NULL, '2019-10-29 03:09:18', 0),
(37, 'image', 0, 'jpegsystems-home.jpg', '29_10_19_08_38_40jpegsystems-home.jpg', 'jpg', NULL, '0', 0, '85747', NULL, NULL, NULL, NULL, NULL, '2019-10-29 03:09:18', 0),
(38, 'image', 0, 'a.JPG', '29_10_19_08_39_30a.JPG', 'jpg', NULL, '0', 0, '85747', NULL, NULL, NULL, NULL, NULL, '2019-10-29 03:09:37', 0),
(39, 'image', 0, 'jpegsystems-home (1).jpg', '29_10_19_09_10_39jpegsystems-home-1.jpg', 'jpg', NULL, '0', 1, '85747', NULL, NULL, NULL, NULL, NULL, NULL, 0),
(40, 'image', 0, 'Selection_022.png', '06_11_19_02_31_00Selection_022.png', 'png', NULL, '0', 1, '163642', NULL, NULL, NULL, NULL, NULL, NULL, 0),
(41, 'image', 0, 'Selection_021.png', '06_11_19_02_31_09Selection_021.png', 'png', NULL, '0', 1, '175297', NULL, NULL, NULL, NULL, NULL, NULL, 0),
(42, 'image', 0, 'Selection_021.png', '06_11_19_02_41_45Selection_021.png', 'png', NULL, '0', 1, '175297', NULL, NULL, NULL, NULL, NULL, NULL, 0),
(43, 'image', 0, 'Selection_021.png', '06_11_19_03_03_43Selection_021.png', 'png', NULL, '0', 1, '175297', NULL, NULL, NULL, NULL, NULL, NULL, 0),
(44, 'image', 0, 'Selection_022.png', '06_11_19_03_03_52Selection_022.png', 'png', NULL, '0', 1, '163642', NULL, NULL, NULL, NULL, NULL, NULL, 0),
(45, 'image', 0, 'Selection_021.png', '06_11_19_03_04_01Selection_021.png', 'png', NULL, '0', 1, '175297', NULL, NULL, NULL, NULL, NULL, NULL, 0),
(46, 'image', 0, 'Selection_021.png', '06_11_19_04_09_44Selection_021.png', 'png', NULL, '0', 0, '175297', NULL, NULL, NULL, NULL, NULL, '2019-11-06 00:41:03', 0),
(47, 'image', 0, 'Selection_022.png', '06_11_19_04_23_37Selection_022.png', 'png', NULL, '0', 0, '163642', NULL, NULL, NULL, NULL, NULL, '2019-11-06 00:41:07', 0),
(48, 'image', 0, 'Selection_021.png', '06_11_19_06_10_52Selection_021.png', 'png', NULL, '0', 0, '175297', NULL, NULL, NULL, NULL, NULL, '2019-11-06 00:41:02', 0),
(49, 'image', 0, 'ACS-LOGO.png', '06_11_19_07_25_11ACS-LOGO.png', 'png', NULL, '0', 1, '4515', NULL, NULL, NULL, NULL, NULL, NULL, 0),
(50, 'image', 0, 'flowers.png', '07_11_19_04_10_31flowers.png', 'png', NULL, '0', 0, '7927', NULL, NULL, NULL, NULL, NULL, '2019-11-06 22:45:07', 0),
(51, 'image', 0, 'ascii-kyle_mcdonald-100744916-large.jpg', '07_11_19_04_18_55ascii-kyle_mcdonald-100744916-large.jpg', 'jpg', NULL, '0', 0, '319399', NULL, NULL, NULL, NULL, NULL, '2019-11-06 22:49:29', 0),
(52, 'image', 0, 'flowers.png', '07_11_19_04_27_02flowers.png', 'png', NULL, '0', 0, '7927', NULL, NULL, NULL, NULL, NULL, '2019-11-06 23:00:51', 0),
(53, 'image', 0, 'ascii-kyle_mcdonald-100744916-large.jpg', '07_11_19_04_32_46ascii-kyle_mcdonald-100744916-large.jpg', 'jpg', NULL, '0', 0, '319399', NULL, NULL, NULL, NULL, NULL, '2019-11-06 23:18:00', 0),
(54, 'image', 0, 'ACS-LOGO.png', '07_11_19_05_00_58ACS-LOGO.png', 'png', NULL, '0', 0, '4515', NULL, NULL, NULL, NULL, NULL, '2019-11-06 23:36:21', 0),
(55, 'image', 0, 'headerLogo.gif', '07_11_19_05_15_06headerLogo.gif', 'gif', NULL, '0', 0, '5132', NULL, NULL, NULL, NULL, NULL, '2019-11-06 23:48:20', 0),
(56, 'image', 0, 'ACS-LOGO.png', '07_11_19_05_21_19ACS-LOGO.png', 'png', NULL, '0', 0, '4515', NULL, NULL, NULL, NULL, NULL, '2019-11-07 00:01:21', 0),
(57, 'image', 0, 'ascii-kyle_mcdonald-100744916-large.jpg', '07_11_19_06_05_43ascii-kyle_mcdonald-100744916-large.jpg', 'jpg', NULL, '0', 1, '319399', NULL, NULL, NULL, NULL, NULL, '2019-11-07 20:59:43', 0),
(58, 'image', 0, 'footer-logo.png', '08_11_19_04_51_02footer-logo.png', 'png', NULL, '0', 1, '3294', NULL, NULL, NULL, NULL, NULL, NULL, 0),
(59, 'image', 0, 'ACS-LOGO.png', '08_11_19_07_47_46ACS-LOGO.png', 'png', NULL, '0', 1, '4515', NULL, NULL, NULL, NULL, NULL, NULL, 0),
(60, 'image', 0, 'OpMiniStatement18-10-2019.pdf', '13_11_19_01_21_47OpMiniStatement18-10-2019.pdf', 'pdf', NULL, '0', 1, '35234', NULL, NULL, NULL, NULL, NULL, NULL, 0),
(61, 'image', 0, 'adagio_teas_logo.png', '13_11_19_03_28_18adagio_teas_logo.png', 'png', NULL, '0', 1, '2681', NULL, NULL, NULL, NULL, NULL, NULL, 0),
(62, 'image', 0, 'adagio_teas_logo.png', '13_11_19_03_45_29adagio_teas_logo.png', 'png', NULL, '0', 1, '2681', NULL, NULL, NULL, NULL, NULL, NULL, 0),
(63, 'image', 0, 'logo.gif', '13_11_19_06_08_36logo.gif', 'gif', NULL, '0', 1, '5710', NULL, NULL, NULL, NULL, NULL, NULL, 0),
(64, 'image', 0, 'logo (1).gif', '13_11_19_06_11_15logo-1.gif', 'gif', NULL, '0', 1, '6529', NULL, NULL, NULL, NULL, NULL, NULL, 0),
(65, 'image', 0, 'undercover_tourist_logo_with_leap.svg', '13_11_19_06_26_47undercover_tourist_logo_with_leap.svg', 'svg', NULL, '0', 1, '15726', NULL, NULL, NULL, NULL, NULL, NULL, 0),
(66, 'image', 0, 'undercover_tourist_logo_with_leap.svg', '13_11_19_06_27_10undercover_tourist_logo_with_leap.svg', 'svg', NULL, '0', 1, '15726', NULL, NULL, NULL, NULL, NULL, NULL, 0),
(67, 'image', 0, 'flowers.png', '13_11_19_06_30_59flowers.png', 'png', NULL, '0', 1, '7927', NULL, NULL, NULL, NULL, NULL, NULL, 0),
(68, 'image', 0, 'footer-logo.png', '13_11_19_06_33_06footer-logo.png', 'png', NULL, '0', 1, '3294', NULL, NULL, NULL, NULL, NULL, NULL, 0),
(69, 'image', 0, 'ACS-LOGO.png', '13_11_19_06_56_00ACS-LOGO.png', 'png', NULL, '0', 1, '4515', NULL, NULL, NULL, NULL, NULL, NULL, 0),
(70, 'image', 0, 'ascii-kyle_mcdonald-100744916-large.jpg', '13_11_19_06_59_27ascii-kyle_mcdonald-100744916-large.jpg', 'jpg', NULL, '0', 1, '319399', NULL, NULL, NULL, NULL, NULL, NULL, 0),
(71, 'image', 0, 'headerLogo.gif', '13_11_19_07_12_14headerLogo.gif', 'gif', NULL, '0', 1, '5132', NULL, NULL, NULL, NULL, NULL, NULL, 0),
(72, 'image', 0, 'ACS-LOGO.png', '13_11_19_07_18_17ACS-LOGO.png', 'png', NULL, '0', 1, '4515', NULL, NULL, NULL, NULL, NULL, NULL, 0),
(73, 'image', 0, 'ascii-kyle_mcdonald-100744916-large.jpg', '13_11_19_07_24_23ascii-kyle_mcdonald-100744916-large.jpg', 'jpg', NULL, '0', 1, '319399', NULL, NULL, NULL, NULL, NULL, NULL, 0),
(74, 'image', 0, 'logo (1).gif', '14_11_19_08_07_52logo-1.gif', 'gif', NULL, '0', 1, '6529', NULL, NULL, NULL, NULL, NULL, NULL, 0),
(75, 'image', 0, 'logo (1).gif', '14_11_19_08_09_33logo-1.gif', 'gif', NULL, '0', 1, '6529', NULL, NULL, NULL, NULL, NULL, NULL, 0),
(76, 'image', 0, 'headerLogo.gif', '18_11_19_03_56_05headerLogo.gif', 'gif', NULL, '0', 1, '5132', NULL, NULL, NULL, NULL, NULL, NULL, 0),
(77, 'image', 0, 'logo.gif', '18_11_19_04_22_19logo.gif', 'gif', NULL, '0', 1, '5710', NULL, NULL, NULL, NULL, NULL, NULL, 0),
(78, 'image', 0, 'ACS-LOGO.png', '18_11_19_06_53_47ACS-LOGO.png', 'png', NULL, '0', 1, '4515', NULL, NULL, NULL, NULL, NULL, NULL, 0),
(79, 'image', 0, 'Best Coding Practices (1).pptx', '19_11_19_08_18_25Best-Coding-Practices-1.pptx', 'pptx', NULL, '0', 1, '1117933', NULL, NULL, NULL, NULL, NULL, NULL, 0),
(80, 'image', 0, 'ACS-LOGO.png', '19_11_19_08_36_17ACS-LOGO.png', 'png', NULL, '0', 1, '4515', NULL, NULL, NULL, NULL, NULL, NULL, 0),
(81, 'image', 0, 'flowers.png', '19_11_19_08_43_42flowers.png', 'png', NULL, '0', 1, '7927', NULL, NULL, NULL, NULL, NULL, NULL, 0),
(82, 'image', 0, 'flowers.png', '19_11_19_08_44_57flowers.png', 'png', NULL, '0', 1, '7927', NULL, NULL, NULL, NULL, NULL, NULL, 0),
(83, 'image', 0, 'OpMiniStatement18-10-2019.pdf', '19_11_19_09_05_40OpMiniStatement18-10-2019.pdf', 'pdf', NULL, '0', 1, '35234', NULL, NULL, NULL, NULL, NULL, NULL, 0),
(84, 'image', 0, 'logo-f3df184a856461c1984570eb13ead468.png', '19_11_19_09_05_45logo-f3df184a856461c1984570eb13ead468.png', 'png', NULL, '0', 1, '1462', NULL, NULL, NULL, NULL, NULL, NULL, 0),
(85, 'image', 0, 'headerLogo.gif', '19_11_19_09_05_45headerLogo.gif', 'gif', NULL, '0', 1, '5132', NULL, NULL, NULL, NULL, NULL, NULL, 0),
(86, 'image', 0, 'footer-logo.png', '19_11_19_09_05_46footer-logo.png', 'png', NULL, '0', 1, '3294', NULL, NULL, NULL, NULL, NULL, NULL, 0),
(87, 'image', 0, 'flowers.png', '19_11_19_09_05_46flowers.png', 'png', NULL, '0', 1, '7927', NULL, NULL, NULL, NULL, NULL, NULL, 0),
(88, 'image', 0, 'ascii-kyle_mcdonald-100744916-large.jpg', '19_11_19_09_05_46ascii-kyle_mcdonald-100744916-large.jpg', 'jpg', NULL, '0', 1, '319399', NULL, NULL, NULL, NULL, NULL, NULL, 0),
(89, 'image', 0, 'adagio_teas_logo.png', '19_11_19_09_05_47adagio_teas_logo.png', 'png', NULL, '0', 1, '2681', NULL, NULL, NULL, NULL, NULL, NULL, 0),
(90, 'image', 0, 'ACS-LOGO.png', '19_11_19_09_05_47ACS-LOGO.png', 'png', NULL, '0', 1, '4515', NULL, NULL, NULL, NULL, NULL, NULL, 0),
(91, 'image', 0, '1567513193213.JPEG', '19_11_19_09_05_471567513193213.JPEG', 'jpeg', NULL, '0', 0, '60352', NULL, NULL, NULL, NULL, NULL, '2019-11-19 19:35:14', 0),
(92, 'image', 0, 'SampleVideo_1280x720_1mb.mp4', '20_11_19_01_44_541058486374.mp4', 'mp4', NULL, '0', 1, '1055736', NULL, NULL, NULL, NULL, NULL, NULL, 0),
(93, 'image', 0, 'SampleVideo_1280x720_1mb.mp4', '20_11_19_01_48_001919917038.mp4', 'mp4', NULL, '0', 1, '1055736', NULL, NULL, NULL, NULL, NULL, NULL, 0),
(94, 'image', 0, 'SampleVideo_1280x720_1mb.mp4', '20_11_19_01_53_27812350371.mp4', 'mp4', NULL, '0', 1, '1055736', NULL, NULL, NULL, NULL, NULL, NULL, 0),
(95, 'image', 0, 'SampleVideo_1280x720_1mb.mp4', '20_11_19_01_55_30583278937.mp4', 'mp4', 0, '0', 1, '1055736', NULL, NULL, NULL, NULL, NULL, NULL, 0),
(96, 'image', 0, 'SampleVideo_1280x720_1mb.mp4', '20_11_19_02_05_25720603611.mp4', 'mp4', 0, '0', 1, '1055736', NULL, NULL, NULL, NULL, NULL, NULL, 0),
(97, 'image', 0, 'SampleVideo_1280x720_1mb.mp4', '20_11_19_02_06_151713294021.mp4', 'mp4', 0, '0', 1, '1055736', NULL, NULL, NULL, NULL, NULL, NULL, 0),
(98, 'image', 0, 'SampleVideo_1280x720_1mb.mp4', '20_11_19_02_09_20956787763.mp4', 'mp4', NULL, '0', 1, '1055736', NULL, NULL, NULL, NULL, NULL, NULL, 0),
(99, 'image', 0, 'SampleVideo_1280x720_1mb.mp4', '20_11_19_02_11_091487112354.mp4', 'mp4', NULL, '0', 1, '1055736', NULL, NULL, NULL, NULL, NULL, NULL, 0),
(100, 'image', 0, 'SampleVideo_1280x720_1mb.mp4', '20_11_19_02_22_501784752779.mp4', 'mp4', NULL, '0', 1, '1055736', NULL, NULL, NULL, NULL, NULL, NULL, 0),
(101, 'image', 0, 'SampleVideo_1280x720_1mb.mp4', '20_11_19_02_31_581617009324.mp4', 'mp4', NULL, '0', 1, '1055736', NULL, NULL, NULL, NULL, NULL, NULL, 0),
(102, 'image', 0, 'SampleVideo_1280x720_1mb.mp4', '20_11_19_02_32_291555281348.mp4', 'mp4', NULL, '0', 1, '1055736', NULL, NULL, NULL, NULL, NULL, NULL, 0),
(103, 'image', 0, 'SampleVideo_1280x720_1mb.mp4', '20_11_19_02_32_481722341924.mp4', 'mp4', NULL, '0', 1, '1055736', NULL, NULL, NULL, NULL, NULL, NULL, 0),
(104, 'image', 0, 'SampleVideo_1280x720_1mb.mp4', '20_11_19_02_33_282100948474.mp4', 'mp4', NULL, '0', 1, '1055736', NULL, NULL, NULL, NULL, NULL, NULL, 0),
(105, 'image', 0, 'SampleVideo_1280x720_1mb.mp4', '20_11_19_06_07_221376264246.mp4', 'mp4', NULL, '0', 1, '1055736', NULL, NULL, NULL, NULL, NULL, NULL, 0),
(106, 'image', 0, 'SampleVideo_1280x720_1mb.mp4', '20_11_19_06_53_371582871088.mp4', 'mp4', NULL, '0', 1, '1055736', NULL, NULL, NULL, NULL, NULL, NULL, 0),
(107, 'image', 0, 'SampleVideo_1280x720_1mb.mp4', '20_11_19_06_54_191727353578.mp4', 'mp4', NULL, '0', 1, '1055736', NULL, NULL, NULL, NULL, NULL, NULL, 0),
(108, 'image', 0, 'SampleVideo_1280x720_1mb.mp4', '20_11_19_06_55_471682611152.mp4', 'mp4', NULL, '0', 1, '1055736', NULL, NULL, NULL, NULL, NULL, NULL, 0),
(109, 'image', 0, 'SampleVideo_1280x720_1mb.mp4', '20_11_19_06_57_32365012905.mp4', 'mp4', NULL, '0', 1, '1055736', NULL, NULL, NULL, NULL, NULL, NULL, 0),
(110, 'image', 0, 'SampleVideo_1280x720_1mb.mp4', '20_11_19_06_58_35103816660.mp4', 'mp4', NULL, '0', 1, '1055736', NULL, NULL, NULL, NULL, NULL, NULL, 0),
(111, 'image', 0, 'SampleVideo_1280x720_1mb.mp4', '20_11_19_06_58_581068134119.mp4', 'mp4', NULL, '0', 1, '1055736', NULL, NULL, NULL, NULL, NULL, NULL, 0),
(112, 'image', 0, 'SampleVideo_1280x720_1mb.mp4', '20_11_19_07_15_561964777322.mp4', 'mp4', NULL, '0', 1, '1055736', NULL, NULL, NULL, NULL, NULL, NULL, 0),
(113, 'image', 0, 'SampleVideo_1280x720_1mb.mp4', '20_11_19_07_19_52858146527.mp4', 'mp4', NULL, '0', 1, '1055736', NULL, NULL, NULL, NULL, NULL, NULL, 0),
(114, 'image', 0, 'SampleVideo_1280x720_1mb.mp4', '20_11_19_07_20_501743270750.mp4', 'mp4', NULL, '0', 1, '1055736', NULL, NULL, NULL, NULL, NULL, NULL, 0),
(115, 'image', 0, 'SampleVideo_1280x720_1mb.mp4', '20_11_19_07_30_022086143095.mp4', 'mp4', NULL, '0', 1, '1055736', NULL, NULL, NULL, NULL, NULL, NULL, 0),
(116, 'image', 0, 'SampleVideo_1280x720_1mb.mp4', '20_11_19_07_32_48804331759.mp4', 'mp4', NULL, '0', 1, '1055736', NULL, NULL, NULL, NULL, NULL, NULL, 0),
(117, 'image', 0, 'SampleVideo_1280x720_1mb.mp4', '20_11_19_07_40_071523370886.mp4', 'mp4', NULL, '0', 1, '1055736', NULL, NULL, NULL, NULL, NULL, NULL, 0),
(118, 'image', 0, 'SampleVideo_1280x720_1mb.mp4', '20_11_19_07_52_25205486707.mp4', 'mp4', NULL, '0', 1, '1055736', NULL, NULL, NULL, NULL, NULL, NULL, 0),
(119, 'image', 0, 'SampleVideo_1280x720_1mb.mp4', '20_11_19_07_53_16330793272.mp4', 'mp4', NULL, '0', 1, '1055736', NULL, NULL, NULL, NULL, NULL, NULL, 0),
(120, 'image', 0, 'SampleVideo_1280x720_1mb.mp4', '20_11_19_08_28_592137608309.mp4', 'mp4', NULL, '0', 1, '1055736', NULL, NULL, NULL, NULL, NULL, NULL, 0),
(121, 'image', 0, 'SampleVideo_1280x720_1mb.mp4', '20_11_19_08_44_07630025914.mp4', 'mp4', NULL, '0', 1, '1055736', NULL, NULL, NULL, NULL, NULL, NULL, 0),
(122, 'image', 0, 'SampleVideo_1280x720_1mb.mp4', '20_11_19_08_48_491935585289.mp4', 'mp4', NULL, '0', 1, '1055736', NULL, NULL, NULL, NULL, NULL, NULL, 0),
(123, 'image', 0, 'SampleVideo_1280x720_1mb.mp4', '20_11_19_08_49_40418846940.mp4', 'mp4', NULL, '0', 1, '1055736', NULL, NULL, NULL, NULL, NULL, NULL, 0),
(124, 'image', 0, 'SampleVideo_1280x720_1mb.mp4', '20_11_19_09_06_092001257609.mp4', 'mp4', NULL, '0', 1, '1055736', NULL, NULL, NULL, NULL, NULL, NULL, 0),
(125, 'image', 0, 'SampleVideo_1280x720_1mb.mp4', '20_11_19_09_19_011416357751.mp4', 'mp4', NULL, '0', 1, '1055736', NULL, NULL, NULL, NULL, NULL, NULL, 0),
(126, 'image', 0, 'SampleVideo_1280x720_1mb.mp4', '21_11_19_12_58_281778533555.mp4', 'mp4', NULL, '0', 1, '1055736', NULL, NULL, NULL, NULL, NULL, NULL, 0),
(127, 'image', 0, 'SampleVideo_1280x720_1mb.mp4', '21_11_19_12_58_57579014275.mp4', 'mp4', NULL, '0', 1, '1055736', NULL, NULL, NULL, NULL, NULL, NULL, 0),
(128, 'image', 0, 'ACS-LOGO.png', '21_11_19_01_26_10ACS-LOGO.png', 'png', NULL, '0', 1, '4515', NULL, NULL, NULL, NULL, NULL, NULL, 0),
(129, 'image', 0, 'adagio_teas_logo.png', '21_11_19_01_29_12adagio_teas_logo.png', 'png', NULL, '0', 1, '2681', NULL, NULL, NULL, NULL, NULL, NULL, 0),
(130, 'image', 0, 'logo.gif', '21_11_19_01_47_10logo.gif', 'gif', NULL, '0', 1, '5710', NULL, NULL, NULL, NULL, NULL, NULL, 0),
(131, 'image', 0, 'logo (1).gif', '21_11_19_03_54_17logo-1.gif', 'gif', NULL, '0', 1, '6529', NULL, NULL, NULL, NULL, NULL, NULL, 0),
(132, 'image', 0, 'logo.gif', '21_11_19_04_06_20logo.gif', 'gif', NULL, '0', 1, '5710', NULL, NULL, NULL, NULL, NULL, NULL, 0),
(133, 'image', 0, 'logo (1).gif', '21_11_19_04_07_45logo-1.gif', 'gif', NULL, '0', 1, '6529', NULL, NULL, NULL, NULL, NULL, NULL, 0),
(134, 'image', 0, 'ascii-kyle_mcdonald-100744916-large.jpg', '21_11_19_04_08_36ascii-kyle_mcdonald-100744916-large.jpg', 'jpg', NULL, '0', 1, '319399', NULL, NULL, NULL, NULL, NULL, NULL, 0),
(135, 'image', 0, 'logo-f3df184a856461c1984570eb13ead468.png', '21_11_19_04_18_15logo-f3df184a856461c1984570eb13ead468.png', 'png', NULL, '0', 1, '1462', NULL, NULL, NULL, NULL, NULL, NULL, 0),
(136, 'image', 0, 'footer-logo.png', '21_11_19_04_18_38footer-logo.png', 'png', NULL, '0', 1, '3294', NULL, NULL, NULL, NULL, NULL, NULL, 0),
(137, 'image', 0, 'headerLogo.gif', '21_11_19_04_21_53headerLogo.gif', 'gif', NULL, '0', 1, '5132', NULL, NULL, NULL, NULL, NULL, NULL, 0),
(138, 'image', 0, 'Selection_021.png', '21_11_19_04_22_35Selection_021.png', 'png', NULL, '0', 1, '175297', NULL, NULL, NULL, NULL, NULL, NULL, 0),
(139, 'image', 0, 'Selection_021.png', '21_11_19_04_40_38Selection_021.png', 'png', NULL, '0', 1, '175297', NULL, NULL, NULL, NULL, NULL, NULL, 0),
(140, 'image', 0, 'ascii-kyle_mcdonald-100744916-large.jpg', '21_11_19_04_48_01ascii-kyle_mcdonald-100744916-large.jpg', 'jpg', NULL, '0', 1, '319399', NULL, NULL, NULL, NULL, NULL, NULL, 0),
(141, 'image', 0, 'footer-logo.png', '21_11_19_04_54_25footer-logo.png', 'png', NULL, '0', 1, '3294', NULL, NULL, NULL, NULL, NULL, NULL, 0),
(142, 'image', 0, 'flowers.png', '21_11_19_04_55_41flowers.png', 'png', NULL, '0', 1, '7927', NULL, NULL, NULL, NULL, NULL, NULL, 0),
(143, 'image', 0, 'flowers.png', '21_11_19_04_56_33flowers.png', 'png', NULL, '0', 1, '7927', NULL, NULL, NULL, NULL, NULL, NULL, 0),
(144, 'image', 0, 'ascii-kyle_mcdonald-100744916-large.jpg', '21_11_19_04_57_19ascii-kyle_mcdonald-100744916-large.jpg', 'jpg', NULL, '0', 1, '319399', NULL, NULL, NULL, NULL, NULL, NULL, 0),
(145, 'image', 0, 'ACS-LOGO.png', '21_11_19_04_58_32ACS-LOGO.png', 'png', NULL, '0', 1, '4515', NULL, NULL, NULL, NULL, NULL, NULL, 0),
(146, 'image', 0, 'ascii-kyle_mcdonald-100744916-large.jpg', '21_11_19_06_23_53ascii-kyle_mcdonald-100744916-large.jpg', 'jpg', NULL, '0', 0, '319399', NULL, NULL, NULL, NULL, NULL, '2019-11-21 00:58:33', 0),
(147, 'image', 0, 'adagio_teas_logo.png', '21_11_19_06_24_24adagio_teas_logo.png', 'png', NULL, '0', 1, '2681', NULL, NULL, NULL, NULL, NULL, NULL, 0),
(148, 'image', 0, 'footer-logo.png', '21_11_19_06_25_22footer-logo.png', 'png', NULL, '0', 1, '3294', NULL, NULL, NULL, NULL, NULL, NULL, 0),
(149, 'image', 0, 'flowers.png', '21_11_19_06_26_20flowers.png', 'png', NULL, '0', 1, '7927', NULL, NULL, NULL, NULL, NULL, NULL, 0),
(150, 'image', 0, 'SampleVideo_1280x720_1mb.mp4', '21_11_19_06_28_01466897761.mp4', 'mp4', NULL, '0', 1, '1055736', NULL, NULL, NULL, NULL, NULL, NULL, 0),
(151, 'image', 0, 'footer-logo.png', '21_11_19_07_40_24footer-logo.png', 'png', NULL, '0', 1, '3294', NULL, NULL, NULL, NULL, NULL, NULL, 0),
(152, 'image', 0, '2. Application Overview.mp4', '22_11_19_01_05_191312170696.mp4', 'mp4', NULL, '0', 1, '39488005', NULL, NULL, NULL, NULL, NULL, NULL, 0),
(153, 'image', 0, '2. Application Overview.mp4', '22_11_19_01_09_161103829747.mp4', 'mp4', NULL, '0', 1, '39488005', NULL, NULL, NULL, NULL, NULL, NULL, 0),
(154, 'image', 0, 'SampleVideo_1280x720_1mb.mp4', '22_11_19_01_25_161493953516.mp4', 'mp4', NULL, '0', 1, '1055736', NULL, NULL, NULL, NULL, NULL, NULL, 0),
(155, 'image', 0, 'footer-logo.png', '22_11_19_01_25_36footer-logo.png', 'png', NULL, '0', 1, '3294', NULL, NULL, NULL, NULL, NULL, NULL, 0),
(156, 'image', 0, 'SampleVideo_1280x720_1mb.mp4', '22_11_19_01_26_101691840271.mp4', 'mp4', NULL, '0', 1, '1055736', NULL, NULL, NULL, NULL, NULL, NULL, 0),
(157, 'image', 0, 'SampleVideo_1280x720_1mb.mp4', '22_11_19_01_27_14190039081.mp4', 'mp4', NULL, '0', 1, '1055736', NULL, NULL, NULL, NULL, NULL, NULL, 0),
(158, 'image', 0, 'SampleVideo_1280x720_1mb.mp4', '22_11_19_01_28_022108422692.mp4', 'mp4', NULL, '0', 1, '1055736', NULL, NULL, NULL, NULL, NULL, NULL, 0),
(159, 'image', 0, 'SampleVideo_1280x720_1mb.mp4', '22_11_19_01_39_51338080110.mp4', 'mp4', NULL, '0', 1, '1055736', NULL, NULL, NULL, NULL, NULL, NULL, 0),
(160, 'image', 0, 'SampleVideo_1280x720_1mb.mp4', '22_11_19_01_52_281771890144.mp4', 'mp4', NULL, '0', 1, '1055736', NULL, NULL, NULL, NULL, NULL, NULL, 0),
(161, 'image', 0, 'SampleVideo_1280x720_1mb.mp4', '22_11_19_01_53_06809778065.mp4', 'mp4', NULL, '0', 1, '1055736', NULL, NULL, NULL, NULL, NULL, NULL, 0),
(162, 'image', 0, 'SampleVideo_1280x720_1mb.mp4', '22_11_19_01_53_46594141014.mp4', 'mp4', NULL, '0', 1, '1055736', NULL, NULL, NULL, NULL, NULL, NULL, 0),
(163, 'image', 0, 'SampleVideo_1280x720_1mb.mp4', '22_11_19_01_54_09562013541.mp4', 'mp4', NULL, '0', 1, '1055736', NULL, NULL, NULL, NULL, NULL, NULL, 0),
(164, 'image', 0, 'SampleVideo_1280x720_1mb.mp4', '22_11_19_01_57_19619148818.mp4', 'mp4', NULL, '0', 1, '1055736', NULL, NULL, NULL, NULL, NULL, NULL, 0),
(165, 'image', 0, 'SampleVideo_1280x720_1mb.mp4', '22_11_19_01_57_371666482822.mp4', 'mp4', NULL, '0', 1, '1055736', NULL, NULL, NULL, NULL, NULL, NULL, 0),
(166, 'image', 0, 'SampleVideo_1280x720_1mb.mp4', '22_11_19_01_58_21113764646.mp4', 'mp4', NULL, '0', 1, '1055736', NULL, NULL, NULL, NULL, NULL, NULL, 0),
(167, 'image', 0, '2. Application Overview.mp4', '22_11_19_01_58_36109170928.mp4', 'mp4', NULL, '0', 1, '39488005', NULL, NULL, NULL, NULL, NULL, NULL, 0),
(168, 'image', 0, '1. Introducing Lifecycle Methods.mp4', '22_11_19_04_33_3716225205.mp4', 'mp4', NULL, '0', 1, '76179121', NULL, NULL, NULL, NULL, NULL, NULL, 0),
(169, 'image', 0, '2. Application Overview.mp4', '22_11_19_04_55_23892510253.mp4', 'mp4', NULL, '0', 1, '39488005', NULL, NULL, NULL, NULL, NULL, NULL, 0),
(170, 'image', 0, '2. Application Overview.mp4', '22_11_19_05_48_181853504526.mp4', 'mp4', NULL, '0', 1, '39488005', NULL, NULL, NULL, NULL, NULL, NULL, 0),
(171, 'image', 0, '2. Application Overview.mp4', '22_11_19_05_58_53171540666.mp4', 'mp4', NULL, '0', 1, '39488005', NULL, NULL, NULL, NULL, NULL, NULL, 0),
(172, 'image', 0, 'Selection_021.png', '22_11_19_08_14_49Selection_021.png', 'png', NULL, '0', 1, '175297', NULL, NULL, NULL, NULL, NULL, NULL, 0),
(173, 'image', 0, 'footer-logo.png', '22_11_19_09_12_47footer-logo.png', 'png', NULL, '0', 1, '3294', NULL, NULL, NULL, NULL, NULL, NULL, 0),
(174, 'image', 0, 'footer-logo.png', '25_11_19_08_15_55footer-logo.png', 'png', NULL, '0', 1, '3294', NULL, NULL, NULL, NULL, NULL, NULL, 0),
(175, 'image', 0, 'flowers.png', '25_11_19_08_23_28flowers.png', 'png', NULL, '0', 1, '7927', NULL, NULL, NULL, NULL, NULL, NULL, 0),
(176, 'image', 0, 'footer-logo.png', '25_11_19_08_32_41footer-logo.png', 'png', NULL, '0', 1, '3294', NULL, NULL, NULL, NULL, NULL, NULL, 0),
(177, 'image', 0, 'footer-logo.png', '26_11_19_05_47_27footer-logo.png', 'png', NULL, '0', 1, '3294', NULL, NULL, NULL, NULL, NULL, NULL, 0),
(178, 'image', 0, 'SampleVideo_1280x720_1mb.mp4', '26_11_19_06_12_41832910950.mp4', 'mp4', NULL, '0', 1, '1055736', NULL, NULL, NULL, NULL, NULL, NULL, 0),
(179, 'image', 0, 'SampleVideo_1280x720_1mb.mp4', '26_11_19_08_56_06415722442.mp4', 'mp4', NULL, '0', 1, '1055736', NULL, NULL, NULL, NULL, NULL, NULL, 0),
(180, 'image', 0, 'Selection_022.png', '26_11_19_09_13_39Selection_022.png', 'png', NULL, '0', 1, '163642', NULL, NULL, NULL, NULL, NULL, NULL, 0),
(181, 'image', 0, 'Selection_022.png', '26_11_19_09_14_31Selection_022.png', 'png', NULL, '0', 1, '163642', NULL, NULL, NULL, NULL, NULL, NULL, 0),
(182, 'image', 0, '2. Application Overview.mp4', '27_11_19_02_03_04967118056.mp4', 'mp4', NULL, '0', 1, '39488005', NULL, NULL, NULL, NULL, NULL, NULL, 0),
(183, 'image', 0, '2. Application Overview.mp4', '27_11_19_04_00_061809763843.mp4', 'mp4', NULL, '0', 1, '39488005', NULL, NULL, NULL, NULL, NULL, NULL, 0),
(184, 'image', 0, 'SampleVideo_1280x720_1mb.mp4', '27_11_19_04_16_411843412594.mp4', 'mp4', NULL, '0', 1, '1055736', NULL, NULL, NULL, NULL, NULL, NULL, 0),
(185, 'image', 0, 'SampleVideo_1280x720_1mb.mp4', '27_11_19_04_19_24409963749.mp4', 'mp4', NULL, '0', 1, '1055736', NULL, NULL, NULL, NULL, NULL, NULL, 0),
(186, 'image', 0, 'SampleVideo_1280x720_1mb.mp4', '27_11_19_04_22_421556367120.mp4', 'mp4', NULL, '0', 1, '1055736', NULL, NULL, NULL, NULL, NULL, NULL, 0),
(187, 'image', 0, '2. Application Overview.mp4', '27_11_19_04_40_28835595764.mp4', 'mp4', NULL, '0', 1, '39488005', NULL, NULL, NULL, NULL, NULL, NULL, 0),
(188, 'image', 0, '2. Application Overview.mp4', '27_11_19_04_46_49721290435.mp4', 'mp4', NULL, '0', 1, '39488005', NULL, NULL, NULL, NULL, NULL, NULL, 0),
(189, 'image', 0, 'logo-f3df184a856461c1984570eb13ead468.png', '27_11_19_07_01_34logo-f3df184a856461c1984570eb13ead468.png', 'png', NULL, '0', 1, '1462', NULL, NULL, NULL, NULL, NULL, NULL, 0),
(190, 'image', 0, '1567513193213.JPEG', '27_11_19_07_02_331567513193213.JPEG', 'jpeg', NULL, '0', 0, '60352', NULL, NULL, NULL, NULL, NULL, '2019-11-27 02:57:57', 0),
(191, 'image', 0, 'ascii-kyle_mcdonald-100744916-large.jpg', '27_11_19_07_02_46ascii-kyle_mcdonald-100744916-large.jpg', 'jpg', NULL, '0', 1, '319399', NULL, NULL, NULL, NULL, NULL, NULL, 0),
(192, 'image', 0, 'ascii-kyle_mcdonald-100744916-large.jpg', '27_11_19_07_02_55ascii-kyle_mcdonald-100744916-large.jpg', 'jpg', NULL, '0', 1, '319399', NULL, NULL, NULL, NULL, NULL, NULL, 0),
(193, 'image', 0, 'other1127.png', '27_11_19_07_03_18other1127.png', 'png', NULL, '0', 1, '2681', NULL, NULL, NULL, NULL, NULL, NULL, 0),
(194, 'image', 0, 'logo.jpg', '27_11_19_07_03_31logo.jpg', 'jpg', NULL, '0', 1, '319399', NULL, NULL, NULL, NULL, NULL, NULL, 0),
(195, 'image', 0, '1567513193213.JPEG', '27_11_19_08_15_391567513193213.JPEG', 'jpeg', NULL, '0', 0, '60352', NULL, NULL, NULL, NULL, NULL, '2019-11-27 02:57:59', 0),
(196, 'image', 0, '1567513193213.JPEG', '27_11_19_08_16_021567513193213.JPEG', 'jpeg', NULL, '0', 0, '60352', NULL, NULL, NULL, NULL, NULL, '2019-11-27 02:58:14', 0),
(197, 'image', 0, '1567513193213.JPEG', '27_11_19_09_14_511567513193213.JPEG', 'jpeg', NULL, '0', 1, '60352', NULL, NULL, NULL, NULL, NULL, NULL, 0),
(198, 'image', 0, 'footer-logo.png', '27_11_19_09_15_03footer-logo.png', 'png', NULL, '0', 1, '3294', NULL, NULL, NULL, NULL, NULL, NULL, 0),
(199, 'image', 0, 'ACS-LOGO.png', '27_11_19_09_17_23ACS-LOGO.png', 'png', NULL, '0', 1, '4515', NULL, NULL, NULL, NULL, NULL, NULL, 0),
(200, 'image', 0, '1567513193213.JPEG', '27_11_19_09_26_501567513193213.JPEG', 'jpeg', NULL, '0', 1, '60352', NULL, NULL, NULL, NULL, NULL, NULL, 0),
(201, 'image', 0, '1567513193213.JPEG', '28_11_19_12_38_091567513193213.JPEG', 'jpeg', NULL, '0', 1, '60352', NULL, NULL, NULL, NULL, NULL, NULL, 0),
(202, 'image', 0, '1567513193213.JPEG', '28_11_19_12_39_171567513193213.JPEG', 'jpeg', NULL, '0', 1, '60352', NULL, NULL, NULL, NULL, NULL, NULL, 0),
(203, 'image', 0, '1567513193213.JPEG', '28_11_19_12_41_471567513193213.JPEG', 'jpeg', NULL, '0', 1, '60352', NULL, NULL, NULL, NULL, NULL, NULL, 0),
(204, 'image', 0, 'ACS-LOGO.png', '28_11_19_01_28_24ACS-LOGO.png', 'png', NULL, '0', 1, '4515', NULL, NULL, NULL, NULL, NULL, NULL, 0),
(205, 'image', 0, 'ascii-kyle_mcdonald-100744916-large.jpg', '28_11_19_01_29_11ascii-kyle_mcdonald-100744916-large.jpg', 'jpg', NULL, '0', 1, '319399', NULL, NULL, NULL, NULL, NULL, NULL, 0),
(206, 'image', 0, 'ACS-LOGO.png', '28_11_19_01_29_51ACS-LOGO.png', 'png', NULL, '0', 1, '4515', NULL, NULL, NULL, NULL, NULL, NULL, 0),
(207, 'image', 0, '1567513193213.JPEG', '28_11_19_01_36_211567513193213.JPEG', 'jpeg', NULL, '0', 1, '60352', NULL, NULL, NULL, NULL, NULL, NULL, 0),
(208, 'image', 0, 'ACS-LOGO.png', '28_11_19_01_36_22ACS-LOGO.png', 'png', NULL, '0', 1, '4515', NULL, NULL, NULL, NULL, NULL, NULL, 0),
(209, 'image', 0, 'adagio_teas_logo.png', '28_11_19_01_36_22adagio_teas_logo.png', 'png', NULL, '0', 1, '2681', NULL, NULL, NULL, NULL, NULL, NULL, 0),
(210, 'image', 0, 'headerLogo.gif', '28_11_19_01_36_22headerLogo.gif', 'gif', NULL, '0', 1, '5132', NULL, NULL, NULL, NULL, NULL, NULL, 0),
(211, 'image', 0, 'ACS-LOGO.png', '28_11_19_01_49_07ACS-LOGO.png', 'png', NULL, '0', 1, '4515', NULL, NULL, NULL, NULL, NULL, NULL, 0),
(212, 'image', 0, 'flowers.png', '28_11_19_02_19_53flowers.png', 'png', NULL, '0', 1, '7927', NULL, NULL, NULL, NULL, NULL, NULL, 0),
(213, 'image', 0, 'flowers.png', '28_11_19_02_23_02flowers.png', 'png', NULL, '0', 1, '7927', NULL, NULL, NULL, NULL, NULL, NULL, 0),
(214, 'image', 0, 'footer-logo.png', '28_11_19_02_23_14footer-logo.png', 'png', NULL, '0', 1, '3294', NULL, NULL, NULL, NULL, NULL, NULL, 0),
(215, 'image', 0, 'footer-logo.png', '28_11_19_04_03_32footer-logo.png', 'png', NULL, '0', 1, '3294', NULL, NULL, NULL, NULL, NULL, NULL, 0),
(216, 'image', 0, 'headerLogo.gif', '28_11_19_04_03_32headerLogo.gif', 'gif', NULL, '0', 1, '5132', NULL, NULL, NULL, NULL, NULL, NULL, 0),
(217, 'image', 0, 'logo (1).gif', '28_11_19_04_05_27logo-1.gif', 'gif', NULL, '0', 1, '6529', NULL, NULL, NULL, NULL, NULL, NULL, 0),
(218, 'image', 0, 'logo.gif', '28_11_19_04_05_38logo.gif', 'gif', NULL, '0', 1, '5710', NULL, NULL, NULL, NULL, NULL, NULL, 0),
(219, 'image', 0, 'logo (1).gif', '28_11_19_04_05_38logo-1.gif', 'gif', NULL, '0', 1, '6529', NULL, NULL, NULL, NULL, NULL, NULL, 0),
(220, 'image', 0, '1567513193213.JPEG', '28_11_19_04_08_131567513193213.JPEG', 'jpeg', NULL, '0', 1, '60352', NULL, NULL, NULL, NULL, NULL, NULL, 0),
(221, 'image', 0, '1567513193213.JPEG', '28_11_19_04_10_551567513193213.JPEG', 'jpeg', NULL, '0', 1, '60352', NULL, NULL, NULL, NULL, NULL, NULL, 0),
(222, 'image', 0, '1567513193213.JPEG', '28_11_19_04_11_351567513193213.JPEG', 'jpeg', NULL, '0', 1, '60352', NULL, NULL, NULL, NULL, NULL, NULL, 0),
(223, 'image', 0, '1567513193213.JPEG', '28_11_19_04_12_251567513193213.JPEG', 'jpeg', NULL, '0', 1, '60352', NULL, NULL, NULL, NULL, NULL, NULL, 0),
(224, 'image', 0, '1567513193213.JPEG', '28_11_19_04_16_511567513193213.JPEG', 'jpeg', NULL, '0', 1, '60352', NULL, NULL, NULL, NULL, NULL, NULL, 0),
(225, 'image', 0, 'footer-logo.png', '28_11_19_06_04_46footer-logo.png', 'png', NULL, '0', 1, '3294', NULL, NULL, NULL, NULL, NULL, NULL, 0),
(226, 'image', 0, 'SampleVideo_1280x720_1mb.mp4', '28_11_19_08_19_51169224223.mp4', 'mp4', NULL, '0', 1, '1055736', NULL, NULL, NULL, NULL, NULL, NULL, 0),
(227, 'image', 0, 'JS Basics.pdf', '28_11_19_08_56_00JS-Basics.pdf', 'pdf', NULL, '0', 1, '1567357', NULL, NULL, NULL, NULL, NULL, NULL, 0),
(228, 'image', 0, '1567513193213.JPEG', '28_11_19_09_11_071567513193213.JPEG', 'jpeg', NULL, '0', 1, '60352', NULL, NULL, NULL, NULL, NULL, NULL, 0),
(229, 'image', 0, 'JS Basics.pdf', '29_11_19_01_04_31JS-Basics.pdf', 'pdf', NULL, '0', 1, '1567357', NULL, NULL, NULL, NULL, NULL, NULL, 0),
(230, 'image', 0, 'Pay Slip(19oct).pdf', '29_11_19_01_18_08Pay-Slip19oct.pdf', 'pdf', NULL, '0', 1, '60829', NULL, NULL, NULL, NULL, NULL, NULL, 0),
(231, 'image', 0, 'adagio_teas_logo.png', '29_11_19_02_01_37adagio_teas_logo.png', 'png', NULL, '0', 1, '2681', NULL, NULL, NULL, NULL, NULL, NULL, 0),
(232, 'image', 0, 'OpMiniStatement18-10-2019.pdf', '29_11_19_02_14_32OpMiniStatement18-10-2019.pdf', 'pdf', NULL, '0', 1, '35234', NULL, NULL, NULL, NULL, NULL, NULL, 0),
(233, 'image', 0, 'headerLogo.gif', '29_11_19_02_14_54headerLogo.gif', 'gif', NULL, '0', 1, '5132', NULL, NULL, NULL, NULL, NULL, NULL, 0),
(234, 'image', 0, 'OpMiniStatemen', '29_11_19_02_19_44OpMiniStatement18-10-2019.pdf', 'pdf', NULL, '0', 0, '35234', NULL, NULL, NULL, NULL, NULL, '2019-11-29 00:06:25', 0),
(235, 'image', 0, 'Pay Slip (19sept).pdf', '29_11_19_02_20_57Pay-Slip-19sept.pdf', 'pdf', NULL, '0', 1, '60668', NULL, NULL, NULL, NULL, NULL, NULL, 0),
(236, 'image', 0, 'invoce', '29_11_19_02_21_31invoce', '', NULL, '0', 1, '91797', NULL, NULL, NULL, NULL, NULL, NULL, 0),
(237, 'image', 0, 'headerLogo.gif', '29_11_19_02_21_43headerLogo.gif', 'gif', NULL, '0', 1, '5132', NULL, NULL, NULL, NULL, NULL, '2019-11-28 23:58:25', 0),
(238, 'image', 0, 'OpMiniStatement18-10-2019.pdf', '29_11_19_02_21_54OpMiniStatement18-10-2019.pdf', 'pdf', NULL, '0', 1, '35234', NULL, NULL, NULL, NULL, NULL, NULL, 0),
(239, 'image', 0, 'OpMiniStatement18-10-2019.pdf', '29_11_19_02_25_10OpMiniStatement18-10-2019.pdf', 'pdf', NULL, '0', 1, '35234', NULL, NULL, NULL, NULL, NULL, '2019-11-28 23:58:34', 0),
(240, 'image', 0, 'JS Basics.pdf', '29_11_19_02_41_56JS-Basics.pdf', 'pdf', NULL, '0', 1, '1567357', NULL, NULL, NULL, NULL, NULL, NULL, 0),
(241, 'image', 0, 'JS Basics.pdf', '29_11_19_04_16_50JS-Basics.pdf', 'pdf', NULL, '0', 1, '1567357', NULL, NULL, NULL, NULL, NULL, NULL, 0),
(242, 'image', 0, 'JS Basics.pdf', '29_11_19_04_32_04JS-Basics.pdf', 'pdf', NULL, '0', 1, '1567357', NULL, NULL, NULL, NULL, NULL, NULL, 0),
(243, 'image', 0, 'JS Basics.pdf', '29_11_19_04_32_56JS-Basics.pdf', 'pdf', NULL, '0', 1, '1567357', NULL, NULL, NULL, NULL, NULL, NULL, 0),
(244, 'image', 0, 'JS Basics.pdf', '29_11_19_04_44_17JS-Basics.pdf', 'pdf', NULL, '0', 0, '1567357', NULL, NULL, NULL, NULL, NULL, '2019-11-28 23:45:20', 0),
(245, 'image', 0, 'JS Basics.pdf', '29_11_19_04_56_07JS-Basics.pdf', 'pdf', NULL, '0', 0, '1567357', NULL, NULL, NULL, NULL, NULL, '2019-11-28 23:45:24', 0),
(246, 'image', 0, 'JS Basics.pdf', '29_11_19_05_04_16JS-Basics.pdf', 'pdf', NULL, '0', 0, '1567357', NULL, NULL, NULL, NULL, NULL, '2019-11-28 23:45:21', 0),
(247, 'image', 0, 'JS Basics.pdf', '29_11_19_05_17_20JS-Basics.pdf', 'pdf', NULL, '0', 0, '1567357', NULL, NULL, NULL, NULL, NULL, '2019-11-28 23:56:45', 0),
(248, 'image', 0, 'test/pdf<br><br>', '29_11_19_05_18_06Pay-Slip19oct.pdf', 'pdf', NULL, '0', 1, '60829', NULL, NULL, NULL, NULL, NULL, '2019-11-29 00:09:22', 0),
(249, 'image', 0, 'Selection_022.png', '29_11_19_05_19_35Selection_022.png', 'png', NULL, '0', 1, '163642', NULL, NULL, NULL, NULL, NULL, NULL, 0),
(250, 'image', 0, 'Selection_022.png', '29_11_19_05_39_08Selection_022.png', 'png', NULL, '0', 1, '163642', NULL, NULL, NULL, NULL, NULL, NULL, 0),
(251, 'image', 0, 'ascii-kyle_mcdonald-100744916-large.jpg', '29_11_19_05_40_37ascii-kyle_mcdonald-100744916-large.jpg', 'jpg', NULL, '0', 1, '319399', NULL, NULL, NULL, NULL, NULL, NULL, 0),
(252, 'image', 0, 'JS Basics.pdf', '29_11_19_05_56_47JS-Basics.pdf', 'pdf', NULL, '0', 1, '1567357', NULL, NULL, NULL, NULL, NULL, NULL, 0),
(253, 'image', 0, 'JS Basics.pdf', '29_11_19_06_17_17JS-Basics.pdf', 'pdf', NULL, '0', 1, '1567357', NULL, NULL, NULL, NULL, NULL, NULL, 0),
(254, 'image', 0, 'JS Basics.pdf', '29_11_19_06_19_31JS-Basics.pdf', 'pdf', NULL, '0', 1, '1567357', NULL, NULL, NULL, NULL, NULL, NULL, 0),
(255, 'image', 0, 'ascii-kyle_mcdonald-100744916-large.jpg', '29_11_19_06_20_01ascii-kyle_mcdonald-100744916-large.jpg', 'jpg', NULL, '0', 1, '319399', NULL, NULL, NULL, NULL, NULL, NULL, 0),
(256, 'image', 0, 'SampleVideo_1280x720_1mb.mp4', '29_11_19_06_20_09915660300.mp4', 'mp4', NULL, '0', 1, '1055736', NULL, NULL, NULL, NULL, NULL, NULL, 0),
(257, 'image', 0, 'Pay Slip(19oct).pdf', '29_11_19_06_23_46Pay-Slip19oct.pdf', 'pdf', NULL, '0', 1, '60829', NULL, NULL, NULL, NULL, NULL, NULL, 0),
(258, 'image', 0, 'JS Basics.pdf', '29_11_19_06_24_28JS-Basics.pdf', 'pdf', NULL, '0', 1, '1567357', NULL, NULL, NULL, NULL, NULL, NULL, 0),
(259, 'image', 0, 'logo (1).gif', '03_12_19_01_34_25logo-1.gif', 'gif', NULL, '0', 1, '6529', NULL, NULL, NULL, NULL, NULL, NULL, 0),
(260, 'image', 0, 'ascii-kyle_mcdonald-100744916-large.jpg', '03_12_19_01_53_57ascii-kyle_mcdonald-100744916-large.jpg', 'jpg', NULL, '0', 1, '319399', NULL, NULL, NULL, NULL, NULL, NULL, 0),
(261, 'image', 0, 'headerLogo.gif', '03_12_19_04_45_18headerLogo.gif', 'gif', NULL, '0', 1, '5132', NULL, NULL, NULL, NULL, NULL, NULL, 0),
(262, 'image', 0, 'OpMiniStatement18-10-2019.pdf', '03_12_19_06_12_47OpMiniStatement18-10-2019.pdf', 'pdf', NULL, '0', 1, '35234', NULL, NULL, NULL, NULL, NULL, NULL, 0),
(263, 'image', 0, 'OpMiniStatement18-10-2019.pdf', '03_12_19_06_12_57OpMiniStatement18-10-2019.pdf', 'pdf', NULL, '0', 1, '35234', NULL, NULL, NULL, NULL, NULL, NULL, 0),
(264, 'image', 0, 'SampleVideo_1280x720_1mb.mp4', '04_12_19_12_44_18863334042.mp4', 'mp4', NULL, '0', 1, '1055736', NULL, NULL, NULL, NULL, NULL, NULL, 0),
(265, 'image', 0, 'Selection_022.png', '06_12_19_04_15_59Selection_022.png', 'png', NULL, '0', 1, '163642', NULL, NULL, NULL, NULL, NULL, NULL, 0),
(266, 'image', 0, 'Selection_022.png', '17_12_19_12_47_30Selection_022.png', 'png', NULL, '0', 1, '163642', NULL, NULL, NULL, NULL, NULL, NULL, 0),
(267, 'image', 0, 'headerLogo.gif', '13_01_20_03_29_51headerLogo.gif', 'gif', NULL, '0', 1, '5132', NULL, NULL, NULL, NULL, NULL, NULL, 0),
(268, 'image', 0, 'ACS-LOGO.png', '13_01_20_04_38_16ACS-LOGO.png', 'png', NULL, '0', 1, '4515', NULL, NULL, NULL, NULL, NULL, NULL, 0),
(269, 'image', 0, 'flowers.png', '16_01_20_03_31_46flowers.png', 'png', NULL, '0', 0, '7927', NULL, NULL, NULL, NULL, NULL, '2020-01-15 22:03:28', 0),
(270, 'image', 0, 'footer-logo.png', '16_01_20_03_31_55footer-logo.png', 'png', NULL, '0', 0, '3294', NULL, NULL, NULL, NULL, NULL, '2020-01-15 22:03:27', 0),
(271, 'image', 0, 'ascii-kyle_mcdonald-100744916-large.jpg', '16_01_20_03_39_20ascii-kyle_mcdonald-100744916-large.jpg', 'jpg', NULL, '0', 1, '319399', NULL, NULL, NULL, NULL, NULL, NULL, 0),
(272, 'image', 0, 'footer-logo.png', '28_01_20_01_09_30footer-logo.png', 'png', NULL, '0', 1, '3294', NULL, NULL, NULL, NULL, NULL, NULL, 0),
(273, 'image', 0, 'footer-logo.png', '05_02_20_04_36_36footer-logo.png', 'png', NULL, '0', 1, '3294', NULL, NULL, NULL, NULL, NULL, NULL, 0),
(274, 'image', 0, 'footer-logo.png', '06_02_20_02_03_56footer-logo.png', 'png', NULL, '0', 1, '3294', NULL, NULL, NULL, NULL, NULL, NULL, 0),
(275, 'image', 0, 'footer-logo.png', '05_02_20_04_36_36footer-logo.png', 'png', NULL, '0', 1, '3294', NULL, NULL, NULL, NULL, NULL, NULL, 0),
(276, 'image', 0, '000201064216.jpg', '13_02_22_05_24_53000201064216.jpg', 'jpg', NULL, '0', 1, '2071', NULL, NULL, NULL, NULL, NULL, NULL, 0),
(277, 'image', 0, '000980256928.jpg', '13_02_22_05_24_53000980256928.jpg', 'jpg', NULL, '0', 1, '24576', NULL, NULL, NULL, NULL, NULL, NULL, 0);

-- --------------------------------------------------------

--
-- Table structure for table `media_user`
--

CREATE TABLE `media_user` (
  `id` int(10) UNSIGNED NOT NULL,
  `media_id` int(10) UNSIGNED NOT NULL,
  `user_id` int(10) UNSIGNED NOT NULL
) ENGINE=InnoDB DEFAULT CHARSET=utf8mb4 COLLATE=utf8mb4_unicode_ci;

-- --------------------------------------------------------

--
-- Table structure for table `media_user_projects`
--

CREATE TABLE `media_user_projects` (
  `id` int(10) UNSIGNED NOT NULL,
  `media_id` int(10) UNSIGNED NOT NULL,
  `user_projects_id` int(10) UNSIGNED NOT NULL
) ENGINE=InnoDB DEFAULT CHARSET=utf8mb4 COLLATE=utf8mb4_unicode_ci;

--
-- Dumping data for table `media_user_projects`
--

INSERT INTO `media_user_projects` (`id`, `media_id`, `user_projects_id`) VALUES
(1, 2, 1),
(2, 3, 5),
(3, 4, 5),
(4, 5, 4),
(5, 6, 8),
(6, 8, 9),
(7, 9, 9),
(8, 10, 9),
(9, 11, 10),
(10, 12, 11),
(11, 13, 11),
(12, 14, 13),
(13, 15, 12),
(14, 16, 12),
(15, 17, 12),
(16, 18, 13),
(17, 19, 13),
(18, 20, 13),
(19, 21, 13),
(20, 22, 13),
(21, 23, 13),
(22, 24, 13),
(23, 25, 13),
(24, 26, 13),
(25, 27, 13),
(26, 28, 13),
(27, 29, 13),
(28, 30, 13),
(29, 31, 12),
(30, 32, 12),
(31, 33, 12),
(32, 34, 12),
(33, 35, 12),
(34, 36, 12),
(35, 37, 12),
(36, 38, 12),
(37, 42, 15),
(38, 46, 17),
(39, 47, 17),
(40, 48, 17),
(41, 49, 18),
(42, 50, 17),
(43, 51, 17),
(44, 52, 17),
(45, 53, 17),
(46, 54, 17),
(47, 55, 17),
(48, 56, 17),
(49, 57, 17),
(50, 58, 19),
(51, 59, 19),
(52, 60, 19),
(53, 61, 20),
(54, 62, 20),
(55, 63, 21),
(56, 64, 21),
(57, 65, 22),
(58, 66, 22),
(59, 67, 22),
(60, 68, 22),
(61, 69, 22),
(62, 70, 22),
(63, 71, 22),
(64, 72, 23),
(65, 73, 23),
(66, 74, 24),
(67, 75, 24),
(68, 76, 25),
(69, 77, 26),
(70, 78, 27),
(71, 79, 29),
(72, 80, 29),
(73, 81, 29),
(74, 82, 29),
(75, 83, 29),
(76, 84, 29),
(77, 85, 29),
(78, 86, 29),
(79, 87, 29),
(80, 88, 29),
(81, 89, 29),
(82, 90, 29),
(83, 91, 29),
(84, 92, 29),
(85, 93, 29),
(86, 94, 29),
(87, 95, 29),
(88, 96, 29),
(89, 97, 29),
(90, 98, 29),
(91, 99, 29),
(92, 100, 30),
(93, 101, 30),
(94, 102, 30),
(95, 103, 30),
(96, 104, 30),
(97, 105, 30),
(98, 106, 30),
(99, 107, 30),
(100, 108, 30),
(101, 109, 30),
(102, 110, 30),
(103, 111, 30),
(104, 112, 31),
(105, 113, 31),
(106, 114, 31),
(107, 115, 31),
(108, 116, 31),
(109, 117, 31),
(110, 118, 31),
(111, 119, 31),
(112, 120, 31),
(113, 121, 31),
(114, 122, 31),
(115, 123, 31),
(116, 124, 31),
(117, 125, 31),
(118, 126, 31),
(119, 127, 31),
(120, 128, 32),
(121, 129, 32),
(122, 130, 32),
(123, 131, 32),
(124, 132, 33),
(125, 133, 33),
(126, 134, 33),
(127, 135, 33),
(128, 136, 33),
(129, 137, 33),
(130, 138, 33),
(131, 139, 33),
(132, 140, 33),
(133, 141, 34),
(134, 142, 34),
(135, 143, 34),
(136, 144, 34),
(137, 145, 34),
(138, 146, 35),
(139, 147, 35),
(140, 148, 35),
(141, 149, 35),
(142, 150, 35),
(143, 151, 36),
(144, 152, 36),
(145, 153, 36),
(146, 154, 36),
(147, 155, 36),
(148, 156, 36),
(149, 157, 36),
(150, 158, 36),
(151, 159, 36),
(152, 160, 36),
(153, 161, 36),
(154, 162, 36),
(155, 163, 36),
(156, 164, 37),
(157, 165, 37),
(158, 166, 37),
(159, 167, 37),
(160, 168, 37),
(161, 169, 37),
(162, 170, 37),
(163, 171, 37),
(164, 172, 38),
(165, 173, 39),
(166, 174, 40),
(167, 175, 41),
(168, 176, 42),
(169, 177, 43),
(170, 178, 43),
(171, 179, 44),
(172, 180, 44),
(173, 181, 45),
(174, 182, 45),
(175, 183, 45),
(176, 184, 45),
(177, 185, 45),
(178, 186, 45),
(179, 187, 45),
(180, 188, 45),
(181, 189, 41),
(182, 190, 45),
(183, 191, 45),
(184, 192, 45),
(185, 193, 45),
(186, 194, 45),
(187, 195, 45),
(188, 196, 45),
(189, 197, 45),
(190, 198, 45),
(191, 199, 45),
(192, 200, 45),
(193, 201, 41),
(194, 202, 41),
(195, 203, 41),
(196, 204, 44),
(197, 205, 44),
(198, 206, 44),
(199, 207, 44),
(200, 208, 44),
(201, 209, 44),
(202, 210, 44),
(203, 211, 42),
(204, 212, 42),
(205, 213, 42),
(206, 214, 42),
(207, 215, 45),
(208, 216, 45),
(209, 217, 42),
(210, 218, 42),
(211, 219, 42),
(212, 220, 42),
(213, 221, 42),
(214, 222, 42),
(215, 223, 42),
(216, 224, 42),
(217, 225, 46),
(218, 226, 46),
(219, 227, 46),
(220, 228, 47),
(221, 229, 48),
(222, 230, 48),
(223, 231, 48),
(224, 232, 48),
(225, 233, 48),
(226, 234, 49),
(227, 235, 49),
(228, 236, 49),
(229, 237, 49),
(230, 238, 49),
(231, 239, 49),
(232, 240, 50),
(233, 241, 50),
(234, 242, 50),
(235, 243, 50),
(236, 244, 51),
(237, 245, 51),
(238, 246, 51),
(239, 247, 51),
(240, 248, 51),
(241, 249, 46),
(242, 250, 51),
(243, 251, 51),
(244, 252, 51),
(245, 253, 51),
(246, 254, 52),
(247, 255, 52),
(248, 256, 52),
(249, 257, 52),
(250, 258, 52),
(251, 261, 53),
(252, 265, 54),
(253, 266, 55),
(254, 267, 55),
(255, 268, 55),
(256, 269, 56),
(257, 270, 56),
(258, 271, 56),
(259, 272, 57),
(260, 273, 66),
(261, 275, 67),
(262, 276, 69),
(263, 277, 69);

-- --------------------------------------------------------

--
-- Table structure for table `media_user_storage`
--

CREATE TABLE `media_user_storage` (
  `id` int(10) UNSIGNED NOT NULL,
  `media_id` int(10) UNSIGNED NOT NULL,
  `user_storage_id` int(10) UNSIGNED NOT NULL
) ENGINE=InnoDB DEFAULT CHARSET=utf8mb4 COLLATE=utf8mb4_unicode_ci;

--
-- Dumping data for table `media_user_storage`
--

INSERT INTO `media_user_storage` (`id`, `media_id`, `user_storage_id`) VALUES
(1, 1, 1),
(2, 7, 1),
(3, 39, 2),
(4, 40, 4),
(5, 41, 4),
(6, 43, 9),
(7, 44, 9),
(8, 45, 9),
(9, 259, 11),
(10, 260, 11),
(11, 262, 12),
(12, 263, 12),
(13, 264, 12),
(14, 274, 14);

-- --------------------------------------------------------

--
-- Table structure for table `migrations`
--

CREATE TABLE `migrations` (
  `id` int(10) UNSIGNED NOT NULL,
  `migration` varchar(191) COLLATE utf8mb4_unicode_ci NOT NULL,
  `batch` int(11) NOT NULL
) ENGINE=InnoDB DEFAULT CHARSET=utf8mb4 COLLATE=utf8mb4_unicode_ci;

-- --------------------------------------------------------

--
-- Table structure for table `noticealerts`
--

CREATE TABLE `noticealerts` (
  `id` int(10) UNSIGNED NOT NULL,
  `lang_code` varchar(2) COLLATE utf8mb4_unicode_ci DEFAULT NULL,
  `title` varchar(191) COLLATE utf8mb4_unicode_ci DEFAULT NULL,
  `message` longtext COLLATE utf8mb4_unicode_ci,
  `created_at` timestamp NULL DEFAULT NULL,
  `updated_at` timestamp NULL DEFAULT NULL,
  `deleted_at` timestamp NULL DEFAULT NULL,
  `created_by` int(11) DEFAULT NULL,
  `updated_by` int(11) DEFAULT NULL,
  `deleted_by` int(11) DEFAULT NULL
) ENGINE=InnoDB DEFAULT CHARSET=utf8mb4 COLLATE=utf8mb4_unicode_ci;

--
-- Dumping data for table `noticealerts`
--

INSERT INTO `noticealerts` (`id`, `lang_code`, `title`, `message`, `created_at`, `updated_at`, `deleted_at`, `created_by`, `updated_by`, `deleted_by`) VALUES
(1, NULL, ' Your files sent', 'Your file sent to pravinsahu@virtualemployee.com', '2019-09-19 03:19:37', NULL, NULL, NULL, NULL, NULL),
(2, NULL, 'pravinsahu@virtualemployee.com has viewed your files', 'pravinsahu@virtualemployee.com has viewed your DataCuda files', '2019-09-19 03:19:48', NULL, NULL, NULL, NULL, NULL),
(3, NULL, 'Great News! Youve been paid!', 'pravinsahu@virtualemployee.com has paid you for their files. You received 300.00', '2019-09-19 03:22:20', NULL, NULL, NULL, NULL, NULL),
(4, NULL, ' Your files sent', 'Your file sent to shubham@virtualemployee.com', '2019-09-19 03:23:18', NULL, NULL, NULL, NULL, NULL),
(5, NULL, ' Your files sent', 'Your file sent to shubham@virtualemployee.com', '2019-09-19 03:23:44', NULL, NULL, NULL, NULL, NULL),
(6, NULL, 'shubham@virtualemployee.com has viewed your files', 'shubham@virtualemployee.com has viewed your DataCuda files', '2019-09-19 03:24:08', NULL, NULL, NULL, NULL, NULL),
(7, NULL, 'Great News! Youve been paid!', 'pravinsahu@virtualemployee.com has paid you for their files. You received 300.00', '2019-09-19 03:24:30', NULL, NULL, NULL, NULL, NULL),
(8, NULL, ' Your files sent', 'Your file sent to pravinsahu@virtualemployee.com', '2019-09-19 04:26:23', NULL, NULL, NULL, NULL, NULL),
(9, NULL, ' Your files sent', 'Your file sent to pravinsahu@virtualemployee.com', '2019-09-19 04:26:25', NULL, NULL, NULL, NULL, NULL),
(10, NULL, 'pravinsahu@virtualemployee.com has viewed your files', 'pravinsahu@virtualemployee.com has viewed your DataCuda files', '2019-09-19 04:26:44', NULL, NULL, NULL, NULL, NULL),
(11, NULL, 'Great News! Youve been paid!', 'pravinsahu@virtualemployee.com has paid you for their files. You received 400.00', '2019-09-19 04:27:05', NULL, NULL, NULL, NULL, NULL),
(12, NULL, ' Your files sent', 'Your file sent to pravinsahu@virtualemployee.com', '2019-09-19 21:53:16', NULL, NULL, NULL, NULL, NULL),
(13, NULL, 'pravinsahu@virtualemployee.com has viewed your files', 'pravinsahu@virtualemployee.com has viewed your DataCuda files', '2019-09-19 21:53:21', NULL, NULL, NULL, NULL, NULL),
(14, NULL, ' Your files sent', 'Your file sent to pravinsahu@virtualemployee.com', '2019-10-17 02:01:58', NULL, NULL, NULL, NULL, NULL),
(15, NULL, 'pravinsahu@virtualemployee.com has viewed your files', 'pravinsahu@virtualemployee.com has viewed your DataCuda files', '2019-10-17 02:02:10', NULL, NULL, NULL, NULL, NULL),
(16, NULL, ' Your files sent', 'Your file sent to pravinsahu@virtualemployee.com', '2019-10-17 03:09:27', NULL, NULL, NULL, NULL, NULL),
(17, NULL, ' Your files sent', 'Your file sent to pravinsahu@virtualemployee.com', '2019-10-17 03:09:59', NULL, NULL, NULL, NULL, NULL),
(18, NULL, 'pravinsahu@virtualemployee.com has viewed your files', 'pravinsahu@virtualemployee.com has viewed your DataCuda files', '2019-10-17 03:10:18', NULL, NULL, NULL, NULL, NULL),
(19, NULL, ' Your files sent', 'Your file sent to pravinsahu@virtualemployee.com', '2019-10-17 03:10:55', NULL, NULL, NULL, NULL, NULL),
(20, NULL, 'pravinsahu@virtualemployee.com has viewed your files', 'pravinsahu@virtualemployee.com has viewed your DataCuda files', '2019-10-17 03:11:06', NULL, NULL, NULL, NULL, NULL),
(21, NULL, 'Great News! Youve been paid!', 'pravinsahu@virtualemployee.com has paid you for their files. You received 500.00', '2019-10-17 03:12:00', NULL, NULL, NULL, NULL, NULL),
(22, NULL, ' Your files sent', 'Your file sent to pravinsahu@virtualemployee.com', '2019-10-17 03:29:12', NULL, NULL, NULL, NULL, NULL),
(23, NULL, ' Your files sent', 'Your file sent to pravinsahu@virtualemployee.com', '2019-10-17 03:39:47', NULL, NULL, NULL, NULL, NULL),
(24, NULL, ' Your files sent', 'Your file sent to pravinsahu@virtualemployee.com', '2019-10-17 03:40:11', NULL, NULL, NULL, NULL, NULL),
(25, NULL, ' Your files sent', 'Your file sent to pravinsahu@virtualemployee.com', '2019-10-17 03:40:50', NULL, NULL, NULL, NULL, NULL),
(26, NULL, ' Your files sent', 'Your file sent to pravinsahu@virtualemployee.com', '2019-10-17 03:47:55', NULL, NULL, NULL, NULL, NULL),
(27, NULL, ' Your files sent', 'Your file sent to pravinsahu@virtualemployee.com', '2019-10-17 03:50:17', NULL, NULL, NULL, NULL, NULL),
(28, NULL, ' Your files sent', 'Your file sent to pravinsahu@virtualemployee.com', '2019-10-17 03:52:25', NULL, NULL, NULL, NULL, NULL),
(29, NULL, ' Your files sent', 'Your file sent to pravinsahu@virtualemployee.com', '2019-10-17 03:54:59', NULL, NULL, NULL, NULL, NULL),
(30, NULL, ' Your files sent', 'Your file sent to pravinsahu@virtualemployee.com', '2019-10-17 03:55:26', NULL, NULL, NULL, NULL, NULL),
(31, NULL, ' Your files sent', 'Your file sent to pravinsahu@virtualemployee.com', '2019-10-17 03:59:22', NULL, NULL, NULL, NULL, NULL),
(32, NULL, ' Your files sent', 'Your file sent to pravinsahu@virtualemployee.com', '2019-10-17 04:02:41', NULL, NULL, NULL, NULL, NULL),
(33, NULL, ' Your files sent', 'Your file sent to pravinsahu@virtualemployee.com', '2019-10-22 03:53:56', NULL, NULL, NULL, NULL, NULL),
(34, NULL, ' Your files sent', 'Your file sent to pravinsahu@virtualemployee.com', '2019-10-22 03:54:28', NULL, NULL, NULL, NULL, NULL),
(35, NULL, ' Your files sent', 'Your file sent to pravinsahu@virtualemployee.com', '2019-10-22 04:01:43', NULL, NULL, NULL, NULL, NULL),
(36, NULL, ' Your files sent', 'Your file sent to pravinsahu@virtualemployee.com', '2019-10-22 04:01:55', NULL, NULL, NULL, NULL, NULL),
(37, NULL, 'pravinsahu@virtualemployee.com has viewed your files', 'pravinsahu@virtualemployee.com has viewed your DataCuda files', '2019-10-22 04:02:01', NULL, NULL, NULL, NULL, NULL),
(38, NULL, ' Your files sent', 'Your file sent to pravinsahu@virtualemployee.com', '2019-10-29 01:48:01', NULL, NULL, NULL, NULL, NULL),
(39, NULL, 'pravinsahu@virtualemployee.com has viewed your files', 'pravinsahu@virtualemployee.com has viewed your DataCuda files', '2019-10-29 01:48:13', NULL, NULL, NULL, NULL, NULL),
(40, NULL, 'Great News! Youve been paid!', 'pravinsahu@virtualemployee.com has paid you for their files. You received 100.00', '2019-10-29 01:49:10', NULL, NULL, NULL, NULL, NULL),
(41, NULL, 'pravinsahu@virtualemployee.com has downloaded your DataCuda files', 'pravinsahu@virtualemployee.com has downloaded your DataCuda files', '2019-10-29 01:49:52', NULL, NULL, NULL, NULL, NULL),
(42, NULL, ' Your files sent', 'Your file sent to test@fdf.com', '2019-11-06 22:17:19', NULL, NULL, NULL, NULL, NULL),
(43, NULL, ' Your files sent', 'Your file sent to test@fdf.com', '2019-11-06 23:03:07', NULL, NULL, NULL, NULL, NULL),
(44, NULL, ' Your files sent', 'Your file sent to test@fdf.com', '2019-11-06 23:04:04', NULL, NULL, NULL, NULL, NULL),
(45, NULL, ' Your files sent', 'Your file sent to test@fdf.com', '2019-11-06 23:31:16', NULL, NULL, NULL, NULL, NULL),
(46, NULL, ' Your files sent', 'Your file sent to test@fdf.com', '2019-11-06 23:45:31', NULL, NULL, NULL, NULL, NULL),
(47, NULL, ' Your files sent', 'Your file sent to jailedrarajawat@virtualemployee.com', '2019-11-06 23:52:20', NULL, NULL, NULL, NULL, NULL),
(48, NULL, ' Your files sent', 'Your file sent to jailendrarajawat@virtualemployee.com', '2019-11-06 23:54:13', NULL, NULL, NULL, NULL, NULL),
(49, NULL, ' Your files sent', 'Your file sent to jailendrarajawat@virtualemployee.com', '2019-11-06 23:56:23', NULL, NULL, NULL, NULL, NULL),
(50, NULL, 'jailendrarajawat@virtualemployee.com has viewed your files', 'jailendrarajawat@virtualemployee.com has viewed your DataCuda files', '2019-11-06 23:56:59', NULL, NULL, NULL, NULL, NULL),
(51, NULL, 'Great News! Youve been paid!', 'jailendrarajawat@virtualemployee.com has paid you for their files. You received 600.00', '2019-11-06 23:57:50', NULL, NULL, NULL, NULL, NULL),
(52, NULL, ' Your files sent', 'Your file sent to jailendrarajawat@virtualemployee.com', '2019-11-07 00:35:52', NULL, NULL, NULL, NULL, NULL),
(53, NULL, ' Your files sent', 'Your file sent to jailendrarajawat@virtualemployee.com', '2019-11-07 20:56:13', NULL, NULL, NULL, NULL, NULL),
(54, NULL, ' Your files sent', 'Your file sent to jailendrarajawat@virtualemployee.com', '2019-11-07 23:19:51', NULL, NULL, NULL, NULL, NULL),
(55, NULL, ' Your files sent', 'Your file sent to jailedrarajawat@email.com', '2019-11-07 23:24:16', NULL, NULL, NULL, NULL, NULL),
(56, NULL, ' Your files sent', 'Your file sent to jailedrarajawat@email.com', '2019-11-07 23:28:28', NULL, NULL, NULL, NULL, NULL),
(57, NULL, ' Your files sent', 'Your file sent to jailendrarajawat@virtualemployee.com', '2019-11-07 23:29:35', NULL, NULL, NULL, NULL, NULL),
(58, NULL, ' Your files sent', 'Your file sent to jailendrarajawat@virtualemployee.com', '2019-11-08 01:48:11', NULL, NULL, NULL, NULL, NULL),
(59, NULL, ' Your files sent', 'Your file sent to jailendrarajawat@virtualemployee.com', '2019-11-08 01:51:27', NULL, NULL, NULL, NULL, NULL),
(60, NULL, ' Your files sent', 'Your file sent to jailedrarajawat@email.com', '2019-11-08 02:18:07', NULL, NULL, NULL, NULL, NULL),
(61, NULL, ' Your files sent', 'Your file sent to jailedrarajawat@email.com', '2019-11-08 03:37:29', NULL, NULL, NULL, NULL, NULL),
(62, NULL, ' Your files sent', 'Your file sent to jailendrarajawat@virtualemployee.com', '2019-11-08 03:38:53', NULL, NULL, NULL, NULL, NULL),
(63, NULL, ' Your files sent', 'Your file sent to jailendrarajawat@virtualemployee.com', '2019-11-12 21:59:22', NULL, NULL, NULL, NULL, NULL),
(64, NULL, ' Your files sent', 'Your file sent to jailendrarajawat@virtualemployee.com', '2019-11-12 22:00:24', NULL, NULL, NULL, NULL, NULL),
(65, NULL, ' Your files sent', 'Your file sent to jailendrarajawat@virtualemployee.com', '2019-11-12 22:01:14', NULL, NULL, NULL, NULL, NULL),
(66, NULL, 'jailendrarajawat@virtualemployee.com has viewed your files', 'jailendrarajawat@virtualemployee.com has viewed your DataCuda files', '2019-11-12 22:01:23', NULL, NULL, NULL, NULL, NULL),
(67, NULL, 'Great News! Youve been paid!', 'jailendrarajawat@virtualemployee.com has paid you for their files. You received 1,000.00', '2019-11-12 22:02:10', NULL, NULL, NULL, NULL, NULL),
(68, NULL, ' Your files sent', 'Your file sent to testve@email.com', '2019-11-13 00:39:33', NULL, NULL, NULL, NULL, NULL),
(69, NULL, 'testve@email.com has viewed your files', 'testve@email.com has viewed your DataCuda files', '2019-11-13 00:40:01', NULL, NULL, NULL, NULL, NULL),
(70, NULL, 'Great News! Youve been paid!', 'testve@email.com has paid you for their files. You received 98.00', '2019-11-13 00:40:49', NULL, NULL, NULL, NULL, NULL),
(71, NULL, ' Your files sent', 'Your file sent to test1@email.com', '2019-11-13 01:01:50', NULL, NULL, NULL, NULL, NULL),
(72, NULL, 'test1@email.com has viewed your files', 'test1@email.com has viewed your DataCuda files', '2019-11-13 01:02:08', NULL, NULL, NULL, NULL, NULL),
(73, NULL, 'Great News! Youve been paid!', 'test1@email.com has paid you for their files. You received 100.00', '2019-11-13 01:04:16', NULL, NULL, NULL, NULL, NULL),
(74, NULL, ' Your files sent', 'Your file sent to test1@email.com', '2019-11-13 01:27:54', NULL, NULL, NULL, NULL, NULL),
(75, NULL, ' Your files sent', 'Your file sent to test1@email.com', '2019-11-13 01:30:03', NULL, NULL, NULL, NULL, NULL),
(76, NULL, ' Your files sent', 'Your file sent to test1@email.com', '2019-11-13 01:35:34', NULL, NULL, NULL, NULL, NULL),
(77, NULL, ' Your files sent', 'Your file sent to test1@email.com', '2019-11-13 01:43:31', NULL, NULL, NULL, NULL, NULL),
(78, NULL, ' Your files sent', 'Your file sent to test2@email.com', '2019-11-13 01:49:20', NULL, NULL, NULL, NULL, NULL),
(79, NULL, 'test2@email.com has viewed your files', 'test2@email.com has viewed your DataCuda files', '2019-11-13 01:49:32', NULL, NULL, NULL, NULL, NULL),
(80, NULL, ' Your files sent', 'Your file sent to test2@email.com', '2019-11-13 01:51:00', NULL, NULL, NULL, NULL, NULL),
(81, NULL, 'Great News! Youve been paid!', 'test2@email.com has paid you for their files. You received 500.00', '2019-11-13 01:53:22', NULL, NULL, NULL, NULL, NULL),
(82, NULL, ' Your files sent', 'Your file sent to test2@email.com', '2019-11-13 01:54:57', NULL, NULL, NULL, NULL, NULL),
(83, NULL, ' Your files sent', 'Your file sent to jailendrarajawat121@gmail.com', '2019-11-17 22:27:49', NULL, NULL, NULL, NULL, NULL),
(84, NULL, 'jailendrarajawat121@gmail.com has viewed your files', 'jailendrarajawat121@gmail.com has viewed your DataCuda files', '2019-11-17 22:28:06', NULL, NULL, NULL, NULL, NULL),
(85, NULL, 'Great News! Youve been paid!', 'jailendrarajawat121@gmail.com has paid you for their files. You received 700.00', '2019-11-17 22:30:08', NULL, NULL, NULL, NULL, NULL),
(86, NULL, ' Your files sent', 'Your file sent to datacuda@email.com', '2019-11-17 22:53:37', NULL, NULL, NULL, NULL, NULL),
(87, NULL, 'datacuda@email.com has viewed your files', 'datacuda@email.com has viewed your DataCuda files', '2019-11-17 22:53:52', NULL, NULL, NULL, NULL, NULL),
(88, NULL, 'Great News! Youve been paid!', 'datacuda@email.com has paid you for their files. You received 50.00', '2019-11-17 22:55:24', NULL, NULL, NULL, NULL, NULL),
(89, NULL, ' Your files sent', 'Your file sent to jailendrarajawat@virtualemployee.com', '2019-11-18 01:25:01', NULL, NULL, NULL, NULL, NULL),
(90, NULL, 'jailendrarajawat@virtualemployee.com has viewed your files', 'jailendrarajawat@virtualemployee.com has viewed your DataCuda files', '2019-11-18 01:25:24', NULL, NULL, NULL, NULL, NULL),
(91, NULL, 'Great News! Youve been paid!', 'jailendrarajawat@virtualemployee.com has paid you for their files. You received 100.00', '2019-11-18 01:25:58', NULL, NULL, NULL, NULL, NULL),
(92, NULL, ' Your files sent', 'Your file sent to john@email.com', '2019-11-20 19:58:39', NULL, NULL, NULL, NULL, NULL),
(93, NULL, 'john@email.com has viewed your files', 'john@email.com has viewed your DataCuda files', '2019-11-20 19:58:51', NULL, NULL, NULL, NULL, NULL),
(94, NULL, 'Great News! Youve been paid!', 'john@email.com has paid you for their files. You received 100.00', '2019-11-20 20:16:30', NULL, NULL, NULL, NULL, NULL),
(95, NULL, 'john@email.com has downloaded your DataCuda files', 'john@email.com has downloaded your DataCuda files', '2019-11-20 22:24:33', NULL, NULL, NULL, NULL, NULL),
(96, NULL, ' Your files sent', 'Your file sent to john@email.com', '2019-11-20 22:33:07', NULL, NULL, NULL, NULL, NULL),
(97, NULL, ' Your files sent', 'Your file sent to two@d.com', '2019-11-20 22:37:21', NULL, NULL, NULL, NULL, NULL),
(98, NULL, 'two@d.com has viewed your files', 'two@d.com has viewed your DataCuda files', '2019-11-20 22:37:32', NULL, NULL, NULL, NULL, NULL),
(99, NULL, 'Great News! Youve been paid!', '5234@d.com has paid you for their files. You received 100.00', '2019-11-20 22:38:19', NULL, NULL, NULL, NULL, NULL),
(100, NULL, ' Your files sent', 'Your file sent to 5234@d.com', '2019-11-20 22:48:53', NULL, NULL, NULL, NULL, NULL),
(101, NULL, ' Your files sent', 'Your file sent to 5234@d.comd', '2019-11-20 22:54:46', NULL, NULL, NULL, NULL, NULL),
(102, NULL, ' Your files sent', 'Your file sent to 5234@d.comd', '2019-11-20 23:00:22', NULL, NULL, NULL, NULL, NULL),
(103, NULL, ' Your files sent', 'Your file sent to 5234@d.comd', '2019-11-20 23:10:15', NULL, NULL, NULL, NULL, NULL),
(104, NULL, ' Your files sent', 'Your file sent to 5234@d.comd', '2019-11-20 23:11:04', NULL, NULL, NULL, NULL, NULL),
(105, NULL, ' Your files sent', 'Your file sent to 5234@d.comd', '2019-11-20 23:14:02', NULL, NULL, NULL, NULL, NULL),
(106, NULL, ' Your files sent', 'Your file sent to test10@email.com', '2019-11-20 23:25:19', NULL, NULL, NULL, NULL, NULL),
(107, NULL, 'test10@email.com has viewed your files', 'test10@email.com has viewed your DataCuda files', '2019-11-20 23:25:28', NULL, NULL, NULL, NULL, NULL),
(108, NULL, 'Great News! Youve been paid!', 'test10@email.com has paid you for their files. You received 10.00', '2019-11-20 23:26:23', NULL, NULL, NULL, NULL, NULL),
(109, NULL, ' Your files sent', 'Your file sent to test10@email.com', '2019-11-20 23:27:38', NULL, NULL, NULL, NULL, NULL),
(110, NULL, ' Your files sent', 'Your file sent to test10@email.com', '2019-11-20 23:28:16', NULL, NULL, NULL, NULL, NULL),
(111, NULL, ' Your files sent', 'Your file sent to test20@email.com', '2019-11-21 00:54:00', NULL, NULL, NULL, NULL, NULL),
(112, NULL, 'test20@email.com has viewed your files', 'test20@email.com has viewed your DataCuda files', '2019-11-21 00:54:12', NULL, NULL, NULL, NULL, NULL),
(113, NULL, 'Great News! Youve been paid!', 'test20@email.com has paid you for their files. You received 200.00', '2019-11-21 00:55:07', NULL, NULL, NULL, NULL, NULL),
(114, NULL, ' Your files sent', 'Your file sent to test20@email.com', '2019-11-21 00:55:57', NULL, NULL, NULL, NULL, NULL),
(115, NULL, ' Your files sent', 'Your file sent to test20@email.com', '2019-11-21 00:56:31', NULL, NULL, NULL, NULL, NULL),
(116, NULL, ' Your files sent', 'Your file sent to test20@email.com', '2019-11-21 00:57:28', NULL, NULL, NULL, NULL, NULL),
(117, NULL, ' Your files sent', 'Your file sent to aa@d.com', '2019-11-21 02:50:02', NULL, NULL, NULL, NULL, NULL),
(118, NULL, 'aa@d.com has viewed your files', 'aa@d.com has viewed your DataCuda files', '2019-11-21 02:50:11', NULL, NULL, NULL, NULL, NULL),
(119, NULL, ' Your files sent', 'Your file sent to jailendrarajawat@virtualemployee.com', '2019-11-22 02:44:54', NULL, NULL, NULL, NULL, NULL),
(120, NULL, 'jailendrarajawat@virtualemployee.com has viewed your files', 'jailendrarajawat@virtualemployee.com has viewed your DataCuda files', '2019-11-22 02:45:08', NULL, NULL, NULL, NULL, NULL),
(121, NULL, 'Great News! Youve been paid!', 'jailendrarajawat@virtualemployee.com has paid you for their files. You received 100.00', '2019-11-22 02:47:00', NULL, NULL, NULL, NULL, NULL),
(122, NULL, ' Your files sent', 'Your file sent to jailendrarajawat@virtualemployee.com', '2019-11-22 03:00:06', NULL, NULL, NULL, NULL, NULL),
(123, NULL, ' Your files sent', 'Your file sent to jailendrarajawat@virtualemployee.com', '2019-11-22 03:42:56', NULL, NULL, NULL, NULL, NULL),
(124, NULL, 'jailendrarajawat@virtualemployee.com has viewed your files', 'jailendrarajawat@virtualemployee.com has viewed your DataCuda files', '2019-11-22 03:43:05', NULL, NULL, NULL, NULL, NULL),
(125, NULL, 'Great News! Youve been paid!', 'jailendrarajawat@virtualemployee.com has paid you for their files. You received 100.00', '2019-11-22 03:43:32', NULL, NULL, NULL, NULL, NULL),
(126, NULL, ' Your files sent', 'Your file sent to jailendrarajawat@virtualemployee.com', '2019-11-25 02:46:45', NULL, NULL, NULL, NULL, NULL),
(127, NULL, 'jailendrarajawat@virtualemployee.com has viewed your files', 'jailendrarajawat@virtualemployee.com has viewed your DataCuda files', '2019-11-25 02:46:54', NULL, NULL, NULL, NULL, NULL),
(128, NULL, ' Your files sent', 'Your file sent to jailendrarajawat@virtualemployee.com', '2019-11-25 02:53:34', NULL, NULL, NULL, NULL, NULL),
(129, NULL, 'jailendrarajawat@virtualemployee.com has viewed your files', 'jailendrarajawat@virtualemployee.com has viewed your DataCuda files', '2019-11-25 02:53:43', NULL, NULL, NULL, NULL, NULL),
(130, NULL, 'Great News! Youve been paid!', 'jailendrarajawat@virtualemployee.com has paid you for their files. You received 100.00', '2019-11-25 02:54:15', NULL, NULL, NULL, NULL, NULL),
(131, NULL, ' Your files sent', 'Your file sent to jailendrarajawat@virtualemployee.com', '2019-11-25 03:03:23', NULL, NULL, NULL, NULL, NULL),
(132, NULL, 'jailendrarajawat@virtualemployee.com has viewed your files', 'jailendrarajawat@virtualemployee.com has viewed your DataCuda files', '2019-11-25 03:03:35', NULL, NULL, NULL, NULL, NULL),
(133, NULL, 'Great News! Youve been paid!', 'jailendrarajawat@virtualemployee.com has paid you for their files. You received 100.00', '2019-11-25 03:03:58', NULL, NULL, NULL, NULL, NULL),
(134, NULL, ' Your files sent', 'Your file sent to jailendrarajawat@virtualemployee.com', '2019-11-26 00:18:09', NULL, NULL, NULL, NULL, NULL),
(135, NULL, 'jailendrarajawat@virtualemployee.com has viewed your files', 'jailendrarajawat@virtualemployee.com has viewed your DataCuda files', '2019-11-26 00:18:22', NULL, NULL, NULL, NULL, NULL),
(136, NULL, 'Great News! Youve been paid!', 'jailendrarajawat@virtualemployee.com has paid you for their files. You received 2,000.00', '2019-11-26 00:18:49', NULL, NULL, NULL, NULL, NULL),
(137, NULL, ' Your files sent', 'Your file sent to jailendrarajawat@virtualemployee.com', '2019-11-26 00:43:17', NULL, NULL, NULL, NULL, NULL),
(138, NULL, ' Your files sent', 'Your file sent to jailendrarajawat@virtualemployee.com', '2019-11-26 03:28:07', NULL, NULL, NULL, NULL, NULL),
(139, NULL, 'jailendrarajawat@virtualemployee.com has viewed your files', 'jailendrarajawat@virtualemployee.com has viewed your DataCuda files', '2019-11-26 03:28:18', NULL, NULL, NULL, NULL, NULL),
(140, NULL, ' Your files sent', 'Your file sent to jailendrarajawat@virtualemployee.com', '2019-11-26 03:30:59', NULL, NULL, NULL, NULL, NULL),
(141, NULL, ' Your files sent', 'Your file sent to jailendrarajawat@virtualemployee.com', '2019-11-26 03:41:23', NULL, NULL, NULL, NULL, NULL),
(142, NULL, ' Your files sent', 'Your file sent to jailendrarajawat@virtualemployee.com', '2019-11-26 03:42:07', NULL, NULL, NULL, NULL, NULL),
(143, NULL, 'Great News! Youve been paid!', 'jailendrarajawat@virtualemployee.com has paid you for their files. You received 50.00', '2019-11-26 03:42:46', NULL, NULL, NULL, NULL, NULL),
(144, NULL, ' Your files sent', 'Your file sent to jailendrarajawat@virtualemployee.com', '2019-11-26 03:43:48', NULL, NULL, NULL, NULL, NULL),
(145, NULL, ' Your files sent', 'Your file sent to jailendrarajawat@virtualemployee.com', '2019-11-26 03:45:09', NULL, NULL, NULL, NULL, NULL),
(146, NULL, 'jailendrarajawat@virtualemployee.com has viewed your files', 'jailendrarajawat@virtualemployee.com has viewed your DataCuda files', '2019-11-26 03:45:33', NULL, NULL, NULL, NULL, NULL),
(147, NULL, ' Your files sent', 'Your file sent to jailendrarajawat@virtualemployee.com', '2019-11-26 03:45:53', NULL, NULL, NULL, NULL, NULL),
(148, NULL, 'Great News! Youve been paid!', 'jailendrarajawat@virtualemployee.com has paid you for their files. You received 10.00', '2019-11-26 03:46:27', NULL, NULL, NULL, NULL, NULL),
(149, NULL, ' Your files sent', 'Your file sent to jailendrarajawat@virtualemployee.com', '2019-11-26 03:46:45', NULL, NULL, NULL, NULL, NULL),
(150, NULL, ' Your files sent', 'Your file sent to jailedrarajawat@virtualemployee.com', '2019-11-28 19:20:24', NULL, NULL, NULL, NULL, NULL),
(151, NULL, 'jailedrarajawat@virtualemployee.com has viewed your files', 'jailedrarajawat@virtualemployee.com has viewed your DataCuda files', '2019-11-28 19:20:35', NULL, NULL, NULL, NULL, NULL),
(152, NULL, 'Great News! Youve been paid!', 'jailedrarajawat@virtualemployee.com has paid you for their files. You received 100.00', '2019-11-28 19:21:55', NULL, NULL, NULL, NULL, NULL),
(153, NULL, ' Your files sent', 'Your file sent to jailedrarajawat@virtualemployee.com', '2019-11-29 00:09:53', NULL, NULL, NULL, NULL, NULL),
(154, NULL, 'jailedrarajawat@virtualemployee.com has viewed your files', 'jailedrarajawat@virtualemployee.com has viewed your DataCuda files', '2019-11-29 00:10:08', NULL, NULL, NULL, NULL, NULL),
(155, NULL, 'Great News! Youve been paid!', 'jailedrarajawat@virtualemployee.com has paid you for their files. You received 100.00', '2019-11-29 00:27:45', NULL, NULL, NULL, NULL, NULL),
(156, NULL, ' Your files sent', 'Your file sent to h@email.com', '2019-11-29 00:51:29', NULL, NULL, NULL, NULL, NULL),
(157, NULL, 'h@email.com has viewed your files', 'h@email.com has viewed your DataCuda files', '2019-11-29 00:51:42', NULL, NULL, NULL, NULL, NULL),
(158, NULL, 'Great News! Youve been paid!', 'h@email.com has paid you for their files. You received 300.00', '2019-11-29 00:52:41', NULL, NULL, NULL, NULL, NULL),
(159, NULL, ' Your files sent', 'Your file sent to h@email.com', '2019-11-29 00:53:16', NULL, NULL, NULL, NULL, NULL),
(160, NULL, ' Your files sent', 'Your file sent to h@email.com', '2019-11-29 00:54:00', NULL, NULL, NULL, NULL, NULL),
(161, NULL, ' Your files sent', 'Your file sent to jailedrarajawat@virtualemployee.com', '2019-12-02 20:54:27', NULL, NULL, NULL, NULL, NULL),
(162, NULL, 'jailedrarajawat@virtualemployee.com has viewed your files', 'jailedrarajawat@virtualemployee.com has viewed your DataCuda files', '2019-12-02 20:54:38', NULL, NULL, NULL, NULL, NULL),
(163, NULL, 'Great News! Youve been paid!', 'jailedrarajawat@virtualemployee.com has paid you for their files. You received 100.00', '2019-12-02 23:12:34', NULL, NULL, NULL, NULL, NULL),
(164, NULL, ' Your files sent', 'Your file sent to jailendrarajawat@virtualemployee.com', '2019-12-02 23:16:14', NULL, NULL, NULL, NULL, NULL),
(165, NULL, 'jailendrarajawat@virtualemployee.com has viewed your files', 'jailendrarajawat@virtualemployee.com has viewed your DataCuda files', '2019-12-02 23:16:24', NULL, NULL, NULL, NULL, NULL),
(166, NULL, 'Great News! Youve been paid!', 'jailendrarajawat@virtualemployee.com has paid you for their files. You received 200.00', '2019-12-02 23:20:49', NULL, NULL, NULL, NULL, NULL),
(167, NULL, ' Your files sent', 'Your file sent to jailendrarajawat@virtualemployee.com', '2019-12-05 19:58:54', NULL, NULL, NULL, NULL, NULL),
(168, NULL, 'jailendrarajawat@virtualemployee.com has viewed your files', 'jailendrarajawat@virtualemployee.com has viewed your DataCuda files', '2019-12-05 19:59:26', NULL, NULL, NULL, NULL, NULL),
(169, NULL, ' Your files sent', 'Your file sent to jailendrarajawat@virtualemployee.com', '2019-12-05 20:07:25', NULL, NULL, NULL, NULL, NULL),
(170, NULL, ' Your files sent', 'Your file sent to jailendrarajawat@virtualemployee.com', '2019-12-05 20:08:32', NULL, NULL, NULL, NULL, NULL),
(171, NULL, 'Great News! Youve been paid!', 'jailendrarajawat@virtualemployee.com has paid you for their files. You received 150.00', '2019-12-05 20:14:37', NULL, NULL, NULL, NULL, NULL),
(172, NULL, ' Your files sent', 'Your file sent to jailendrarajawat@virtualemployee.com', '2019-12-05 22:46:40', NULL, NULL, NULL, NULL, NULL),
(173, NULL, 'jailendrarajawat@virtualemployee.com has viewed your files', 'jailendrarajawat@virtualemployee.com has viewed your DataCuda files', '2019-12-05 22:46:47', NULL, NULL, NULL, NULL, NULL),
(174, NULL, 'Great News! Youve been paid!', 'jailendrarajawat@virtualemployee.com has paid you for their files. You received 100.00', '2019-12-05 22:47:14', NULL, NULL, NULL, NULL, NULL),
(175, NULL, ' Your files sent', 'Your file sent to jailendrarajawat@virtualemployee.com', '2019-12-16 19:18:27', NULL, NULL, NULL, NULL, NULL),
(176, NULL, 'jailendrarajawat@virtualemployee.com has viewed your files', 'jailendrarajawat@virtualemployee.com has viewed your DataCuda files', '2019-12-16 19:18:37', NULL, NULL, NULL, NULL, NULL),
(177, NULL, 'Great News! Youve been paid!', 'jailendrarajawat@virtualemployee.com has paid you for their files. You received 100.00', '2019-12-16 19:19:30', NULL, NULL, NULL, NULL, NULL),
(178, NULL, 'Account Verification', 'Your account has been verified successfully!', '2020-02-04 23:40:55', NULL, NULL, NULL, NULL, NULL),
(179, NULL, ' Your files sent', 'Your file sent to jailedrarajawat@virtualemployee.com', '2020-02-05 20:18:08', NULL, NULL, NULL, NULL, NULL),
(180, NULL, 'jailedrarajawat@virtualemployee.com has viewed your files', 'jailedrarajawat@virtualemployee.com has viewed your DataCuda files', '2020-02-05 20:18:18', NULL, NULL, NULL, NULL, NULL),
(181, NULL, 'Account Verification', 'Your account has been verified successfully!', '2022-02-13 22:14:49', NULL, NULL, NULL, NULL, NULL),
(182, NULL, ' Your files sent', 'Your file sent to ashlynnstirewalt@gmail.com', '2022-02-13 22:28:49', NULL, NULL, NULL, NULL, NULL),
(183, NULL, ' Your files sent', 'Your file sent to ashlynnstirewalt@gmail.com', '2022-02-13 22:34:21', NULL, NULL, NULL, NULL, NULL);

-- --------------------------------------------------------

--
-- Table structure for table `oauth_access_tokens`
--

CREATE TABLE `oauth_access_tokens` (
  `id` varchar(100) COLLATE utf8mb4_unicode_ci NOT NULL,
  `user_id` int(11) DEFAULT NULL,
  `client_id` int(11) NOT NULL,
  `name` varchar(191) COLLATE utf8mb4_unicode_ci DEFAULT NULL,
  `scopes` text COLLATE utf8mb4_unicode_ci,
  `revoked` tinyint(1) NOT NULL,
  `created_at` timestamp NULL DEFAULT NULL,
  `updated_at` timestamp NULL DEFAULT NULL,
  `expires_at` datetime DEFAULT NULL
) ENGINE=InnoDB DEFAULT CHARSET=utf8mb4 COLLATE=utf8mb4_unicode_ci;

--
-- Dumping data for table `oauth_access_tokens`
--

INSERT INTO `oauth_access_tokens` (`id`, `user_id`, `client_id`, `name`, `scopes`, `revoked`, `created_at`, `updated_at`, `expires_at`) VALUES
('0241807618259a9277eea77e672c97cb567599a89e6ed1bd15ed6a90cdfbb57396ded00a58c9d4b5', 55, 2, NULL, '[]', 1, '2020-02-06 23:08:54', '2020-02-06 23:08:54', '2021-02-07 04:38:54'),
('04deb4f5313d0585fc19fde340e1d82a0bb2e5d17d06c2794b60cd31bb9c6c2deab3d9ddf3ab36f0', 11, 2, NULL, '[]', 1, '2019-08-06 04:07:02', '2019-08-06 04:07:02', '2020-08-06 09:37:02'),
('066b0d0a6c6d1e356079bbf9d587928351b9c64d1b4cefcbb801a8b79ceb22ea2e5d5205f77f5c0c', 55, 2, NULL, '[]', 0, '2020-02-06 23:08:48', '2020-02-06 23:08:48', '2021-02-07 04:38:48'),
('0880da91ec8aeabbb20bb5af22c0ccece9c5cdcd6b9bd95b1dd91c686f9c98facff8cea5702dc57a', 54, 2, NULL, '[]', 1, '2020-02-03 00:51:31', '2020-02-03 00:51:31', '2021-02-03 06:21:31'),
('0a173a4f3e3d29b21e86022dbffb4e423cc39af1368b8c0554d208480a6945d89164a9056619f0bc', 41, 2, NULL, '[]', 1, '2020-02-02 20:22:54', '2020-02-02 20:22:54', '2021-02-03 01:52:54'),
('0c700c0d3c5640b79f8e206cd298d58dc158e61279f5d3416c653c44edb65b478e4b575de8d682bc', 11, 2, NULL, '[]', 0, '2019-08-06 04:13:21', '2019-08-06 04:13:21', '2020-08-06 09:43:21'),
('10a2ee48b0704e485ac84029d830dfd14786e9fc24a76eb2dfda865d8f090ded0658fed3fea1c685', 23, 2, NULL, '[]', 1, '2019-09-29 20:47:38', '2019-09-29 20:47:38', '2020-09-30 02:17:38'),
('1202bb49254938ddd9f773890fdd162c09bb51d4b35f4d68564a91997ed06f0568db55ee61ac8025', 85, 2, NULL, '[]', 0, '2022-02-11 14:29:16', '2022-02-11 14:29:16', '2023-02-11 09:29:16'),
('1420ad920935f60695b7ae42a41fe9c778079c5b569df12f7316fe4c2096ca2e39a7dec6cde47a19', 8, 2, NULL, '[]', 1, '2019-08-02 07:11:13', '2019-08-02 07:11:13', '2020-08-02 12:41:13'),
('14988ce3506fb5faeef5500a039c37d42be2b82d979ca2703c58aa24040b22a85715e7be8ee95764', 41, 2, NULL, '[]', 1, '2020-02-04 21:50:26', '2020-02-04 21:50:26', '2021-02-05 03:20:26'),
('16b96feb5e9975c5212f52af0be14f5680ded2000c293b5298731b147c7231414ee12c70ecf48bf8', 55, 2, NULL, '[]', 1, '2020-02-07 00:23:48', '2020-02-07 00:23:48', '2021-02-07 05:53:48'),
('172552bbaecd9827f404f93a5b2bf3858eee9440c408ae6edf3302a862ce6c4473654511817959b5', 11, 2, NULL, '[]', 1, '2019-08-12 04:31:56', '2019-08-12 04:31:56', '2020-08-12 10:01:56'),
('1bec0e43de14a0e4c6f2de8d39bf9fe8a116caed316603f2ccdcf95ea3381833255671a02e873d62', 41, 2, NULL, '[]', 1, '2020-02-03 00:51:02', '2020-02-03 00:51:02', '2021-02-03 06:21:02'),
('1d66b47ec5145ed17df6708aedf4aadd796fd67bfc4cc0b8218314c2d6dc072b66437cfcdcce5c96', 55, 2, NULL, '[]', 1, '2020-02-06 22:58:29', '2020-02-06 22:58:29', '2021-02-07 04:28:29'),
('1e2ff79ee4b40ce66679d5815057b65f954fb12d42ac5b59a54c2f7e90551c48f7bba138e10dfc9f', 34, 2, NULL, '[]', 0, '2019-10-01 01:21:10', '2019-10-01 01:21:10', '2020-10-01 06:51:10'),
('20f18ced47610b90cd51752606235c8cbbedb6fdffbb933d8a8e77ca4681d373337a7b5e97398533', 45, 2, NULL, '[]', 0, '2019-11-25 02:52:26', '2019-11-25 02:52:26', '2020-11-25 08:22:26'),
('21225a6b6f8d8c5422da2d1e58f39587df9c4eae5839ff5c0fe36de21daa397bb66ed3e51ba7284d', 17, 2, NULL, '[]', 1, '2019-09-20 03:24:43', '2019-09-20 03:24:43', '2020-09-20 08:54:43'),
('218222780f57e8396d0a445b6be057b3d1057fd738bb20bd82264aab6be81eff0e270186558e98e6', 55, 2, NULL, '[]', 1, '2020-02-06 03:33:08', '2020-02-06 03:33:08', '2021-02-06 09:03:08'),
('22fbf17b335c10c5cf36cf84bb5d9595d681b46caa5f38bc7d0098e1d5ea1c5f961cf4774b8b49dc', 44, 2, NULL, '[]', 1, '2019-11-24 22:11:14', '2019-11-24 22:11:14', '2020-11-25 03:41:14'),
('2437fe3ee4277a00e64cabd72cd3ef4c89a16ce594e46958b0e09039255300f9848fa339a9bea9a0', 18, 2, NULL, '[]', 0, '2019-10-17 01:51:02', '2019-10-17 01:51:02', '2020-10-17 07:21:02'),
('24ce73600979c7ee0e4f56ee02b3c02eb639dcaa7de1cd719dad1d2a60af3f356ee055f0751f3c2e', 11, 2, NULL, '[]', 1, '2019-09-10 02:44:05', '2019-09-10 02:44:05', '2020-09-10 08:14:05'),
('26a59a74ab19caf216c25911989818dad8a046b6c8eb9ecd588c56e90c34bb572c58760f278724d7', 11, 2, NULL, '[]', 0, '2019-09-10 02:44:19', '2019-09-10 02:44:19', '2020-09-10 08:14:19'),
('280a6bd9b6b0ec97b1634cb2e6be8337d095a31ae3bb723889457ef3ebe640cbda026a2af82a30d8', 35, 2, NULL, '[]', 1, '2019-10-15 04:17:41', '2019-10-15 04:17:41', '2020-10-15 09:47:41'),
('292be05868d8cbc741f7b3d16387091edb856bd09ad2ff4989989db3d60d4618a033385231828d5f', 20, 2, NULL, '[]', 1, '2019-09-29 20:34:39', '2019-09-29 20:34:39', '2020-09-30 02:04:39'),
('298240d2b98bb3bbb6de3a02bfaeb7ac60ebcbac73d2fd4b151c1f4e2a9a7dd280e08c6b402bde95', 24, 2, NULL, '[]', 1, '2019-09-29 20:50:37', '2019-09-29 20:50:37', '2020-09-30 02:20:37'),
('298fc3bedfbe72b010f74aeab2a58bd7153fe536c476116c8a9f47a80facdc9b30f87b4583f6e1bc', 8, 2, NULL, '[]', 1, '2019-07-24 02:28:06', '2019-07-24 02:28:06', '2020-07-24 07:58:06'),
('2bedbc82d908dd1d8696d3981bbbb68f244b463f1cc060604337e985d67645f88007bb405865eee3', 26, 2, NULL, '[]', 0, '2019-10-01 00:12:21', '2019-10-01 00:12:21', '2020-10-01 05:42:21'),
('2e8a66868f27c01700b6b1a9d6270cf8038e3b88fd58d413f975835bde02ca8fd4511bcc716dbce8', 36, 2, NULL, '[]', 1, '2019-11-05 21:04:23', '2019-11-05 21:04:23', '2020-11-06 02:34:23'),
('2f04b30229a6558f4c1ca211ed975819b1ef4718209b9ea11ddc6193030861118ce3e0c39f156e9a', 11, 2, NULL, '[]', 0, '2019-09-10 03:41:54', '2019-09-10 03:41:54', '2020-09-10 09:11:54'),
('2f59421b64bd96965e1c096ebe39008bd572de1f0936909f1abe414ca99e3af1bfde534a49e3f58d', 51, 2, NULL, '[]', 1, '2020-01-13 00:05:32', '2020-01-13 00:05:32', '2021-01-13 05:35:32'),
('30659e89f70f3dd26b2a66a8f9c017b422c78a68a09bbf188fd8e4203e8d09796bb4b5ab7eb02b8d', 16, 2, NULL, '[]', 1, '2019-09-19 20:37:17', '2019-09-19 20:37:17', '2020-09-20 02:07:17'),
('33ab6d5d5197eeda9032338fd2d0e4f2600494848ee976ca84284e428acfcdd7fcc64bc81cbf7d9a', 37, 2, NULL, '[]', 1, '2019-11-06 01:54:16', '2019-11-06 01:54:16', '2020-11-06 07:24:16'),
('34dcf6da6580d6e5dbb832bdaa08e0e18c82299246965a9771dcc05c5c3fdae235573b235cc33f39', 15, 2, NULL, '[]', 1, '2019-09-25 02:54:37', '2019-09-25 02:54:37', '2020-09-25 08:24:37'),
('373435f91efaf923a548f930810d45b85c0bd2c84fad1e1b2a1576b8e09d9b9cc1c48c7bb47093b6', 11, 2, NULL, '[]', 1, '2019-08-27 03:51:02', '2019-08-27 03:51:02', '2020-08-27 09:21:02'),
('375cee477d0e1db2ca2b7b9d05ece56df0c158350bd63a88a29e3e64fd4f0dd18312fc3e8c8d6696', 42, 2, NULL, '[]', 1, '2019-11-19 00:03:59', '2019-11-19 00:03:59', '2020-11-19 05:33:59'),
('3949a6ba46438c5d6ffe93d0b6a9517315e991211741fce8f30d2fe25e65e4707a48ed2af0291316', 55, 2, NULL, '[]', 1, '2020-02-07 00:24:33', '2020-02-07 00:24:33', '2021-02-07 05:54:33'),
('3ad2bf12c443a7c196cb18ecf8f93069bb63942a0bd2ca92e884fb96b432e32442f222874302e7b9', 11, 2, NULL, '[]', 1, '2019-08-12 23:15:20', '2019-08-12 23:15:20', '2020-08-13 04:45:20'),
('3bd38a0a0aa5a7c84aa3fe72bda4aafca4d13f0b661b388f8ae998b62c28b9914b4bb724866f4c81', 55, 2, NULL, '[]', 0, '2020-02-09 22:43:25', '2020-02-09 22:43:25', '2021-02-10 04:13:25'),
('3f58a3e0d2057583ab19d1bebbdc7dec2d6ce55cf1ca97afce070bc41523da3070103756600a5460', 45, 2, NULL, '[]', 0, '2019-12-02 00:07:25', '2019-12-02 00:07:25', '2020-12-02 05:37:25'),
('3f5cce40b635e963e8ad92c43ad1d69b1c3139b8dec3c5ba7bcb04fdf7e40aab3ed43c02ab32ff02', 8, 2, NULL, '[]', 0, '2019-08-02 07:11:09', '2019-08-02 07:11:09', '2020-08-02 12:41:09'),
('400b2be5e4d199896c9059d7adec81e68b62b4f274da0b115865fc5cbb60fd51a922fdfb6de5782c', 55, 2, NULL, '[]', 1, '2020-02-06 22:35:24', '2020-02-06 22:35:24', '2021-02-07 04:05:24'),
('40607994b77937766ba2e960fa70df1a64654444f73e7009df54c17c33cef8760309f65a019f10b8', 11, 2, NULL, '[]', 0, '2019-08-30 04:14:54', '2019-08-30 04:14:54', '2020-08-30 09:44:54'),
('418b801d392a4c72a1cd9cd4622e1902b8d1924e4e1e06372ffaf5a80fa8305feeda3f215450fbcd', 30, 2, NULL, '[]', 1, '2019-10-01 00:40:20', '2019-10-01 00:40:20', '2020-10-01 06:10:20'),
('43317970ea66fed923ebeed1766a67ab8a85d8579257cf6817805baf099dff6d9bef7794b903f6f6', 47, 2, NULL, '[]', 1, '2019-12-04 00:16:19', '2019-12-04 00:16:19', '2020-12-04 05:46:19'),
('461e05236cdb95651e4f3f8f3e7486f72bee822c8e01569e1d8325557f886a53ee9b802dba14c9b7', 55, 2, NULL, '[]', 1, '2020-02-06 23:26:27', '2020-02-06 23:26:27', '2021-02-07 04:56:27'),
('46c0ee692d4855f89eb2d8dd762b58b9ec594cc140541168bc6c0ea3a71dbff9d527b4575e4f65b2', 52, 2, NULL, '[]', 1, '2020-01-13 20:40:47', '2020-01-13 20:40:47', '2021-01-14 02:10:47'),
('46d53177b94e0dbc95106e19e0311205f898ae6eced69adcc46f06bc418bb6d45e02e1ee3701b3e7', 28, 2, NULL, '[]', 0, '2019-10-01 00:32:41', '2019-10-01 00:32:41', '2020-10-01 06:02:41'),
('4879405d71eac792698b32386db554b8cd9988790bdb5d71a99a126ed5cb5748a20b16d820a19ae9', 50, 2, NULL, '[]', 1, '2019-12-16 19:17:05', '2019-12-16 19:17:05', '2020-12-17 00:47:05'),
('4885e52228aee1b3639d67b520d68dda34370841d9c9715dbd9f25f2e240177e85bf50b24879fa8d', 3, 2, NULL, '[]', 0, '2019-07-24 01:54:44', '2019-07-24 01:54:44', '2020-07-24 07:24:44'),
('4b94f1eca9ce8ac9e58f866fd746e6d4e1fc92c2b846f2118b3cb373c8d8a9918e87664b3d22517e', 35, 2, NULL, '[]', 1, '2019-10-16 04:16:21', '2019-10-16 04:16:21', '2020-10-16 09:46:21'),
('4bf5114b85e7996bfe092efb75927edec65c264bd713450530f0221652470ffd74b0a52eec58545a', 8, 2, NULL, '[]', 1, '2019-08-01 08:53:09', '2019-08-01 08:53:09', '2020-08-01 14:23:09'),
('4c0236827f95845a7ff65e664dacf83dc41223e62cd72c2948b82073d2033459498cfe3b9dad8be5', 6, 2, NULL, '[]', 0, '2019-07-24 02:06:14', '2019-07-24 02:06:14', '2020-07-24 07:36:14'),
('4f0c1a8a8e4306f4044d24ff55d796c83aa497c029457368ef5709e9770015d7a31e367f24e2e4f8', 45, 2, NULL, '[]', 1, '2019-12-01 23:07:47', '2019-12-01 23:07:47', '2020-12-02 04:37:47'),
('4f16848d931e3a6cd55add22c7e2822d9929699d0cf94e1f671901dcf6d9e22601bcc04992695039', 55, 2, NULL, '[]', 0, '2020-02-04 22:14:11', '2020-02-04 22:14:11', '2021-02-05 03:44:11'),
('503c216c388808c0d9eb4fb57f2cb7de11dbe09c34371ccd36e4148836b08d6e85d253c9e748302b', 2, 2, NULL, '[]', 0, '2019-07-24 01:41:07', '2019-07-24 01:41:07', '2020-07-24 07:11:07'),
('526efa666002ccbe1d97df1cf5e0907280e447043b3e7a2917641c66e68dc4a0614ffd786cc38fc0', 39, 2, NULL, '[]', 1, '2019-11-17 22:49:31', '2019-11-17 22:49:31', '2020-11-18 04:19:31'),
('533ad35f75f74e2ebb450f2bd3bcc7a00a096ccce57835451e8082f5d5e22343af6854b2bc475bc5', 55, 2, NULL, '[]', 1, '2020-02-06 22:34:00', '2020-02-06 22:34:00', '2021-02-07 04:04:00'),
('53410f5d87a307e0a8fde2a9d0c1f1edee1eb52c21e1195665dca4a760a2215be56d8d26966c0bdb', 49, 2, NULL, '[]', 0, '2019-12-05 22:22:51', '2019-12-05 22:22:51', '2020-12-06 03:52:51'),
('55eedd49f206d9f663a52902068bd7d939c579bac27eab6ffded7f31845961b992e370fa7fd4e432', 15, 2, NULL, '[]', 1, '2019-09-19 00:45:05', '2019-09-19 00:45:05', '2020-09-19 06:15:05'),
('56f63e7a99b69839bfe26ede4cc1b4b1b4f7bbe3b87ef7550981f95b15c5a0e4a67d3c2b5f220380', 55, 2, NULL, '[]', 0, '2020-02-09 23:36:22', '2020-02-09 23:36:22', '2021-02-10 05:06:22'),
('5a95d7d7a70cf741117f05c265ba8f71717e4a60821ffe39a97f5d6b0f6c9fb5475da119479e4c64', 55, 2, NULL, '[]', 0, '2020-02-06 22:58:26', '2020-02-06 22:58:26', '2021-02-07 04:28:26'),
('5b27e9bd09be31ad4c49bbe377f2a22580a5a6d877529817ef27887fb477af3d0aa040fcd5e0d515', 41, 2, NULL, '[]', 1, '2020-02-02 22:08:05', '2020-02-02 22:08:05', '2021-02-03 03:38:05'),
('5ce7b844a598e5fc4d6d0eeafa312f3f8b54fb5be00b523d3a968ee944d9f75a4814352f2af82e8e', 46, 2, NULL, '[]', 1, '2019-12-03 22:52:01', '2019-12-03 22:52:01', '2020-12-04 04:22:01'),
('5f69fa7d28550579f41d89736b767c005fc7f9285ed04dbb639bb6110ed3b3fed81fe64c5ab8acd5', 11, 2, NULL, '[]', 1, '2019-09-10 01:25:23', '2019-09-10 01:25:23', '2020-09-10 06:55:23'),
('5f83d1c63be75b64d73aa53730ad7a3ae8cdc2501241999d933f06ea16a3e8d6d2c0216ac53b1043', 44, 2, NULL, '[]', 1, '2019-11-20 19:55:28', '2019-11-20 19:55:28', '2020-11-21 01:25:28'),
('607da736018e3dd112509efb39cf07182d31c3efdba149956511e9013125465f3e835c0ca97224c7', 11, 2, NULL, '[]', 1, '2019-08-09 01:05:21', '2019-08-09 01:05:21', '2020-08-09 06:35:21'),
('624b7439c6639d5f1f179aac8c238813cd84a3adaef087c366bf53cd4648a0390eba91206dcd6c27', 44, 2, NULL, '[]', 1, '2019-11-21 19:24:16', '2019-11-21 19:24:16', '2020-11-22 00:54:16'),
('6288234d48676bf401f18a64e2180fa8a13494c1804032973462c6320fc484c9b54e1eaced19456b', 55, 2, NULL, '[]', 1, '2020-02-06 22:40:27', '2020-02-06 22:40:27', '2021-02-07 04:10:27'),
('6573fc165ebc1c417257fa03fb27d08c5ee0ca4c2307b883780e5c50ed6dec89fa7001d640f46e06', 14, 2, NULL, '[]', 0, '2019-09-04 03:33:23', '2019-09-04 03:33:23', '2020-09-04 09:03:23'),
('6598c6e3fbc4dfd4b07a3f90beed1ca3e79758821a88e73db4394b0de069e82631e4b97f0022eba0', 15, 2, NULL, '[]', 1, '2019-09-19 00:44:45', '2019-09-19 00:44:45', '2020-09-19 06:14:45'),
('67126a455a921dcf4c54bf9b53e9061900d89f509249b8d8a3f222dba10fc05665d7a551e76353b4', 25, 2, NULL, '[]', 1, '2019-09-30 23:39:08', '2019-09-30 23:39:08', '2020-10-01 05:09:08'),
('67dbdf9ceae5e03d51170f31ca5d0c009408fed3877579cbfc5d5757d495225c0d9cc98683f0f83c', 7, 2, NULL, '[]', 0, '2019-07-24 02:11:11', '2019-07-24 02:11:11', '2020-07-24 07:41:11'),
('683bc4f0ca8e2ec0ebb5a2f65ef64292d09180489c40e6ddbe3e2fd32e1ba9a92060d355bb88c92c', 45, 2, NULL, '[]', 1, '2019-11-27 03:44:37', '2019-11-27 03:44:37', '2020-11-27 09:14:37'),
('691f65ba52cf6069f9938503009014485050c38f2f4e9c68655a3bd6b4ac5bc1e597b495c46f1c37', 9, 2, NULL, '[]', 1, '2019-07-31 08:53:22', '2019-07-31 08:53:22', '2020-07-31 14:23:22'),
('698442b3d6e02bdcefc08473fa08dd7940cf0af5378141e09db9bcff04ae70e82d6731e3608d4726', 45, 2, NULL, '[]', 1, '2019-12-01 23:39:16', '2019-12-01 23:39:16', '2020-12-02 05:09:16'),
('6a346be04fe4ba36efbbe1b374f76ad85de27151efda9f53c9ce4b6f4e1ffe13ea38ff77f1b7bb5a', 55, 2, NULL, '[]', 1, '2020-02-04 22:15:10', '2020-02-04 22:15:10', '2021-02-05 03:45:10'),
('6b019497f373e4bb9a71f0dd065b80f844d3071409e94b7a74fdba41f311ad33b3e64ec0b3911e79', 35, 2, NULL, '[]', 0, '2019-10-17 01:53:16', '2019-10-17 01:53:16', '2020-10-17 07:23:16'),
('6d87f99d8e0c793945f6806e1436cabb55ebd7be82fe4d0a423f59eb0cee8f33b461eafe70fc90df', 41, 2, NULL, '[]', 1, '2019-11-18 01:04:46', '2019-11-18 01:04:46', '2020-11-18 06:34:46'),
('6f1c4e15976f3b6c336229591fe82c8f4daa5061f7ed4501b5219d276a2d5ff4aea3ec5f0375c0ee', 56, 2, NULL, '[]', 1, '2022-02-04 07:38:18', '2022-02-04 07:38:18', '2023-02-04 02:38:18'),
('6f7c5de884a29a8fdee3465814618233b17c601b4357e3bed9aa09ae20cdc2edbf5e3bb20fa49ee5', 53, 2, NULL, '[]', 1, '2020-01-27 19:39:14', '2020-01-27 19:39:14', '2021-01-28 01:09:14'),
('74d28b62f83fe87ccc387335ad0cbd3e5ef96bfb04f11064d8329bbecf2afc51fa99cec6332cfd5c', 71, 2, NULL, '[]', 1, '2022-02-11 11:33:38', '2022-02-11 11:33:38', '2023-02-11 06:33:38'),
('7842274325583d4160ced35b6c1f6e1d26b5b92ae428e9a152d8e85763dff41e19b2c53675dd2980', 11, 2, NULL, '[]', 1, '2019-09-10 03:08:25', '2019-09-10 03:08:25', '2020-09-10 08:38:25'),
('78c8d940f830ac91f86c0d20c356ea2967ae674fe9358670e9972bb406dd014004ff8d56c4ad32eb', 55, 2, NULL, '[]', 1, '2020-02-06 22:44:30', '2020-02-06 22:44:30', '2021-02-07 04:14:30'),
('7a9a8a52ea51463ec798d0afb391c1a2a403eaf8ee99a8562f159bdc8fc8e3725904d0b8a0500fb1', 22, 2, NULL, '[]', 1, '2019-09-29 20:46:40', '2019-09-29 20:46:40', '2020-09-30 02:16:40'),
('7c7c73231e13c49303dc76e092213fc593c7f6ad599c037d7addebbaef4ba183116a44e7bbe9b522', 45, 2, NULL, '[]', 1, '2019-12-01 23:38:40', '2019-12-01 23:38:40', '2020-12-02 05:08:40'),
('7de35fb74743a5d1b26bd2ad09ae00c5f4273c9d89db8b3c640f2ab2d3092fcaccd3d526bd3f3d0a', 43, 2, NULL, '[]', 1, '2019-11-19 01:51:43', '2019-11-19 01:51:43', '2020-11-19 07:21:43'),
('7e11efd50fefed9c51c9f383829b32951b9e65bd453ac56b34cf1d62a263ee96ceabffc52ecce22a', 13, 2, NULL, '[]', 1, '2019-08-09 01:05:43', '2019-08-09 01:05:43', '2020-08-09 06:35:43'),
('7f321bbb7269deecb962e6ee725cddae04ac1dfee8e4e7ce1498f341333be49c4cecb46d4dd52cfb', 11, 2, NULL, '[]', 0, '2019-08-27 04:30:31', '2019-08-27 04:30:31', '2020-08-27 10:00:31'),
('7fcd845882e275fc39e9682f27dadfc89eb40fa3bafab98e39fac4d023d720f43c889a387d40324a', 27, 2, NULL, '[]', 0, '2019-10-01 00:12:59', '2019-10-01 00:12:59', '2020-10-01 05:42:59'),
('8003c69c90a0e6b5d93b1556180d79ed7315f4b11b687ec916be3e8bfda6bf5cf685fe7d7ab09093', 55, 2, NULL, '[]', 1, '2020-02-06 22:49:28', '2020-02-06 22:49:28', '2021-02-07 04:19:28'),
('80bcea71af22189c740790c2ace973d4e431da5f907261154e1f6441f92c7bb1a42a2037897f24af', 35, 2, NULL, '[]', 1, '2019-10-15 04:17:19', '2019-10-15 04:17:19', '2020-10-15 09:47:19'),
('810ded8fc46f3f22c0912636934f975c44f1fabefaf3fc1c04b5e0daab395eca4ebb57c6ac0ced1f', 35, 2, NULL, '[]', 1, '2019-10-16 04:19:33', '2019-10-16 04:19:33', '2020-10-16 09:49:33'),
('81c419487acbadc0c44b3431581cd491899156676350bdfa8314b32be5062a77d9c39e2c4f15f67d', 86, 2, NULL, '[]', 0, '2022-02-13 22:13:38', '2022-02-13 22:13:38', '2023-02-13 17:13:38'),
('81ff59a3ae24c0144311e00412817b4348929d97aab9ea6a155ac8d3ffe63044165582943ecef7d4', 52, 2, NULL, '[]', 1, '2020-01-13 00:48:52', '2020-01-13 00:48:52', '2021-01-13 06:18:52'),
('83079fe4492082db051e64a9efa080b785ed2003a176b85ddee597c0a60d171c024dcc285f784f39', 41, 2, NULL, '[]', 0, '2020-02-04 22:33:32', '2020-02-04 22:33:32', '2021-02-05 04:03:32'),
('843a34f06dca096a4067cd31ec9cb553f85a1129d6e635dd124d431652966936c0bc8625a6d87537', 55, 2, NULL, '[]', 1, '2020-02-06 23:59:17', '2020-02-06 23:59:17', '2021-02-07 05:29:17'),
('84c6a7693598513759376138f5d39c2adf3e563b8b3222eb72740b8f91da56eb1052daf8e1117a6c', 9, 2, NULL, '[]', 1, '2019-08-01 08:52:37', '2019-08-01 08:52:37', '2020-08-01 14:22:37'),
('85852f843bd08ac3e3eeeb051060650b32999c9045b4906a483529c427b85f79275c43a979673db2', 41, 2, NULL, '[]', 1, '2020-02-05 01:34:52', '2020-02-05 01:34:52', '2021-02-05 07:04:52'),
('87312c5f25b27eb3fe1b393a6de2523973344acab40042adb8655847f7a66f9117bb0a691c661b39', 84, 2, NULL, '[]', 0, '2022-02-11 14:24:28', '2022-02-11 14:24:28', '2023-02-11 09:24:28'),
('8956a337e1f5320788f3f0a9b067aabababce79e714f7959758536fb2fd36527f072cb3f44dffcae', 9, 2, NULL, '[]', 1, '2019-08-01 08:52:56', '2019-08-01 08:52:56', '2020-08-01 14:22:56'),
('8ae7114828ae0dedef2dc1ab27b55ea9787dcc23ade298f5c75a2116f0253f8c2b94b56bcc06d210', 41, 2, NULL, '[]', 1, '2020-02-04 21:05:05', '2020-02-04 21:05:05', '2021-02-05 02:35:05'),
('8cab904626c67a79ded1b08c1ac2be8f0002b2f221adc988c67fe57f1b2ec3785bd2d12af5843db5', 8, 2, NULL, '[]', 1, '2019-08-01 07:47:54', '2019-08-01 07:47:54', '2020-08-01 13:17:54'),
('8e3b01db0baf5199494f48eb2bce1a932b9b016ca41c87404757fd9ac872c8af24995cbf19254fc1', 5, 2, NULL, '[]', 0, '2019-07-24 02:04:01', '2019-07-24 02:04:01', '2020-07-24 07:34:01'),
('90c710dc40df23aceddff9f0fb6df94cc2901fc18185ec6ba4b3c8c88dedb1c049fbf4abd7f44e31', 8, 2, NULL, '[]', 0, '2019-08-02 07:11:12', '2019-08-02 07:11:12', '2020-08-02 12:41:12'),
('90e6f3b1e6221f1ecff2aa31c5f87a352bd9bf7c638aed9fd5b058e848af30b40d26c17803db7d94', 11, 2, NULL, '[]', 0, '2019-09-04 02:59:47', '2019-09-04 02:59:47', '2020-09-04 08:29:47'),
('9204c117f61310eaf456a70f42cf9abfbaed407567c2a4421cbac1913137a0db71b0f6a157394141', 55, 2, NULL, '[]', 1, '2020-02-05 19:37:33', '2020-02-05 19:37:33', '2021-02-06 01:07:33'),
('93601700ace9577747b53c497e58042367e9fafecef2e4edf54def3ed30a6ae3a49e6949f516b0de', 10, 2, NULL, '[]', 1, '2019-07-31 08:53:57', '2019-07-31 08:53:57', '2020-07-31 14:23:57'),
('939184075569bd14ae114c6309de1fc9d0bcb9c9b2b1b4fb56213590306ba68b8743f58b619f3c6a', 11, 2, NULL, '[]', 1, '2019-09-10 01:53:22', '2019-09-10 01:53:22', '2020-09-10 07:23:22'),
('93ae03da67cfa91b55cdfb5ed6de6246ae0f17a1f9c89122e5b4dc4663811a32cd95b4c99e6a3910', 11, 2, NULL, '[]', 1, '2019-08-15 20:53:26', '2019-08-15 20:53:26', '2020-08-16 02:23:26'),
('94c13557d6a808d8c1258532bb3a6f2618e211d168a2233cbbc022d6314634614eeef47776710653', 13, 2, NULL, '[]', 1, '2019-08-09 00:35:19', '2019-08-09 00:35:19', '2020-08-09 06:05:19'),
('95796fb611b00bcacf788820493f6118f374508671f83bcbb6177ffeb4b3a1c0d659fa1c22713049', 2, 2, NULL, '[]', 1, '2019-07-24 01:42:11', '2019-07-24 01:42:11', '2020-07-24 07:12:11'),
('9a44d3237a9ca5800a1ac8116ca8444bc2a7c36fa349f8cf1b773d244c99e5344070128c79122459', 57, 2, NULL, '[]', 1, '2022-02-11 04:35:03', '2022-02-11 04:35:03', '2023-02-10 23:35:03'),
('9af862f98a9171685220895b9a738b23d8a3b7548ef9259c671c05a9e6f7ab61cf63f8d3fdfe891e', 9, 2, NULL, '[]', 1, '2019-08-01 09:00:01', '2019-08-01 09:00:01', '2020-08-01 14:30:01'),
('9d7c9ab52223545c34d4feddb07f1ea6e7c066820c2d701dc6f0b660b3d5d68c56817fd076f25d6a', 55, 2, NULL, '[]', 0, '2020-02-04 22:18:25', '2020-02-04 22:18:25', '2021-02-05 03:48:25'),
('9fc10b769e19242a68b02ca627d2095fa56b6d62d8b5b44820b9ad8a7a4726dfe20333867b5279d3', 48, 2, NULL, '[]', 0, '2019-12-04 00:37:36', '2019-12-04 00:37:36', '2020-12-04 06:07:36'),
('a2ec6bfe46f80268ee5537f4cb3d86e525e9e850ee713b6ceaeae03192250b152927815fc9797f23', 1, 2, NULL, '[]', 1, '2019-07-18 02:22:59', '2019-07-18 02:22:59', '2020-07-18 07:52:59'),
('a39267fadae51d7465eef60a32f9809eb0c071abdbe3249f531dc9e40f2e5bc6d699ff4cb5b119fe', 8, 2, NULL, '[]', 0, '2019-08-02 07:11:13', '2019-08-02 07:11:13', '2020-08-02 12:41:13'),
('a4967ee4453dbe16b747ee040c612cd9030ccc22f549491cbe84eaa8cdb746a96d5bfc2d31f7d01e', 55, 2, NULL, '[]', 1, '2020-02-05 20:17:16', '2020-02-05 20:17:16', '2021-02-06 01:47:16'),
('a49f465e5da5d19442c3f342f2e56aec2ab4dbc5c75f6fe5c922193d421468f168f300a814014d52', 11, 2, NULL, '[]', 1, '2019-08-19 03:07:24', '2019-08-19 03:07:24', '2020-08-19 08:37:24'),
('a67cb42058f46be0cc44ef6b9d35a4121d42386e4aab027f3baf38b510a2a4d4cff01a473f957558', 35, 2, NULL, '[]', 1, '2019-10-01 04:07:46', '2019-10-01 04:07:46', '2020-10-01 09:37:46'),
('a72d368ce2c98595cce04b9e5f4693c4559a2f1d9c3ee72cb2ffc9a78807b3f2dbad760e209a4d34', 32, 2, NULL, '[]', 1, '2019-10-01 01:12:44', '2019-10-01 01:12:44', '2020-10-01 06:42:44'),
('aa262b35a7d064d1a0692d2a7373b536d71ac5e04976dae7df1700a5638aa633beed506d0ef29af4', 55, 2, NULL, '[]', 1, '2020-02-05 19:46:20', '2020-02-05 19:46:20', '2021-02-06 01:16:20'),
('ab0a95c7a8cb4b6503f839ee32ee5ce9765461abea549406dd1342c8c77d374648e7c16cad25dfb9', 35, 2, NULL, '[]', 1, '2019-10-01 04:07:14', '2019-10-01 04:07:14', '2020-10-01 09:37:14'),
('ab4bb87d59dab8690f481e2ef20de6d4ed372c9430e44ed268644cf24ec6de62482a6bcf9a7f7cd2', 15, 2, NULL, '[]', 1, '2019-09-25 00:00:19', '2019-09-25 00:00:19', '2020-09-25 05:30:19'),
('ab9deba217d90b8cfdc1ed14068c6482a76cb5467e3772daa0fd11c42ad8babcd35d5871ede94530', 36, 2, NULL, '[]', 1, '2019-11-05 20:02:22', '2019-11-05 20:02:22', '2020-11-06 01:32:22'),
('ae61d1d29cf9d605e243a266b972bd5e3f3d1de789a602d5fce7532c2a7b021f4cc81f09e0d7f210', 55, 2, NULL, '[]', 0, '2020-02-06 22:58:24', '2020-02-06 22:58:24', '2021-02-07 04:28:24'),
('af7e7018aad3847b6d8e8817fcd43871422e0efd8c8a74542ef8916a1ac3018dd69de9755911ee41', 55, 2, NULL, '[]', 1, '2020-02-07 00:23:18', '2020-02-07 00:23:18', '2021-02-07 05:53:18'),
('b32f936eb7c15dfa4d933209f781fca66854b235236d482c96e1cd143719b003834d07d4ede1b19f', 55, 2, NULL, '[]', 1, '2020-02-07 00:16:13', '2020-02-07 00:16:13', '2021-02-07 05:46:13'),
('b3b5a19b45c3d5e7d650b72e4729b07e8c57703d115333699324eafa5ecf7e04bc8beb21b81364a5', 55, 2, NULL, '[]', 1, '2020-02-07 00:32:00', '2020-02-07 00:32:00', '2021-02-07 06:02:00'),
('b8181b7f973424e37eb476cab44f40ea9b433124fc6ee2872599405396de13de859614e5b1291f7f', 55, 2, NULL, '[]', 1, '2020-02-07 00:38:40', '2020-02-07 00:38:40', '2021-02-07 06:08:40'),
('b8e21f9d4462e8a247bf626e619be8976303fe7bedbb685132693eaab3eda06a5e5f7887334d74df', 45, 2, NULL, '[]', 1, '2019-12-02 03:00:23', '2019-12-02 03:00:23', '2020-12-02 08:30:23'),
('b95e01e9d6ec662af5cbbb5503a905f13e7ab6c43376996c9e97a8eb8a6128ac6f4594c375d3aca6', 8, 2, NULL, '[]', 0, '2019-08-02 07:11:09', '2019-08-02 07:11:09', '2020-08-02 12:41:09'),
('ba41af29f04a6b6685a792ee0722b6b8406c3a81caa9f21c157e95f11d20e9685a4eeccd276ecc8f', 45, 2, NULL, '[]', 1, '2019-12-01 23:16:01', '2019-12-01 23:16:01', '2020-12-02 04:46:01'),
('ba74bd39a31d64b7a781ee9533fc10b081b4c1709da1281d05d1f6c46a77f7fa9fd6c4aa2e90d9ae', 40, 2, NULL, '[]', 1, '2019-11-18 00:29:14', '2019-11-18 00:29:14', '2020-11-18 05:59:14'),
('bca93bd3713fd5cf2b5bcd23ec09aa404d9c8b56ddf843745703008713546affced36c61e4d5aa76', 38, 2, NULL, '[]', 1, '2019-11-17 22:25:41', '2019-11-17 22:25:41', '2020-11-18 03:55:41'),
('bda59aa24a1410e5ab52125fdd271d717c10a0736fa93b408cb84baa1b2a44143432381aa6f83a93', 57, 2, NULL, '[]', 1, '2022-02-09 07:05:40', '2022-02-09 07:05:40', '2023-02-09 02:05:40'),
('bfe6a08b463894d5bbfae2402d2a0a75795e9c918f0c1dbff899dfdd58594e0f8c4d8312939b6122', 8, 2, NULL, '[]', 0, '2019-08-02 07:11:09', '2019-08-02 07:11:09', '2020-08-02 12:41:09'),
('c25f3b85d09d689cacddaef9ff9ea0f5267aa0f63192b3d01945b0172e711fe273b2b54b94e00955', 14, 2, NULL, '[]', 0, '2019-09-04 03:33:31', '2019-09-04 03:33:31', '2020-09-04 09:03:31'),
('c2661bd7ef358b9155cc1fc25fe24612eab66bb407dc31301d210f9b30d3ee8b75e0cd87a86b2d07', 55, 2, NULL, '[]', 1, '2020-02-05 01:58:32', '2020-02-05 01:58:32', '2021-02-05 07:28:32'),
('c4d3b84df3db7a78e86ba7a44b7a6d2fc1476501c89592e66d9c631f46f5036c942f9ae062e6a630', 21, 2, NULL, '[]', 1, '2019-09-29 20:42:55', '2019-09-29 20:42:55', '2020-09-30 02:12:55'),
('c547eade4340e00a846ba5ebadb70e37a5f1e5bda480fec9542744746dc5f06bc7f02ae328d8f42c', 18, 2, NULL, '[]', 0, '2019-09-27 01:53:59', '2019-09-27 01:53:59', '2020-09-27 07:23:59'),
('c76b80e66b7be6d9c186ad07a6602b4da805b80ac02a97316debf02296cae197b48f2c4f651510b7', 83, 2, NULL, '[]', 0, '2022-02-11 13:33:29', '2022-02-11 13:33:29', '2023-02-11 08:33:29'),
('c7f2231022715c198e49b2d091ce9a0b6af8b692e56edb90dfb1a87d0d543918315fc880341e2cbf', 1, 2, NULL, '[]', 0, '2019-07-19 05:57:38', '2019-07-19 05:57:38', '2020-07-19 11:27:38'),
('c81ea389d542e0af761a33122637bcc7647928b12be44feb5531b81bb847c22b2ac4a329666fb900', 11, 2, NULL, '[]', 1, '2019-08-12 04:23:11', '2019-08-12 04:23:11', '2020-08-12 09:53:11'),
('cadbef483f2ce38dc8c828e598cfcd33e7866207b8570d939c65cc66f8493eb39b5781a8a9e74b3d', 55, 2, NULL, '[]', 0, '2020-02-04 22:11:43', '2020-02-04 22:11:43', '2021-02-05 03:41:43'),
('cc29bfadfcef7204860f3f0c3ad1f2e3b228739df187a568bf6dd8a88f9345aecbeff0975f54dba8', 35, 2, NULL, '[]', 1, '2019-10-15 04:06:07', '2019-10-15 04:06:07', '2020-10-15 09:36:07'),
('cce72bd09bc3684c6a4f1198db786ab42dea490b33397c9eb3c549df136e257d15e16087a5cdf905', 29, 2, NULL, '[]', 1, '2019-10-01 00:33:16', '2019-10-01 00:33:16', '2020-10-01 06:03:16'),
('cd3f7a05d85e61f8e6c92c0a2fcc4279dcc1f613212f3ef894cbd96d5b155a396163ff21af9b6a2b', 55, 2, NULL, '[]', 1, '2020-02-04 21:53:28', '2020-02-04 21:53:28', '2021-02-05 03:23:28'),
('cfc2b980594542717195650af4f9271abd6c69195fbbb2bf8d532e7b54cddb43048eb029dfc71343', 36, 2, NULL, '[]', 1, '2019-11-06 19:31:21', '2019-11-06 19:31:21', '2020-11-07 01:01:21'),
('d40a6ac46d4d7a581148e2067c6f452faa8f2d2cda4892d536743a505777365d6ab0254c3a0ed07e', 8, 2, NULL, '[]', 1, '2019-08-01 09:00:21', '2019-08-01 09:00:21', '2020-08-01 14:30:21'),
('d499e940202ff04370eb1a995c97f732825d0b045e9c8ed97ef197feac97f83b2bc158d6a6e07d09', 35, 2, NULL, '[]', 1, '2019-10-15 04:08:03', '2019-10-15 04:08:03', '2020-10-15 09:38:03'),
('d4b2c00818b3a2b85c3b026234014f477e63354b0b61a6fe6b12c666a25682022e6b32746f7fa69a', 55, 2, NULL, '[]', 1, '2020-02-07 00:04:31', '2020-02-07 00:04:31', '2021-02-07 05:34:31'),
('d5f8603397aa94746a5c7585b7bebc443a55377c974d7e65cd717bd2a8e14228cd2ea0e23188a4f9', 60, 2, NULL, '[]', 1, '2022-02-11 04:36:46', '2022-02-11 04:36:46', '2023-02-10 23:36:46'),
('d71e1c58a1ee32a2b3de43c4d7a27142b60dde5cf286858b8a1ce3ec3bdbc0769754a179e4f6448c', 41, 2, NULL, '[]', 1, '2020-02-04 19:00:54', '2020-02-04 19:00:54', '2021-02-05 00:30:54'),
('d7a3a475aa67ebea98534facc17ff489a4782bfed8ae3742c499c2f67e4b844285f7af25e2c06126', 41, 2, NULL, '[]', 1, '2020-02-04 21:12:24', '2020-02-04 21:12:24', '2021-02-05 02:42:24'),
('d7c0ca997becfd3875480d880d6bf3b66ed74c6f032100667681362a430de36032ab9215fc9b6ded', 52, 2, NULL, '[]', 0, '2020-01-13 20:41:38', '2020-01-13 20:41:38', '2021-01-14 02:11:38'),
('d811128a35026a6b4a6835c23ce9f2d46c5787072fc6e500a20acc1bdc27e6cbccd26b271a4d1931', 57, 2, NULL, '[]', 1, '2022-02-11 04:35:45', '2022-02-11 04:35:45', '2023-02-10 23:35:45'),
('dabdb49271b93cca181b0ae6f743adc4ee0f083f2196fe80b774ddffd64ede7e23bd91ee36349988', 33, 2, NULL, '[]', 1, '2019-10-01 01:14:58', '2019-10-01 01:14:58', '2020-10-01 06:44:58'),
('dadfa83b770f56f25af40d5dffc52c7a4f073b6d5865716022792edb4bf6a8524f6ca8316e5a32e0', 11, 2, NULL, '[]', 1, '2019-08-12 04:23:44', '2019-08-12 04:23:44', '2020-08-12 09:53:44'),
('daf78b87f9ac5f6abdccb954edf4815eb77904217d7db8ca80c47ba2f9246aa80b45d42533e2471d', 55, 2, NULL, '[]', 1, '2020-02-09 22:40:37', '2020-02-09 22:40:37', '2021-02-10 04:10:37'),
('dc2cb6a74795e314277819fcb561d3f8d3057f533f4e91da3764b587821cee196052973fb8519b85', 15, 2, NULL, '[]', 1, '2019-09-19 00:53:18', '2019-09-19 00:53:18', '2020-09-19 06:23:18'),
('dccf46663e4a97232834cb32dc122ccc2ddb5a72b1675b0266d48a02993df042efb26cf3d85b63f1', 36, 2, NULL, '[]', 1, '2019-11-17 21:06:58', '2019-11-17 21:06:58', '2020-11-18 02:36:58'),
('de1a42e0f2c083d32f8642680e50702bf4a41ee19ff6235feab2b9daf04bf791f308d62bf14539ba', 41, 2, NULL, '[]', 0, '2020-02-04 22:49:22', '2020-02-04 22:49:22', '2021-02-05 04:19:22'),
('e06b8439b5b172117f03c71c7b2af499e5daaf1ddb4a5f5d9515b79aabae9c71ba9be0710fae3edb', 11, 2, NULL, '[]', 1, '2019-08-09 01:32:47', '2019-08-09 01:32:47', '2020-08-09 07:02:47'),
('e0d90a264c2217a60959239cdda04b8b80b1345484067b990a94c1fb7af504d69ef45535bc74bf34', 18, 2, NULL, '[]', 1, '2019-10-16 04:17:43', '2019-10-16 04:17:43', '2020-10-16 09:47:43'),
('e0fc72f56d39dbdd5c81286e92e971ee16fa1aedcbf7c7604e8144ba768897876dfde3c299f64d1a', 11, 2, NULL, '[]', 0, '2019-09-10 03:08:37', '2019-09-10 03:08:37', '2020-09-10 08:38:37'),
('e16e46eadfe208814ab1081d4ef7738734fcbb8f2f3713684b3f367d06ff1d5ad43de53a49b5eca4', 55, 2, NULL, '[]', 0, '2020-02-06 22:58:10', '2020-02-06 22:58:10', '2021-02-07 04:28:09'),
('e1c50c36f3f1edb02e77644bf72caad82ddb0f9439a46deae3c64186cebad879f479a0037ab9e523', 8, 2, NULL, '[]', 1, '2019-08-06 03:59:07', '2019-08-06 03:59:07', '2020-08-06 09:29:07'),
('e34975d696984a777ba894a172a2a479f55b837cae2412ac481e14e67e9ae1cc47b703340fd1d445', 19, 2, NULL, '[]', 1, '2019-09-29 20:24:29', '2019-09-29 20:24:29', '2020-09-30 01:54:29'),
('e39259c3d84e642b889b69d09a099371738248809a2b39fad224d21612c13d511cd75a23f380a779', 31, 2, NULL, '[]', 1, '2019-10-01 00:53:47', '2019-10-01 00:53:47', '2020-10-01 06:23:47'),
('e81b1b903eba7279c0312fd74293817c4d207d5531975b31e9eafce57326ad0db5d90abd2be95521', 41, 2, NULL, '[]', 1, '2020-02-02 23:10:07', '2020-02-02 23:10:07', '2021-02-03 04:40:07'),
('e93c42031abd628287e6a2634b89fba692e56b7e6902059231b0b196450320aea21bfd5ed6d7ebd3', 36, 2, NULL, '[]', 1, '2019-11-06 00:01:51', '2019-11-06 00:01:51', '2020-11-06 05:31:51'),
('e9a4045f5a48b308df5396dc7115b5c9169008670dd60d69b3a194cd357c1df29e262223beb7aed4', 15, 2, NULL, '[]', 1, '2019-09-19 02:57:07', '2019-09-19 02:57:07', '2020-09-19 08:27:07'),
('eb819b35fb922de350ef4a1aefb276b089c5b7a739149a52f3f8b010b59c2aeb718e99ee477f5fa1', 45, 2, NULL, '[]', 1, '2019-12-01 23:44:16', '2019-12-01 23:44:16', '2020-12-02 05:14:16'),
('ecc286e7ee20e5760a75cc930dcfd7484466ce24ec584ee663aaea90679501e3b2ef35a5421094f4', 9, 2, NULL, '[]', 1, '2019-07-31 07:38:45', '2019-07-31 07:38:45', '2020-07-31 13:08:45'),
('ecf73b6ac30d81197e1ca035449be4f8ef359f3da4df51bada208df3dd013b69bf83c19bfcfdd9a3', 56, 2, NULL, '[]', 1, '2022-02-04 07:15:19', '2022-02-04 07:15:19', '2023-02-04 02:15:19'),
('ef98380a7fb7efd8b844041926592d21b8d69c67af898ba86d05fc6352101bd6cff939631b25df31', 4, 2, NULL, '[]', 0, '2019-07-24 01:59:42', '2019-07-24 01:59:42', '2020-07-24 07:29:42'),
('f084f3a86d4b0084d61543cfb19d8ce77cba1da286340a33f06e74b42f78a18c1fe9655bf42898f4', 15, 2, NULL, '[]', 1, '2019-09-19 23:21:31', '2019-09-19 23:21:31', '2020-09-20 04:51:31'),
('f0932266a634a5e6267341c35196330e798ddab33b19b605532d0fee63274158b44d33e6b2dafbf2', 8, 2, NULL, '[]', 0, '2019-08-02 07:11:13', '2019-08-02 07:11:13', '2020-08-02 12:41:13'),
('f1a9a13d8cfa8b6e4f55619824d5f853edf6d5de34c90579a8ebc633f444e90d3b7c1f877c53f402', 11, 2, NULL, '[]', 1, '2019-09-01 21:08:19', '2019-09-01 21:08:19', '2020-09-02 02:38:19'),
('f454f85e3479560c1ba03e03c341a5a2760cf7030b5f4aebfbbf2d5bf9cfd9a0c165b5a588c79569', 9, 2, NULL, '[]', 1, '2019-08-01 08:52:15', '2019-08-01 08:52:15', '2020-08-01 14:22:15'),
('f45538d88c6703fc4e5f9bd28b5e31f46bda52dcec48912703b85747cc12d4b968e7997e2ff368da', 10, 2, NULL, '[]', 1, '2019-07-31 09:45:07', '2019-07-31 09:45:07', '2020-07-31 15:15:07'),
('f9932fdc4c9f05c68db4e85c3f7daa18321950220530b66c8c513b30b12ba2fbba2b55429b9a984c', 1, 2, NULL, '[]', 0, '2019-07-18 02:21:38', '2019-07-18 02:21:38', '2020-07-18 07:51:38'),
('f9da10e982a8b0c74561701a2966569123593ef72b0a5993aead59400d6fbbe6a3e81cd161b9ad5f', 11, 2, NULL, '[]', 1, '2019-08-15 20:47:19', '2019-08-15 20:47:19', '2020-08-16 02:17:19'),
('fc2514d4b0b36e84dcc03ac019cc09026731d49e8afb8c3c20b13f893a9b3d90753a14fa9a8d8bb8', 8, 2, NULL, '[]', 0, '2019-07-24 02:24:44', '2019-07-24 02:24:44', '2020-07-24 07:54:44'),
('fd1c4f575e8f7f1086cdd8393b7a53219558430278e078b78ac199244c2c34171590606570350c70', 15, 2, NULL, '[]', 0, '2019-09-25 03:54:29', '2019-09-25 03:54:29', '2020-09-25 09:24:29');

-- --------------------------------------------------------

--
-- Table structure for table `oauth_auth_codes`
--

CREATE TABLE `oauth_auth_codes` (
  `id` varchar(100) COLLATE utf8mb4_unicode_ci NOT NULL,
  `user_id` int(11) NOT NULL,
  `client_id` int(11) NOT NULL,
  `scopes` text COLLATE utf8mb4_unicode_ci,
  `revoked` tinyint(1) NOT NULL,
  `expires_at` datetime DEFAULT NULL
) ENGINE=InnoDB DEFAULT CHARSET=utf8mb4 COLLATE=utf8mb4_unicode_ci;

-- --------------------------------------------------------

--
-- Table structure for table `oauth_clients`
--

CREATE TABLE `oauth_clients` (
  `id` int(10) UNSIGNED NOT NULL,
  `user_id` int(11) DEFAULT NULL,
  `name` varchar(191) COLLATE utf8mb4_unicode_ci NOT NULL,
  `secret` varchar(100) COLLATE utf8mb4_unicode_ci NOT NULL,
  `redirect` text COLLATE utf8mb4_unicode_ci NOT NULL,
  `personal_access_client` tinyint(1) NOT NULL,
  `password_client` tinyint(1) NOT NULL,
  `revoked` tinyint(1) NOT NULL,
  `created_at` timestamp NULL DEFAULT NULL,
  `updated_at` timestamp NULL DEFAULT NULL
) ENGINE=InnoDB DEFAULT CHARSET=utf8mb4 COLLATE=utf8mb4_unicode_ci;

--
-- Dumping data for table `oauth_clients`
--

INSERT INTO `oauth_clients` (`id`, `user_id`, `name`, `secret`, `redirect`, `personal_access_client`, `password_client`, `revoked`, `created_at`, `updated_at`) VALUES
(1, NULL, 'Laravel Personal Access Client', 'VVYRJwBIGPn2HCR4mf63RxSCfKWkjYqDJE51ZtxF', 'http://localhost', 1, 0, 0, '2018-09-17 05:39:34', '2018-09-17 05:39:34'),
(2, NULL, 'Laravel Password Grant Client', 'DSniq1wwLwyWxEoPMp7PKMnb6t25OT11OYse4iv5', 'http://localhost', 0, 1, 0, '2018-09-17 05:39:35', '2018-09-17 05:39:35'),
(3, NULL, 'Laravel Personal Access Client', 'n4IQ3koYL0BWmj81qV5vJj9YiO6pvsrVfeCjkuKq', 'http://localhost', 1, 0, 0, '2018-09-17 05:48:31', '2018-09-17 05:48:31'),
(4, NULL, 'Laravel Password Grant Client', 'BSOlR9EtoL7kPCAgM8UJTxMKhj6zitCcEnkoSOTT', 'http://localhost', 0, 1, 0, '2018-09-17 05:48:31', '2018-09-17 05:48:31'),
(5, 1, 'Self', 'YSvZdwr5jzFqgqIIScwv3dKIgdIkGYB4jekT0rTu', 'http://localhost/auth/callback', 0, 0, 0, '2018-09-17 05:53:53', '2018-09-17 05:53:53');

-- --------------------------------------------------------

--
-- Table structure for table `oauth_personal_access_clients`
--

CREATE TABLE `oauth_personal_access_clients` (
  `id` int(10) UNSIGNED NOT NULL,
  `client_id` int(11) NOT NULL,
  `created_at` timestamp NULL DEFAULT NULL,
  `updated_at` timestamp NULL DEFAULT NULL
) ENGINE=InnoDB DEFAULT CHARSET=utf8mb4 COLLATE=utf8mb4_unicode_ci;

-- --------------------------------------------------------

--
-- Table structure for table `oauth_refresh_tokens`
--

CREATE TABLE `oauth_refresh_tokens` (
  `id` varchar(100) COLLATE utf8mb4_unicode_ci NOT NULL,
  `access_token_id` varchar(100) COLLATE utf8mb4_unicode_ci NOT NULL,
  `revoked` tinyint(1) NOT NULL,
  `expires_at` datetime DEFAULT NULL
) ENGINE=InnoDB DEFAULT CHARSET=utf8mb4 COLLATE=utf8mb4_unicode_ci;

--
-- Dumping data for table `oauth_refresh_tokens`
--

INSERT INTO `oauth_refresh_tokens` (`id`, `access_token_id`, `revoked`, `expires_at`) VALUES
('002f38539389ede1fe5001f184547e6b960d03c7e057828a39af9efae4b3106a4070e0a16dfac811', 'eb819b35fb922de350ef4a1aefb276b089c5b7a739149a52f3f8b010b59c2aeb718e99ee477f5fa1', 1, '2020-12-02 05:14:16'),
('00f1876d175f077ff2b9ba7d172be6f3eb771617e3e72fa07b522b413b6471bdfe0919ab0d941763', '9204c117f61310eaf456a70f42cf9abfbaed407567c2a4421cbac1913137a0db71b0f6a157394141', 1, '2021-02-06 01:07:33'),
('011638f928c711c05e77c6c119d594d4d0fd468ab542f7de07fb3f8e41b5f7d9f910c8fb0ecbc4a5', '066b0d0a6c6d1e356079bbf9d587928351b9c64d1b4cefcbb801a8b79ceb22ea2e5d5205f77f5c0c', 0, '2021-02-07 04:38:51'),
('0152be35b18e7faa373e2dd5ce09511a71bff900b22f46e0e9bef2b0f4fa78210da78c7ff2f3e376', '7842274325583d4160ced35b6c1f6e1d26b5b92ae428e9a152d8e85763dff41e19b2c53675dd2980', 1, '2020-09-10 08:38:25'),
('04f1db0f610caca4a077aa0bc65ae1f4b0c24de621e3cd23cfd066726d67cf2b2a4617e4ae02e09d', 'c76b80e66b7be6d9c186ad07a6602b4da805b80ac02a97316debf02296cae197b48f2c4f651510b7', 0, '2023-02-11 08:33:29'),
('05afb15f3fdacd1ec9bbe759b2d5c6b5e5ee7c42855e87b4dca979e9b2b92daf5b2b0d6aea0bf049', '55eedd49f206d9f663a52902068bd7d939c579bac27eab6ffded7f31845961b992e370fa7fd4e432', 1, '2020-09-19 06:15:05'),
('0615efefe0004f1e300c5aa7e7b0405a59aab869db4aafafa736c77f81ee6fee04efc1af62ccb7aa', 'cfc2b980594542717195650af4f9271abd6c69195fbbb2bf8d532e7b54cddb43048eb029dfc71343', 1, '2020-11-07 01:01:21'),
('07068a04145b42710f3dab9454c87f68528593353a8947f8f4d1a5102c7690c79b295b9dd20f4260', '40607994b77937766ba2e960fa70df1a64654444f73e7009df54c17c33cef8760309f65a019f10b8', 0, '2020-08-30 09:44:54'),
('0e60d00cd0156156661853bebb799d21984099deb372aeb3b700da6dc34c012ae30e315accb05142', 'af7e7018aad3847b6d8e8817fcd43871422e0efd8c8a74542ef8916a1ac3018dd69de9755911ee41', 1, '2021-02-07 05:53:18'),
('0e6b582a1d85b7b81478c0857f0d4439f6523a3a1d2d6812720b229791aadbf62028a0e2ba46a28e', '04deb4f5313d0585fc19fde340e1d82a0bb2e5d17d06c2794b60cd31bb9c6c2deab3d9ddf3ab36f0', 1, '2020-08-06 09:37:02'),
('100b21fc7e6e7b0e46ebd8cc58b287e18fbe7649cc835e4f63788a52b3feb505d7a4132f7bd96464', 'cce72bd09bc3684c6a4f1198db786ab42dea490b33397c9eb3c549df136e257d15e16087a5cdf905', 1, '2020-10-01 06:03:16'),
('10b66127f5187ce46102852a6db4e9ffabec5b86ef21a91358231751bd2483be152cd9b1bf1bf587', '7a9a8a52ea51463ec798d0afb391c1a2a403eaf8ee99a8562f159bdc8fc8e3725904d0b8a0500fb1', 1, '2020-09-30 02:16:40'),
('11c3742989dbd54dc7ec9224827dd08592b62b85c4e8a2370d8d20ee824ec82177d8208104b50866', '78c8d940f830ac91f86c0d20c356ea2967ae674fe9358670e9972bb406dd014004ff8d56c4ad32eb', 1, '2021-02-07 04:14:30'),
('123bf3e1f9cd7a9d4e5b6427cc883cbadab79ef8d11564844be5bdc5a76478d98553bc1664c976c8', '1e2ff79ee4b40ce66679d5815057b65f954fb12d42ac5b59a54c2f7e90551c48f7bba138e10dfc9f', 0, '2020-10-01 06:51:10'),
('161ec09ae7aaec6243fddcee5aaff7941b4e985693368d53016365e187956fe036d4b37567e80d17', '8003c69c90a0e6b5d93b1556180d79ed7315f4b11b687ec916be3e8bfda6bf5cf685fe7d7ab09093', 1, '2021-02-07 04:19:28'),
('186824a6f51cf8238a2a5c50f0809f6716feb5cf41a8ecb891cf9968033779a14693c8ce8e4c6f32', '3f58a3e0d2057583ab19d1bebbdc7dec2d6ce55cf1ca97afce070bc41523da3070103756600a5460', 0, '2020-12-02 05:37:25'),
('19975b90d8a46982e9c02148c4a3e058b0cec47034f4ce054a65257353ea4aed7ee7d50056c691ad', 'ae61d1d29cf9d605e243a266b972bd5e3f3d1de789a602d5fce7532c2a7b021f4cc81f09e0d7f210', 0, '2021-02-07 04:28:26'),
('1bfa22ea1db73d94bc8cf6e4720144f0dac6cfad1902457302f25e4286a8fd0359f3a7f8086ffb2d', '5a95d7d7a70cf741117f05c265ba8f71717e4a60821ffe39a97f5d6b0f6c9fb5475da119479e4c64', 0, '2021-02-07 04:28:26'),
('1c7b1f89ff707b11e0532331490e5037e2bd080f00a3af7cb991e0b22a212960e4964d65fe9c7f64', 'd4b2c00818b3a2b85c3b026234014f477e63354b0b61a6fe6b12c666a25682022e6b32746f7fa69a', 1, '2021-02-07 05:34:32'),
('1d3dd2aeacae7e1f7814be6d84fda3197efd697a904b215a2ae41edf12a87952fd23485d7d5a118d', '280a6bd9b6b0ec97b1634cb2e6be8337d095a31ae3bb723889457ef3ebe640cbda026a2af82a30d8', 1, '2020-10-15 09:47:41'),
('2015b32630df8f391ca688b955ae737df3f273bb5d8af7587447df233253acf6962b7b96a6fdf89a', '218222780f57e8396d0a445b6be057b3d1057fd738bb20bd82264aab6be81eff0e270186558e98e6', 1, '2021-02-06 09:03:08'),
('20d519d136d581ba4e7278e5f60923b5dd48fe234eee7e02c1b6376102d171b2ff5e1136bcb26063', '3949a6ba46438c5d6ffe93d0b6a9517315e991211741fce8f30d2fe25e65e4707a48ed2af0291316', 1, '2021-02-07 05:54:34'),
('223ba773b330b34cb2df65406d4ea738a6e82824354a85ee99f1693e095a9fdae52ed49b6ef5c3c1', 'dc2cb6a74795e314277819fcb561d3f8d3057f533f4e91da3764b587821cee196052973fb8519b85', 1, '2020-09-19 06:23:18'),
('232cfd4fc27cdcde4d42a17d174fe923ac8d4f64c3e9daec44edbf0eb5a35a23dd6fbb3568972247', 'aa262b35a7d064d1a0692d2a7373b536d71ac5e04976dae7df1700a5638aa633beed506d0ef29af4', 1, '2021-02-06 01:16:20'),
('24335011fcb4a56926c28676d08ccfc7dbc8476077d98a69af727017f7f36fb6bdc30a32719f9554', '0880da91ec8aeabbb20bb5af22c0ccece9c5cdcd6b9bd95b1dd91c686f9c98facff8cea5702dc57a', 1, '2021-02-03 06:21:33'),
('26e5a4090160bc2f782aa1a71a557e7d127f1eb7aef6f5ec9f70b84ebba8e9f2dd79759b0e6b1536', 'c4d3b84df3db7a78e86ba7a44b7a6d2fc1476501c89592e66d9c631f46f5036c942f9ae062e6a630', 1, '2020-09-30 02:12:56'),
('26fffad63fcd45ee646e0fecc4e94620b74ac5a3a7b182b8dda503cc7986e9b76a007925031651e1', '683bc4f0ca8e2ec0ebb5a2f65ef64292d09180489c40e6ddbe3e2fd32e1ba9a92060d355bb88c92c', 1, '2020-11-27 09:14:37'),
('273527c89fc2e57a723de114493c50d6dd39007c0c129654355fcbc47ae06352121663f9ed23def0', 'e06b8439b5b172117f03c71c7b2af499e5daaf1ddb4a5f5d9515b79aabae9c71ba9be0710fae3edb', 1, '2020-08-09 07:02:47'),
('279e2b07b3eaa3d97164d281c0aa73d55c952dc375916de47a3a46b9545ad6f2124724139361b4d1', '6f7c5de884a29a8fdee3465814618233b17c601b4357e3bed9aa09ae20cdc2edbf5e3bb20fa49ee5', 1, '2021-01-28 01:09:14'),
('2a22a7b3be512890d71d2b1d834ef54aadacd02ac9919aa1c4a9b109a6aeac5994adb21fc3e782ed', '87312c5f25b27eb3fe1b393a6de2523973344acab40042adb8655847f7a66f9117bb0a691c661b39', 0, '2023-02-11 09:24:28'),
('2ee0b1daf1447df1612e53cceb5ecd0d4116dd569b6162aa17023fb7bbe20c3dba6dc23d4b33ea43', '1d66b47ec5145ed17df6708aedf4aadd796fd67bfc4cc0b8218314c2d6dc072b66437cfcdcce5c96', 1, '2021-02-07 04:28:29'),
('2f39dddbd31593649fd8385a037d1660efbf8f5f5326b1d8834463f8e3030d9c287df27f1784863c', '3bd38a0a0aa5a7c84aa3fe72bda4aafca4d13f0b661b388f8ae998b62c28b9914b4bb724866f4c81', 0, '2021-02-10 04:13:25'),
('2f8b24bb0635c5e86c6d4ea12ec5951b3b595d96a48bba73f0fe8794e4ea74378428ba9499261c7d', '7c7c73231e13c49303dc76e092213fc593c7f6ad599c037d7addebbaef4ba183116a44e7bbe9b522', 1, '2020-12-02 05:08:40'),
('318130964e72347caa9b3fe3e51c4758e917c3315511ed3c91fd6363b5b69921db47893f32c8941f', 'b3b5a19b45c3d5e7d650b72e4729b07e8c57703d115333699324eafa5ecf7e04bc8beb21b81364a5', 1, '2021-02-07 06:02:01'),
('3186f0a9724407162e250297605b0649aa2310278e7ba6b2e940af1999d7f087f82900f8cb2e15c6', '94c13557d6a808d8c1258532bb3a6f2618e211d168a2233cbbc022d6314634614eeef47776710653', 1, '2020-08-09 06:05:19'),
('37698b6e79dd8af9f85f731beb71c85c01fc8198db0332ec32f4fcc1ce967f3d7ee4b81997775da9', 'e9a4045f5a48b308df5396dc7115b5c9169008670dd60d69b3a194cd357c1df29e262223beb7aed4', 1, '2020-09-19 08:27:07'),
('39a22e9d8b7d219cdab54f94149a52b613313ee7b462b5685f7d691c3f5acc9052fc30cf6381c2b7', '14988ce3506fb5faeef5500a039c37d42be2b82d979ca2703c58aa24040b22a85715e7be8ee95764', 1, '2021-02-05 03:20:26'),
('39a62a8cece8c97643889aff17e5dac986750fc5006bd8a95369ebdbecff7f749b52a144bdb76d31', 'e0d90a264c2217a60959239cdda04b8b80b1345484067b990a94c1fb7af504d69ef45535bc74bf34', 1, '2020-10-16 09:47:43'),
('3d7bb85d5fa67bcafc792f42ad095132ed3134093955d49d7e8005d6c31521809582c1df7d0ed275', '698442b3d6e02bdcefc08473fa08dd7940cf0af5378141e09db9bcff04ae70e82d6731e3608d4726', 1, '2020-12-02 05:09:16'),
('3df7a39d7c7e5789d722aa3236958b13a1d865eb29467a068f761099b8fefbea7854c65a7d95004b', '81c419487acbadc0c44b3431581cd491899156676350bdfa8314b32be5062a77d9c39e2c4f15f67d', 0, '2023-02-13 17:13:38'),
('3e911207a0bfcdf0fb566ed545d5971bdb04cbec34308fa15f3718eb8e45940ce1383500b1700dd5', '6598c6e3fbc4dfd4b07a3f90beed1ca3e79758821a88e73db4394b0de069e82631e4b97f0022eba0', 1, '2020-09-19 06:14:45'),
('402bec7b5b422bcaf85cd9c842c59fc386d25cebe5084d0774c016e98e2127a7621c7376ad8516aa', 'c2661bd7ef358b9155cc1fc25fe24612eab66bb407dc31301d210f9b30d3ee8b75e0cd87a86b2d07', 1, '2021-02-05 07:28:32'),
('41471873c95e3271695c9e3f5d6831d84919e3ce203e635e5c4c2b22cca8a14a606c5a8fa150f3d0', '6a346be04fe4ba36efbbe1b374f76ad85de27151efda9f53c9ce4b6f4e1ffe13ea38ff77f1b7bb5a', 1, '2021-02-05 03:45:10'),
('41778e672bf277c0be53a7c6034beaf6e28f6fe4bb147840fc26e763d4ed84480eb657b983dcb6a3', '7f321bbb7269deecb962e6ee725cddae04ac1dfee8e4e7ce1498f341333be49c4cecb46d4dd52cfb', 0, '2020-08-27 10:00:31'),
('422bcef85a9a6e17a6a63115d3115dd440334528f72a938af834a1074d3ea47fda5b45eda0b2a0cb', '533ad35f75f74e2ebb450f2bd3bcc7a00a096ccce57835451e8082f5d5e22343af6854b2bc475bc5', 1, '2021-02-07 04:04:00'),
('42ca61aa94089f8e1b0025f4380705cf97d381b74127f5c8a973949b8351b7f6a1bb660e217b853c', 'ba74bd39a31d64b7a781ee9533fc10b081b4c1709da1281d05d1f6c46a77f7fa9fd6c4aa2e90d9ae', 1, '2020-11-18 05:59:14'),
('4326fd14b24dba5cd43450774b25f71329a144fcad5ac738123074e03924f7f9f248aa81c95809ec', '5b27e9bd09be31ad4c49bbe377f2a22580a5a6d877529817ef27887fb477af3d0aa040fcd5e0d515', 1, '2021-02-03 03:38:05'),
('43665b7bd2ae47c12d8f2521e1c5453d4e75bd536e101c4da535202a4eeb6bef61f65d0f28e7f043', '5f69fa7d28550579f41d89736b767c005fc7f9285ed04dbb639bb6110ed3b3fed81fe64c5ab8acd5', 1, '2020-09-10 06:55:23'),
('450d659aecc10dbb729b539b2b622a13d3dc5871c97781621fef859ee3c4f58e1226a2e2704d0a49', 'b8e21f9d4462e8a247bf626e619be8976303fe7bedbb685132693eaab3eda06a5e5f7887334d74df', 1, '2020-12-02 08:30:24'),
('462bb583bc0f258940151110817818bf084408c902efd8bb227f92f3eb3e2bd8ece3bf19a8489eb4', '2f59421b64bd96965e1c096ebe39008bd572de1f0936909f1abe414ca99e3af1bfde534a49e3f58d', 1, '2021-01-13 05:35:32'),
('493b059d7815bb4929daf8b402fb67695c07983e72b522465abeaba96799a45dd7a122cba8a08566', 'fd1c4f575e8f7f1086cdd8393b7a53219558430278e078b78ac199244c2c34171590606570350c70', 0, '2020-09-25 09:24:29'),
('4a1fe5d0e2f611aa0e00c0a05c9c0aede734218957cbf7040d63de78dbb68b1e77590713cf236656', '939184075569bd14ae114c6309de1fc9d0bcb9c9b2b1b4fb56213590306ba68b8743f58b619f3c6a', 1, '2020-09-10 07:23:22'),
('4a57645add5c9495b5f4f8434dd1f91af7ce8460d480f22b119f6c6cef3860bfc9b0d85c2837aa0a', '2e8a66868f27c01700b6b1a9d6270cf8038e3b88fd58d413f975835bde02ca8fd4511bcc716dbce8', 1, '2020-11-06 02:34:23'),
('4db7da7d427472c326cb0b8425b202fadf1f1c64fb3b0de63b1f1a3fcf94dced9e680e196d95c72f', '6573fc165ebc1c417257fa03fb27d08c5ee0ca4c2307b883780e5c50ed6dec89fa7001d640f46e06', 0, '2020-09-04 09:03:23'),
('5065dcac65b7692522d577d50a90ab66fb84fd761257431182db8e15a866124548790d39cdfe529c', '8ae7114828ae0dedef2dc1ab27b55ea9787dcc23ade298f5c75a2116f0253f8c2b94b56bcc06d210', 1, '2021-02-05 02:35:05'),
('542dea4ff1df145fe29da0e89a9f9d29e17453fc65a3ec1328a1aa02036ef8c02b61014eadff27cc', 'e81b1b903eba7279c0312fd74293817c4d207d5531975b31e9eafce57326ad0db5d90abd2be95521', 1, '2021-02-03 04:40:07'),
('56869a14027a307fc955ffde20afab3ed0fd7881bad1225059e3388d17ad4016242e5c88b66d3772', '6b019497f373e4bb9a71f0dd065b80f844d3071409e94b7a74fdba41f311ad33b3e64ec0b3911e79', 0, '2020-10-17 07:23:16'),
('58545ea9992caa71a635e7b7f26eaedb18c94f52bd7c5d78e2ae6c970eef20fff4d7ef871b59dbd9', '607da736018e3dd112509efb39cf07182d31c3efdba149956511e9013125465f3e835c0ca97224c7', 1, '2020-08-09 06:35:21'),
('5b71a802f1ffe2c992adf4faa7ed04824270cf41b7994248bb1d391a6ef2f522b97d9cb18cdc9bc5', 'a4967ee4453dbe16b747ee040c612cd9030ccc22f549491cbe84eaa8cdb746a96d5bfc2d31f7d01e', 1, '2021-02-06 01:47:16'),
('5e3d877bccc01bdcc8c24d691f76890a9c1c7ac873f7514dac739f5873ffb0fb51313e06c9be5d7b', '26a59a74ab19caf216c25911989818dad8a046b6c8eb9ecd588c56e90c34bb572c58760f278724d7', 0, '2020-09-10 08:14:19'),
('5eb08bf6da1674b7638e5f926c5735da2a6c44f6027f6429d5304bf273c5b5fd2bd67cbd1ed47ea3', 'd7c0ca997becfd3875480d880d6bf3b66ed74c6f032100667681362a430de36032ab9215fc9b6ded', 0, '2021-01-14 02:11:38'),
('5eb926d24b819afa9d44f7236b28c3246278ba34fa2bb2822d6ee9665bc09da1aaefb5eeff7f11a6', '4f16848d931e3a6cd55add22c7e2822d9929699d0cf94e1f671901dcf6d9e22601bcc04992695039', 0, '2021-02-05 03:44:11'),
('629eea31767189d93c87f59f7c4f92a49f73838d7dbf71ffa639bd6e05258af2ef845dcaeb2272ff', '5ce7b844a598e5fc4d6d0eeafa312f3f8b54fb5be00b523d3a968ee944d9f75a4814352f2af82e8e', 1, '2020-12-04 04:22:01'),
('633b9478b5ab40729a4acddd91d684346f83517647e7007a1bbc941dbc7e83ee703d5f7f24a4002b', 'dabdb49271b93cca181b0ae6f743adc4ee0f083f2196fe80b774ddffd64ede7e23bd91ee36349988', 1, '2020-10-01 06:44:58'),
('64249d1e72ae3ef686dedc25c6753d89a62541fbf9165ad43055b609ccea21d960b7a46093a17a95', '33ab6d5d5197eeda9032338fd2d0e4f2600494848ee976ca84284e428acfcdd7fcc64bc81cbf7d9a', 1, '2020-11-06 07:24:16'),
('643b34c09b74bc5488dbe2a77371ac1ae69c634cf4fb15c6383aa167c02d06cc1c4153adcb66813e', '526efa666002ccbe1d97df1cf5e0907280e447043b3e7a2917641c66e68dc4a0614ffd786cc38fc0', 1, '2020-11-18 04:19:31'),
('6d7236a24fe94581be6d693c59b497fce6773766d9b2a3a366d91a1a8228e9ddc072555692df2c68', 'f1a9a13d8cfa8b6e4f55619824d5f853edf6d5de34c90579a8ebc633f444e90d3b7c1f877c53f402', 1, '2020-09-02 02:38:19'),
('6f3db4c747e6a484a754986e0f8498a434699b744550df899058c7f679a38d7a5d4ea7b160e34a3b', '0c700c0d3c5640b79f8e206cd298d58dc158e61279f5d3416c653c44edb65b478e4b575de8d682bc', 0, '2020-08-06 09:43:21'),
('721637ef34e628710bc49ff0515cdd8cf9154593285db6dfba1aea85a2d68986f7b75a1d52e2a8a5', '21225a6b6f8d8c5422da2d1e58f39587df9c4eae5839ff5c0fe36de21daa397bb66ed3e51ba7284d', 1, '2020-09-20 08:54:43'),
('72c08c93258fa501951b9bfed24c61e643b27757f692e727baf3389b73aaa923f8aa55a281ede98a', '85852f843bd08ac3e3eeeb051060650b32999c9045b4906a483529c427b85f79275c43a979673db2', 1, '2021-02-05 07:04:52'),
('745e569f084876dbbccbe4aa31ef84591ab36d6d6a3a9dc83fc977d903a5e74a694aacb5076b6c70', 'ab9deba217d90b8cfdc1ed14068c6482a76cb5467e3772daa0fd11c42ad8babcd35d5871ede94530', 1, '2020-11-06 01:32:22'),
('791e637d988e8bddae7af7a98570d2f6d19716b11cf4ddfc67f645dabf0d93b566f06eaa03a89acb', '461e05236cdb95651e4f3f8f3e7486f72bee822c8e01569e1d8325557f886a53ee9b802dba14c9b7', 1, '2021-02-07 04:56:27'),
('7b1c3ebc86ebea2d2bd75638904f4572f2babba1514e71e2d5e4cefc9c96793c1fafc9b609af4b26', 'a72d368ce2c98595cce04b9e5f4693c4559a2f1d9c3ee72cb2ffc9a78807b3f2dbad760e209a4d34', 1, '2020-10-01 06:42:44'),
('7c037b6170dfea2a602d47812d67bfc7c4d90c6fc530ad93cf5a6361afd87ebb565fbcd46e2e5304', '373435f91efaf923a548f930810d45b85c0bd2c84fad1e1b2a1576b8e09d9b9cc1c48c7bb47093b6', 1, '2020-08-27 09:21:02'),
('7cee9137f40a9dd2dfccda105074f986751fe797090b896e5bfcc0b8d930373b39ef3c1610d2a7b1', 'ab0a95c7a8cb4b6503f839ee32ee5ce9765461abea549406dd1342c8c77d374648e7c16cad25dfb9', 1, '2020-10-01 09:37:14'),
('80857570b95dde39f301c0fc0501364627876b1e0aa5eabc6e74e064bee14943a4b7433536cc5573', '7e11efd50fefed9c51c9f383829b32951b9e65bd453ac56b34cf1d62a263ee96ceabffc52ecce22a', 1, '2020-08-09 06:35:43'),
('81cd6218ec922b5a6f43636acce911cf2cc6824fa4df2bd79676863b157c89f22333c8ce3a958600', 'bca93bd3713fd5cf2b5bcd23ec09aa404d9c8b56ddf843745703008713546affced36c61e4d5aa76', 1, '2020-11-18 03:55:41'),
('820d636045aef3b0ef64f7eb971170f2375914712ade78b1f0eb81faa9c622602a9a0512ebf57b02', '80bcea71af22189c740790c2ace973d4e431da5f907261154e1f6441f92c7bb1a42a2037897f24af', 1, '2020-10-15 09:47:19'),
('84454fb32656e893621274cc5f4cba8a76dac4dceae411cbc3cffac9747646456cbad1da5e096917', '24ce73600979c7ee0e4f56ee02b3c02eb639dcaa7de1cd719dad1d2a60af3f356ee055f0751f3c2e', 1, '2020-09-10 08:14:05'),
('850b85450c05c7f10932d906efc02767a3d743f4f05b8f1ee65fca262748cc1335e255cf10e5bf1e', '1bec0e43de14a0e4c6f2de8d39bf9fe8a116caed316603f2ccdcf95ea3381833255671a02e873d62', 1, '2021-02-03 06:21:02'),
('850c5ef190fa3abd2f26f7c9c90ba2018394755bab8f33253c694683319b0e78f61e92ebdf599386', '20f18ced47610b90cd51752606235c8cbbedb6fdffbb933d8a8e77ca4681d373337a7b5e97398533', 0, '2020-11-25 08:22:26'),
('869058c0eeebdc11027a8fea4c597710fe0bec451b59da00e3a7a0392a63c67ecb5f1b670897fd8b', '4f0c1a8a8e4306f4044d24ff55d796c83aa497c029457368ef5709e9770015d7a31e367f24e2e4f8', 1, '2020-12-02 04:37:47'),
('89b56d3aeeb8a383a4e043f664c31af678fb13060cda19714a8c7fd6098aa120a0b872dd81a82d12', '90e6f3b1e6221f1ecff2aa31c5f87a352bd9bf7c638aed9fd5b058e848af30b40d26c17803db7d94', 0, '2020-09-04 08:29:47'),
('8b1cfaaf218c3a1cc8ee6b0463574f9865ee7b1c68f00011e8c7ec77c86120db15ae19921f065b9f', '83079fe4492082db051e64a9efa080b785ed2003a176b85ddee597c0a60d171c024dcc285f784f39', 0, '2021-02-05 04:03:32'),
('8cb97ff4a954e86b52c1ac04b797a13391ae7dda07a41b1934604f2f64e21937d5e0b8d2792f15b4', 'ba41af29f04a6b6685a792ee0722b6b8406c3a81caa9f21c157e95f11d20e9685a4eeccd276ecc8f', 1, '2020-12-02 04:46:01'),
('8d75ba0b8c583bd22875fad157d579d8e4f59d8d9689fb97615744fdde40e4cccf0a431cbc64f9a1', '5f83d1c63be75b64d73aa53730ad7a3ae8cdc2501241999d933f06ea16a3e8d6d2c0216ac53b1043', 1, '2020-11-21 01:25:28'),
('8deb621445b486a20d49b134b4d9fb9779888830a081b448c14bbb6bdd310c2d277f65cc1ca98364', 'ecf73b6ac30d81197e1ca035449be4f8ef359f3da4df51bada208df3dd013b69bf83c19bfcfdd9a3', 1, '2023-02-04 02:15:19'),
('909157df1981e1d543aea320b4edf61ac8a24d9097b690e727ca81efa9b1c1d0fc67b06a1c2973a5', '6288234d48676bf401f18a64e2180fa8a13494c1804032973462c6320fc484c9b54e1eaced19456b', 1, '2021-02-07 04:10:27'),
('922e8a414e81085d768a1c4267e292380dbbc88c7cd64a46740050e24373c7be15dfdd1dfe6ee042', 'dccf46663e4a97232834cb32dc122ccc2ddb5a72b1675b0266d48a02993df042efb26cf3d85b63f1', 1, '2020-11-18 02:36:58'),
('927939c6ce066ad77f342f71f474223593906ed6a5eb2adf3597e9079594a8abe43ab15359b33e46', 'd71e1c58a1ee32a2b3de43c4d7a27142b60dde5cf286858b8a1ce3ec3bdbc0769754a179e4f6448c', 1, '2021-02-05 00:30:54'),
('98b97ca4fd9dbad77efe5a4c2bd5a354e86d360e01688cc703aa6f34a524808203664c69cdb64a32', '0241807618259a9277eea77e672c97cb567599a89e6ed1bd15ed6a90cdfbb57396ded00a58c9d4b5', 1, '2021-02-07 04:38:55'),
('9ac2df78fa6d41692b2335ff38430b996e0faf4803ffe984867c751a58059abceea270f1afde7650', 'e0fc72f56d39dbdd5c81286e92e971ee16fa1aedcbf7c7604e8144ba768897876dfde3c299f64d1a', 0, '2020-09-10 08:38:37'),
('9d3b017009c31256c8b709656910ecb6acaf3ddb4bada7f6845bf5d4d19397b7397cecfdb363a420', '1202bb49254938ddd9f773890fdd162c09bb51d4b35f4d68564a91997ed06f0568db55ee61ac8025', 0, '2023-02-11 09:29:16'),
('9d4fe81ea6e6718be66ac040986f451203c19cffc6df5d53cdef4e48ee8436efa4d36a0cceb6411a', 'cadbef483f2ce38dc8c828e598cfcd33e7866207b8570d939c65cc66f8493eb39b5781a8a9e74b3d', 0, '2021-02-05 03:41:43'),
('a013a4a101a149bd678861faa93873eb20513e8a4cf2f00fb5cdec6f3ce20c8f5dccef8fa78c614f', 'e93c42031abd628287e6a2634b89fba692e56b7e6902059231b0b196450320aea21bfd5ed6d7ebd3', 1, '2020-11-06 05:31:51'),
('a0e7d4d74cf32b7c540f4798de5ab1980c85e1bb88471e38b4b643fb490633cfc561c10bdc526d60', '74d28b62f83fe87ccc387335ad0cbd3e5ef96bfb04f11064d8329bbecf2afc51fa99cec6332cfd5c', 1, '2023-02-11 06:33:38'),
('a2539a23a9cab9dcdcc4b7c1507f791a6ce3daee8b5b2f9e0531bfe9122afac32e1dd426fac13893', 'de1a42e0f2c083d32f8642680e50702bf4a41ee19ff6235feab2b9daf04bf791f308d62bf14539ba', 0, '2021-02-05 04:19:22'),
('a8712e4fd1b41b30de4ecda55ce59c8e63448342ca4075cfe5ac5da26589bca04e88c2edd44ae0ef', '9a44d3237a9ca5800a1ac8116ca8444bc2a7c36fa349f8cf1b773d244c99e5344070128c79122459', 1, '2023-02-10 23:35:03'),
('a8c47980ab98f83569acc892599b8fa21f3bdb4f961bb092d426aa53bda170e3fcf66c498c8fea51', 'd811128a35026a6b4a6835c23ce9f2d46c5787072fc6e500a20acc1bdc27e6cbccd26b271a4d1931', 1, '2023-02-10 23:35:45'),
('aa95c6c4bb2e8e4748b1ce22e9ce4de0044c19ab026dc920af1d4e6b5657e0bd71c1f70e12b6561d', '298240d2b98bb3bbb6de3a02bfaeb7ac60ebcbac73d2fd4b151c1f4e2a9a7dd280e08c6b402bde95', 1, '2020-09-30 02:20:37'),
('ab1edd0f46b31208ea52fb03a0995c6a6fbcd606f4e6e5056d1d776af6845ecf9a0fb6d1ffa969b2', '375cee477d0e1db2ca2b7b9d05ece56df0c158350bd63a88a29e3e64fd4f0dd18312fc3e8c8d6696', 1, '2020-11-19 05:33:59'),
('ad5ed4d1ae8611865c507c4aa105c120c5778e5cb806484dab2da58f49c305bcc51125342d595eca', '2f04b30229a6558f4c1ca211ed975819b1ef4718209b9ea11ddc6193030861118ce3e0c39f156e9a', 0, '2020-09-10 09:11:54'),
('add50915c58616cb3c0b4d366534c9f5e93430f6dc873a91be198a9fdf3a338e7a6cb3420909153f', '9fc10b769e19242a68b02ca627d2095fa56b6d62d8b5b44820b9ad8a7a4726dfe20333867b5279d3', 0, '2020-12-04 06:07:36'),
('adf5bd36a0ac7beec163a8578c3d64d7228f4f42c9ba26cda8737d0aa62f8d25f15b9b5eeb2204cc', '16b96feb5e9975c5212f52af0be14f5680ded2000c293b5298731b147c7231414ee12c70ecf48bf8', 1, '2021-02-07 05:53:48'),
('aeabc0f565e7e706f2647ec755c82a4677fa00ada9826ae99cacf057ea4e71a7f071b828a9385fb5', '43317970ea66fed923ebeed1766a67ab8a85d8579257cf6817805baf099dff6d9bef7794b903f6f6', 1, '2020-12-04 05:46:19'),
('b2f620bea29ee2cfa792eb53958214778091babe8998acea631d8693dc8d8b5cbd45de56acf8aad0', 'bda59aa24a1410e5ab52125fdd271d717c10a0736fa93b408cb84baa1b2a44143432381aa6f83a93', 1, '2023-02-09 02:05:40'),
('b42fe91f3046646c50cacccf5154beaad4116288d3b2b3ef4686cce183072cdbe9f95101949e9730', 'c81ea389d542e0af761a33122637bcc7647928b12be44feb5531b81bb847c22b2ac4a329666fb900', 1, '2020-08-12 09:53:11'),
('b608bc77d2b94d9b57ff914bbfe13b01e644efcb46db2aa2d131dbacb08054f874fffcdd11806a8b', '53410f5d87a307e0a8fde2a9d0c1f1edee1eb52c21e1195665dca4a760a2215be56d8d26966c0bdb', 0, '2020-12-06 03:52:51'),
('b825e05eff9be624f76f9e8f5fd72acd5f146fc0895059b03c13ca5e688f3fd153d4f1c9b307b69d', '843a34f06dca096a4067cd31ec9cb553f85a1129d6e635dd124d431652966936c0bc8625a6d87537', 1, '2021-02-07 05:29:17'),
('ba8b2c8d48f7d61bb595c5f3248b4d26096b7e7b082c34bf8824067834f1d341ce1a5bff717dd948', 'f9da10e982a8b0c74561701a2966569123593ef72b0a5993aead59400d6fbbe6a3e81cd161b9ad5f', 1, '2020-08-16 02:17:19'),
('bbe01cd05edee5800ed449e95b5ddd276430318bfc66b659291f10ec1fc81c25fa66acaa452273d9', '10a2ee48b0704e485ac84029d830dfd14786e9fc24a76eb2dfda865d8f090ded0658fed3fea1c685', 1, '2020-09-30 02:17:38'),
('bcfecb56d4b5cd50c157924a53b2b2c14279b7940576acd2d0d4b34538745c4eb0c7a1875ed3dd71', 'cc29bfadfcef7204860f3f0c3ad1f2e3b228739df187a568bf6dd8a88f9345aecbeff0975f54dba8', 1, '2020-10-15 09:36:07'),
('c0b6e42d77a919a408e238c35a29b37236885cfdff331775db77229f6a2201a1e930bfa82c05504a', '4b94f1eca9ce8ac9e58f866fd746e6d4e1fc92c2b846f2118b3cb373c8d8a9918e87664b3d22517e', 1, '2020-10-16 09:46:21'),
('c1bdc925ec3fd5be9deb5ecf96f2dd1478822156edf5df73bce77fd535b89b0163de820a41b7496e', 'a67cb42058f46be0cc44ef6b9d35a4121d42386e4aab027f3baf38b510a2a4d4cff01a473f957558', 1, '2020-10-01 09:37:46'),
('c1e9a0e317ca8040c07cea9ca73ce13db811b9593534c61e45c3db013b8e03b261ce6aae10a9b85e', '22fbf17b335c10c5cf36cf84bb5d9595d681b46caa5f38bc7d0098e1d5ea1c5f961cf4774b8b49dc', 1, '2020-11-25 03:41:14'),
('c346c2d9dda4546a21f61b07fa42d1b0d79019de44a0a06ea80209280ec830cdd443b66e7df9bf30', 'c25f3b85d09d689cacddaef9ff9ea0f5267aa0f63192b3d01945b0172e711fe273b2b54b94e00955', 0, '2020-09-04 09:03:31'),
('c44b766ea41a262d03983b0b812124c89d3987196dd79a8555040db3d78a542820a03a8b3aa53a23', '2437fe3ee4277a00e64cabd72cd3ef4c89a16ce594e46958b0e09039255300f9848fa339a9bea9a0', 0, '2020-10-17 07:21:03'),
('c47982d4ad7cb707b4a7a402c0d75541c1ca98c7d26b28910ae2b3679d5ea20f7cb4547a1525c199', '172552bbaecd9827f404f93a5b2bf3858eee9440c408ae6edf3302a862ce6c4473654511817959b5', 1, '2020-08-12 10:01:56'),
('c53e977e7ebf503ade0c036fca66f272561d48e70587155b4e4f6782d3b2385f7642d9ae4512930f', 'd5f8603397aa94746a5c7585b7bebc443a55377c974d7e65cd717bd2a8e14228cd2ea0e23188a4f9', 1, '2023-02-10 23:36:46'),
('c8f3f949433b83ed925a073e0b44cdecb40843d34ce35e3215c00fe47bb95509011a3671c5378f27', '7de35fb74743a5d1b26bd2ad09ae00c5f4273c9d89db8b3c640f2ab2d3092fcaccd3d526bd3f3d0a', 1, '2020-11-19 07:21:43'),
('cbf35c03ae76c675a8b24e026067ba65cd351c096fb5d976ac6e149f1fd9066b6e5ccfe98f568f13', '2bedbc82d908dd1d8696d3981bbbb68f244b463f1cc060604337e985d67645f88007bb405865eee3', 0, '2020-10-01 05:42:21'),
('ce436ac3a994066503150ca37402b169f54e575e5c9361f1cd6ef31328114b63313655ccb9e3d514', '418b801d392a4c72a1cd9cd4622e1902b8d1924e4e1e06372ffaf5a80fa8305feeda3f215450fbcd', 1, '2020-10-01 06:10:20'),
('cef2a98263c4f0eb48cc19efea582bab31b455e99fd3c4b26777564763202f4897eea07410ac6510', 'e34975d696984a777ba894a172a2a479f55b837cae2412ac481e14e67e9ae1cc47b703340fd1d445', 1, '2020-09-30 01:54:29'),
('d4e9f94fd579518a39e673c80260eff0cfdd1763cc29b2504383027f14256c9844af6bb2ac71dff0', '400b2be5e4d199896c9059d7adec81e68b62b4f274da0b115865fc5cbb60fd51a922fdfb6de5782c', 1, '2021-02-07 04:05:24'),
('d51d91679082ef1a1839c99892c3ecd127431ca08c2e7db17ee5dc5be58ff5bfae9e460fcd498422', '46d53177b94e0dbc95106e19e0311205f898ae6eced69adcc46f06bc418bb6d45e02e1ee3701b3e7', 0, '2020-10-01 06:02:41'),
('d5be2883ab979054edf3eb55c517449ed4edd5038bd6576a3c74d9644fff909ddc806926cc8b0969', 'daf78b87f9ac5f6abdccb954edf4815eb77904217d7db8ca80c47ba2f9246aa80b45d42533e2471d', 1, '2021-02-10 04:10:37'),
('d5d2235b5f6104f8be037057a19601f1d32d603bb5ee6a05f1eb2c6c2a8b7009b7b56ec1671a441f', '93ae03da67cfa91b55cdfb5ed6de6246ae0f17a1f9c89122e5b4dc4663811a32cd95b4c99e6a3910', 1, '2020-08-16 02:23:26'),
('d82d72cc2fb90548855b1b4aaace8ec0fb257e2c5217a9e0dca1f4a851d1a3d89087f9d12c92cd99', '6d87f99d8e0c793945f6806e1436cabb55ebd7be82fe4d0a423f59eb0cee8f33b461eafe70fc90df', 1, '2020-11-18 06:34:47'),
('d8b444286c1903365a1467a352d472dcb289c4c9476cd7b9e89085d34f02a33e2ab34283b988cd2a', '6f1c4e15976f3b6c336229591fe82c8f4daa5061f7ed4501b5219d276a2d5ff4aea3ec5f0375c0ee', 1, '2023-02-04 02:38:18'),
('d932ddc77921e14c367d8489c7c9741a892c9d41bc45ae4b8c7857318b76969ffd279853b070d83e', '0a173a4f3e3d29b21e86022dbffb4e423cc39af1368b8c0554d208480a6945d89164a9056619f0bc', 1, '2021-02-03 01:52:54'),
('da1d3cdffd3a65a7ca78e05df24869a87095de060b25b0d1e13fa6ec73163e8a16dba9514c23d5b5', '624b7439c6639d5f1f179aac8c238813cd84a3adaef087c366bf53cd4648a0390eba91206dcd6c27', 1, '2020-11-22 00:54:16'),
('dab375e2cda7ca513d3a3aad605ed23fb582b4828ca9b19821f7eb9f849e2551f62ea4c70dc773b6', 'd7a3a475aa67ebea98534facc17ff489a4782bfed8ae3742c499c2f67e4b844285f7af25e2c06126', 1, '2021-02-05 02:42:24'),
('db03a3e3d83ea9ca2d51c6f1eaaf83470345074128e3fd8c7310b26254fdfa888ba61c87c492ea8b', '3ad2bf12c443a7c196cb18ecf8f93069bb63942a0bd2ca92e884fb96b432e32442f222874302e7b9', 1, '2020-08-13 04:45:21'),
('dc73efca5f2b0c290e6211ea977d7304da6dab85d57a7825db9609dcdad764e67b974b10014be425', '7fcd845882e275fc39e9682f27dadfc89eb40fa3bafab98e39fac4d023d720f43c889a387d40324a', 0, '2020-10-01 05:42:59'),
('dd011021ad937d2f615a0a5a7aeed9687e3ad622c58ef22b7e3a6cd4dfe8715b06a272396f324201', '292be05868d8cbc741f7b3d16387091edb856bd09ad2ff4989989db3d60d4618a033385231828d5f', 1, '2020-09-30 02:04:39'),
('dfd33f4338bfc4b9a12c90fdc6da5109b0a8be525e90bf73ddecfa91648b2cbdd007c6519bd44ab6', 'dadfa83b770f56f25af40d5dffc52c7a4f073b6d5865716022792edb4bf6a8524f6ca8316e5a32e0', 1, '2020-08-12 09:53:44'),
('e0abb3472014849502bbad0e6f1d82878ab0154a46e99ae07aa8186f13ecaf1045f3e9f7443004a2', 'b8181b7f973424e37eb476cab44f40ea9b433124fc6ee2872599405396de13de859614e5b1291f7f', 1, '2021-02-07 06:08:40'),
('e2b54a6d09dc91e9cb65e3f779159ea35292d5413742dfe3c3acab1b0aad3609dbddbe30bee928e3', 'e16e46eadfe208814ab1081d4ef7738734fcbb8f2f3713684b3f367d06ff1d5ad43de53a49b5eca4', 0, '2021-02-07 04:28:16'),
('e7ce2731cbc4eeae6e98baba560269537a786b161a0dd85da9c7c0c67c536e1dbbc44b17a2d8adc2', '4879405d71eac792698b32386db554b8cd9988790bdb5d71a99a126ed5cb5748a20b16d820a19ae9', 1, '2020-12-17 00:47:05'),
('e8220d1d00a28a28d54f76bb6a1a23f7389ebe523e650fd5961f77e7b06e053f5bd2a9b23a3d0944', 'e39259c3d84e642b889b69d09a099371738248809a2b39fad224d21612c13d511cd75a23f380a779', 1, '2020-10-01 06:23:47'),
('e9dcf958d7553a5cd33030c1b3995946b7f3c843d72a721644ee4bcaaf52abc861c9572c0aa85c78', 'cd3f7a05d85e61f8e6c92c0a2fcc4279dcc1f613212f3ef894cbd96d5b155a396163ff21af9b6a2b', 1, '2021-02-05 03:23:28'),
('ea6b554fdba28057b3b0f4f39f55b8f0e615682daeafc5c39b099803eb9eeb3256411e0fd8ae1fd3', '30659e89f70f3dd26b2a66a8f9c017b422c78a68a09bbf188fd8e4203e8d09796bb4b5ab7eb02b8d', 1, '2020-09-20 02:07:17'),
('eb0510c0c71f08e583e50e9f76661667f68ffa0deeb2b932213d378f300fa3631a481088c722f48a', 'd499e940202ff04370eb1a995c97f732825d0b045e9c8ed97ef197feac97f83b2bc158d6a6e07d09', 1, '2020-10-15 09:38:03'),
('edcdded2e4a5ac465f047d50da1354aeb1516ce03a0266f8f74f66b8a80c00080ca2a6efe3af4c21', '67126a455a921dcf4c54bf9b53e9061900d89f509249b8d8a3f222dba10fc05665d7a551e76353b4', 1, '2020-10-01 05:09:08'),
('edd3b6e75cd8c063551955ed8fe71e7f5f5ac1fb0064debb946fd061b8bbcd01c9c98a1931f28e56', 'c547eade4340e00a846ba5ebadb70e37a5f1e5bda480fec9542744746dc5f06bc7f02ae328d8f42c', 0, '2020-09-27 07:23:59'),
('ef63634001f73c76280339a8ac5a2dffacc13014b823b9a3bc938218c23e9853e1ea90d1a9b12258', 'ab4bb87d59dab8690f481e2ef20de6d4ed372c9430e44ed268644cf24ec6de62482a6bcf9a7f7cd2', 1, '2020-09-25 05:30:19'),
('f0bf8bd20ebfdb654df9fec785183b68488a42458fa99fec1b17517f98f2d0628d9118826b14440e', '9d7c9ab52223545c34d4feddb07f1ea6e7c066820c2d701dc6f0b660b3d5d68c56817fd076f25d6a', 0, '2021-02-05 03:48:25'),
('f1132dfdc9e3eb013ed202448720332fb01b14587d8ae495aa48aa7505960652ec82ed3b24f482a5', '34dcf6da6580d6e5dbb832bdaa08e0e18c82299246965a9771dcc05c5c3fdae235573b235cc33f39', 1, '2020-09-25 08:24:37'),
('f199097bf5bee5498a6606e0945c349ecac0317f6bf2133db780ebc037a45a8504b38abfcd28e026', '810ded8fc46f3f22c0912636934f975c44f1fabefaf3fc1c04b5e0daab395eca4ebb57c6ac0ced1f', 1, '2020-10-16 09:49:33'),
('f677204dc7f6983a7530cbd422ee62fed3de67624674e4db6acc794ceb1f54b032d8b2715994095b', 'b32f936eb7c15dfa4d933209f781fca66854b235236d482c96e1cd143719b003834d07d4ede1b19f', 1, '2021-02-07 05:46:13'),
('f80045b333119ed73d48a03ff01ae2369af41f53217612df6dcf8ff3064d621a28e5a79185bb5c54', '46c0ee692d4855f89eb2d8dd762b58b9ec594cc140541168bc6c0ea3a71dbff9d527b4575e4f65b2', 1, '2021-01-14 02:10:48'),
('f9f89f015395616324a40c2c79b8f0c240cd6934a113cd62e5d84a7cc35c757ed79511b7ae71bd99', 'a49f465e5da5d19442c3f342f2e56aec2ab4dbc5c75f6fe5c922193d421468f168f300a814014d52', 1, '2020-08-19 08:37:24'),
('fc1ba672969820f0975141507443e2068fb2abf34128f145b9a0af33b92243463e78bcf3b00d5b54', '56f63e7a99b69839bfe26ede4cc1b4b1b4f7bbe3b87ef7550981f95b15c5a0e4a67d3c2b5f220380', 0, '2021-02-10 05:06:22'),
('fcf6ddf5bf4b7dc50b286c7992fdce3e20546c13f27618f8fb9a76a33cc1b712097cb94ce0243c06', '81ff59a3ae24c0144311e00412817b4348929d97aab9ea6a155ac8d3ffe63044165582943ecef7d4', 1, '2021-01-13 06:18:52'),
('fdd3bca3abed32fcd476bfa849b321b23fc19cc23517d44bc10318f1e37c835708f9442fc01eb6e7', 'f084f3a86d4b0084d61543cfb19d8ce77cba1da286340a33f06e74b42f78a18c1fe9655bf42898f4', 1, '2020-09-20 04:51:31');

-- --------------------------------------------------------

--
-- Table structure for table `password_resets`
--

CREATE TABLE `password_resets` (
  `email` varchar(191) COLLATE utf8mb4_unicode_ci NOT NULL,
  `token` varchar(191) COLLATE utf8mb4_unicode_ci NOT NULL,
  `created_at` timestamp NULL DEFAULT NULL
) ENGINE=InnoDB DEFAULT CHARSET=utf8mb4 COLLATE=utf8mb4_unicode_ci;

-- --------------------------------------------------------

--
-- Table structure for table `payplans`
--

CREATE TABLE `payplans` (
  `id` int(10) UNSIGNED NOT NULL,
  `plan_id` varchar(191) COLLATE utf8mb4_unicode_ci NOT NULL,
  `object` varchar(10) COLLATE utf8mb4_unicode_ci NOT NULL DEFAULT 'plan',
  `name` varchar(255) COLLATE utf8mb4_unicode_ci NOT NULL,
  `currency` varchar(10) COLLATE utf8mb4_unicode_ci NOT NULL,
  `amount` int(10) UNSIGNED DEFAULT NULL,
  `amount_ordinary` int(11) DEFAULT NULL,
  `interval` varchar(255) COLLATE utf8mb4_unicode_ci NOT NULL,
  `interval_count` int(10) UNSIGNED NOT NULL DEFAULT '1',
  `trial_perioddays` int(11) DEFAULT NULL,
  `statement_descriptor` varchar(22) COLLATE utf8mb4_unicode_ci NOT NULL,
  `status` int(11) NOT NULL,
  `created_at` timestamp NULL DEFAULT NULL,
  `created_by` int(11) DEFAULT NULL,
  `updated_at` timestamp NULL DEFAULT NULL,
  `updated_by` int(11) DEFAULT NULL,
  `deleted_at` timestamp NULL DEFAULT NULL,
  `deleted_by` int(11) DEFAULT NULL,
  `plan_type` varchar(10) COLLATE utf8mb4_unicode_ci DEFAULT '0'
) ENGINE=InnoDB DEFAULT CHARSET=utf8mb4 COLLATE=utf8mb4_unicode_ci;

--
-- Dumping data for table `payplans`
--

INSERT INTO `payplans` (`id`, `plan_id`, `object`, `name`, `currency`, `amount`, `amount_ordinary`, `interval`, `interval_count`, `trial_perioddays`, `statement_descriptor`, `status`, `created_at`, `created_by`, `updated_at`, `updated_by`, `deleted_at`, `deleted_by`, `plan_type`) VALUES
(19, 'yearly', 'plan', 'Yearly', 'USD', 9600, NULL, 'year', 1, 14, 'Yearly plan Yogateket', 1, '2018-06-28 12:53:18', 1, '2018-06-28 12:53:18', NULL, NULL, NULL, '0'),
(20, 'plan_DbUcWAtp0sURnK', 'plan', '6 months', 'USD', 6000, NULL, 'month', 6, 14, '6 months Yogateket', 1, '2018-06-28 12:55:39', 1, '2018-06-28 12:55:39', NULL, NULL, NULL, '0'),
(21, 'plan_DbUcWAtp0sURnK', 'plan', 'Monthly ', 'USD', 1196, NULL, 'week', 1, 14, 'Monthly Yogateket', 1, '2018-06-28 12:56:34', 1, '2018-06-28 12:56:34', NULL, NULL, NULL, '0');

-- --------------------------------------------------------

--
-- Table structure for table `plans`
--

CREATE TABLE `plans` (
  `id` int(6) NOT NULL,
  `name` varchar(191) COLLATE utf8mb4_unicode_ci NOT NULL COMMENT 'name of the plan',
  `storage_quantity` smallint(6) DEFAULT NULL COMMENT 'Number of quantity for storage',
  `storage_unit` varchar(2) COLLATE utf8mb4_unicode_ci DEFAULT NULL COMMENT 'Unit of Storage quantity like: MB, TB, GB, etc',
  `vailidity_quantity` smallint(6) DEFAULT NULL,
  `validity_unit` varchar(6) COLLATE utf8mb4_unicode_ci DEFAULT NULL,
  `commission` double(8,2) DEFAULT NULL COMMENT 'commission chareged by admin',
  `benifits` text COLLATE utf8mb4_unicode_ci COMMENT 'List of all benifits of plan in json format',
  `active` tinyint(1) NOT NULL COMMENT 'Check if subscription plan is active or not',
  `amount` double(8,2) DEFAULT NULL,
  `additional` tinyint(1) NOT NULL COMMENT 'Set if additional quantity addition plan',
  `additional_plan_id` smallint(5) UNSIGNED DEFAULT NULL COMMENT 'Check which plan-ID is additional for current plan',
  `created_at` timestamp NULL DEFAULT NULL,
  `updated_at` timestamp NULL DEFAULT NULL,
  `deleted_at` timestamp NULL DEFAULT NULL
) ENGINE=InnoDB DEFAULT CHARSET=utf8mb4 COLLATE=utf8mb4_unicode_ci;

--
-- Dumping data for table `plans`
--

INSERT INTO `plans` (`id`, `name`, `storage_quantity`, `storage_unit`, `vailidity_quantity`, `validity_unit`, `commission`, `benifits`, `active`, `amount`, `additional`, `additional_plan_id`, `created_at`, `updated_at`, `deleted_at`) VALUES
(1, 'Free', 20, 'gb', 10, 'days', 14.00, '[\"Chat\\/Email Support\",\"Manage albums\",\"Create a new album and send to the client in less than 50 seconds\",\"Full-text search for files\",\"Watermark Images and videos\",\"Smart sync - Coming soon\",\"Watermark all your files - to avoid images being stolen or used without your permission\",\"Decide when files delete\",\"Secure your files- Password protect your files.\",\"Manage and monitor your transfers - see who has opened, viewed, downloaded, and purchased your files\",\"Secure Pay - Soon as you get paid, your client receives the original files to download\\/share\\/email\"]', 1, 0.00, 0, NULL, '2019-09-27 00:07:09', '2019-09-27 01:51:24', NULL),
(2, 'Pro', 2, 'tb', 2, 'months', 8.00, '[\"Chat\\/Email Support\",\"Manage albums\",\"Offline folders - Coming soon\",\"Create a new album and send to the client in less than 50 seconds\",\"Full-text search for files\",\"Watermark any file type for clients to view or purchase\",\"Smart sync - Coming soon\",\"Watermark all your files - to avoid images being stolen or used without your permission\",\"Decide when files delete\",\"Secure your files- Password protect your files.\",\"Custom URL\",\"Manage and monitor your transfers - see who has opened, viewed, downloaded, and purchased your files\",\"Secure Pay - Soon as you get paid, your client receives the original files to download\\/share\\/email\",\"Added users for businesses -Coming Soon\"]', 1, 16.00, 0, NULL, '2019-09-27 00:08:12', '2019-09-27 00:08:12', NULL),
(3, 'Pro add-on (option)', 1, 'tb', 0, 'days', 0.00, '[\"each additional 1TB (No cap on the amount of TB)\"]', 1, 6.00, 1, 2, '2019-09-27 00:09:25', '2019-09-27 00:09:25', NULL),
(4, 'Enterprise', 0, 'mb', 0, 'days', 0.00, '[\"Call\"]', 0, 0.00, 0, NULL, '2019-09-27 00:09:46', '2019-09-27 00:09:46', NULL);

-- --------------------------------------------------------

--
-- Table structure for table `purchases`
--

CREATE TABLE `purchases` (
  `id` int(10) UNSIGNED NOT NULL,
  `user_id` int(10) UNSIGNED DEFAULT NULL,
  `image_id` int(11) DEFAULT NULL,
  `project_id` varchar(191) COLLATE utf8mb4_unicode_ci DEFAULT NULL,
  `share_id` int(11) NOT NULL DEFAULT '0',
  `by_amount` varchar(10) COLLATE utf8mb4_unicode_ci DEFAULT NULL,
  `admin_amount` decimal(12,2) DEFAULT NULL,
  `transfer_status` enum('0','1') COLLATE utf8mb4_unicode_ci NOT NULL DEFAULT '0',
  `transfer_id` varchar(100) COLLATE utf8mb4_unicode_ci DEFAULT NULL,
  `user_amount` decimal(12,2) DEFAULT NULL,
  `datacuda_amount` decimal(12,2) DEFAULT NULL,
  `project_password` varchar(191) COLLATE utf8mb4_unicode_ci DEFAULT NULL,
  `name` varchar(100) COLLATE utf8mb4_unicode_ci DEFAULT NULL,
  `email` varchar(100) COLLATE utf8mb4_unicode_ci DEFAULT NULL,
  `status` varchar(191) COLLATE utf8mb4_unicode_ci DEFAULT '1',
  `project_link` varchar(191) COLLATE utf8mb4_unicode_ci DEFAULT NULL,
  `created_at` timestamp NULL DEFAULT NULL,
  `updated_at` timestamp NULL DEFAULT NULL
) ENGINE=InnoDB DEFAULT CHARSET=utf8mb4 COLLATE=utf8mb4_unicode_ci;

--
-- Dumping data for table `purchases`
--

INSERT INTO `purchases` (`id`, `user_id`, `image_id`, `project_id`, `share_id`, `by_amount`, `admin_amount`, `transfer_status`, `transfer_id`, `user_amount`, `datacuda_amount`, `project_password`, `name`, `email`, `status`, `project_link`, `created_at`, `updated_at`) VALUES
(1, NULL, NULL, '41', 1, '100', '14.00', '0', NULL, NULL, NULL, NULL, NULL, 'jailendrarajawat@virtualemployee.com', '1', NULL, '2019-11-25 02:54:13', '2019-11-25 02:54:13'),
(2, NULL, NULL, '42', 2, '100', '14.00', '0', NULL, NULL, NULL, NULL, NULL, 'jailendrarajawat@virtualemployee.com', '1', NULL, '2019-11-25 03:03:55', '2019-11-25 03:03:55'),
(3, NULL, NULL, '43', 3, '2000', '280.00', '0', NULL, NULL, NULL, NULL, NULL, 'jailendrarajawat@virtualemployee.com', '1', NULL, '2019-11-26 00:18:46', '2019-11-26 00:18:46'),
(4, NULL, NULL, '44', 4, '50', '7.00', '0', NULL, NULL, NULL, NULL, NULL, 'jailendrarajawat@virtualemployee.com', '1', NULL, '2019-11-26 03:42:45', '2019-11-26 03:42:45'),
(5, NULL, NULL, '45', 5, '10', '1.40', '0', NULL, NULL, NULL, NULL, NULL, 'jailendrarajawat@virtualemployee.com', '1', NULL, '2019-11-26 03:46:24', '2019-11-26 03:46:24'),
(6, NULL, NULL, '46', 6, '100', '14.00', '0', NULL, NULL, NULL, NULL, NULL, 'jailedrarajawat@virtualemployee.com', '1', NULL, '2019-11-28 19:21:52', '2019-11-28 19:21:52'),
(7, NULL, NULL, '51', 7, '100', '14.00', '0', NULL, NULL, NULL, NULL, NULL, 'jailedrarajawat@virtualemployee.com', '1', NULL, '2019-11-29 00:27:43', '2019-11-29 00:27:43'),
(8, NULL, NULL, '52', 8, '300', '42.00', '0', NULL, NULL, NULL, NULL, NULL, 'h@email.com', '1', NULL, '2019-11-29 00:52:38', '2019-11-29 00:52:38'),
(9, NULL, NULL, '48', 9, '100', '8.00', '0', NULL, NULL, NULL, NULL, NULL, 'jailedrarajawat@virtualemployee.com', '1', NULL, '2019-12-02 23:14:32', '2019-12-02 23:14:32'),
(10, NULL, NULL, '53', 10, '200', '16.00', '1', 'tr_1FmdzAKUp2FrE31d5Uf7Nvp7', NULL, NULL, NULL, NULL, 'jailendrarajawat@virtualemployee.com', '1', NULL, '2019-12-02 23:20:48', '2019-12-05 22:54:33'),
(11, NULL, NULL, '50', 11, '150', '21.00', '0', NULL, NULL, NULL, NULL, NULL, 'jailendrarajawat@virtualemployee.com', '1', NULL, '2019-12-05 22:43:40', '2019-12-05 22:43:40'),
(12, NULL, NULL, '54', 12, '100', '14.00', '1', 'tr_1FmduVKUp2FrE31dc3JxqLpR', NULL, NULL, NULL, NULL, 'jailendrarajawat@virtualemployee.com', '1', NULL, '2019-12-05 22:47:10', '2019-12-05 22:49:44'),
(13, NULL, NULL, '55', 13, '100', '14.00', '0', NULL, NULL, NULL, NULL, NULL, 'jailendrarajawat@virtualemployee.com', '1', NULL, '2019-12-16 19:19:27', '2019-12-16 19:19:27');

-- --------------------------------------------------------

--
-- Table structure for table `regions`
--

CREATE TABLE `regions` (
  `id` int(11) UNSIGNED NOT NULL,
  `name` varchar(255) NOT NULL,
  `code` varchar(10) NOT NULL,
  `country_id` smallint(5) UNSIGNED NOT NULL
) ENGINE=InnoDB DEFAULT CHARSET=latin1 ROW_FORMAT=DYNAMIC;

--
-- Dumping data for table `regions`
--

INSERT INTO `regions` (`id`, `name`, `code`, `country_id`) VALUES
(1, 'Sant Julia de Loria', '06', 1),
(2, 'Andorra la Vella', '07', 1),
(3, 'La Massana', '04', 1),
(4, 'Ordino', '05', 1),
(5, 'Canillo', '02', 1),
(6, 'Encamp', '03', 1),
(7, 'Escaldes-Engordany', '08', 1),
(8, 'Fujairah', '04', 2),
(9, 'Abu Dhabi', '01', 2),
(10, 'Dubai', '03', 2),
(11, 'Ras Al Khaimah', '05', 2),
(12, 'Umm Al Quwain', '07', 2),
(13, 'Sharjah', '06', 2),
(14, 'Ajman', '02', 2),
(15, 'Paktika', '29', 3),
(16, 'Farah', '06', 3),
(17, 'Helmand', '10', 3),
(18, 'Kondoz', '24', 3),
(19, 'Bamian', '05', 3),
(20, 'Ghowr', '09', 3),
(21, 'Laghman', '35', 3),
(22, '', '22', 3),
(23, 'Ghazni', '08', 3),
(24, 'Vardak', '27', 3),
(25, 'Oruzgan', '39', 3),
(26, 'Zabol', '28', 3),
(27, 'Badghis', '02', 3),
(28, 'Badakhshan', '01', 3),
(29, 'Faryab', '07', 3),
(30, 'Takhar', '26', 3),
(31, 'Lowgar', '17', 3),
(32, 'Herat', '11', 3),
(33, 'Daykondi', '41', 3),
(34, 'Sar-e Pol', '33', 3),
(35, 'Balkh', '30', 3),
(36, 'Kabol', '13', 3),
(37, 'Nimruz', '19', 3),
(38, 'Kandahar', '23', 3),
(39, 'Khowst', '37', 3),
(40, '', '20', 3),
(41, 'Kapisa', '14', 3),
(42, 'Nangarhar', '18', 3),
(43, 'Samangan', '32', 3),
(44, 'Paktia', '36', 3),
(45, 'Baghlan', '03', 3),
(46, 'Jowzjan', '31', 3),
(47, 'Konar', '34', 3),
(48, 'Nurestan', '38', 3),
(49, '', '16', 3),
(50, '', '21', 3),
(51, '', '15', 3),
(52, 'Panjshir', '42', 3),
(53, 'Saint John', '04', 4),
(54, 'Saint Paul', '06', 4),
(55, 'Saint George', '03', 4),
(56, 'Saint Peter', '07', 4),
(57, 'Saint Mary', '05', 4),
(58, 'Barbuda', '01', 4),
(59, 'Saint Philip', '08', 4),
(60, '', '00', 5),
(61, 'Vlore', '51', 6),
(62, 'Korce', '46', 6),
(63, 'Shkoder', '49', 6),
(64, 'Durres', '42', 6),
(65, 'Elbasan', '43', 6),
(66, 'Kukes', '47', 6),
(67, 'Fier', '44', 6),
(68, 'Berat', '40', 6),
(69, 'Gjirokaster', '45', 6),
(70, 'Tirane', '50', 6),
(71, 'Lezhe', '48', 6),
(72, 'Diber', '41', 6),
(73, 'Aragatsotn', '01', 7),
(74, 'Ararat', '02', 7),
(75, 'Kotayk\'', '05', 7),
(76, 'Tavush', '09', 7),
(77, 'Syunik\'', '08', 7),
(78, 'Geghark\'unik\'', '04', 7),
(79, 'Vayots\' Dzor', '10', 7),
(80, 'Lorri', '06', 7),
(81, 'Armavir', '03', 7),
(82, 'Yerevan', '11', 7),
(83, 'Shirak', '07', 7),
(84, '', '00', 8),
(85, 'Benguela', '01', 9),
(86, 'Uige', '15', 9),
(87, 'Bengo', '19', 9),
(88, 'Cuanza Norte', '05', 9),
(89, 'Malanje', '12', 9),
(90, 'Cuanza Sul', '06', 9),
(91, 'Huambo', '08', 9),
(92, 'Moxico', '14', 9),
(93, 'Cuando Cubango', '04', 9),
(94, 'Bie', '02', 9),
(95, 'Huila', '09', 9),
(96, 'Lunda Sul', '18', 9),
(97, '', '10', 9),
(98, 'Zaire', '16', 9),
(99, 'Cunene', '07', 9),
(100, 'Lunda Norte', '17', 9),
(101, 'Namibe', '13', 9),
(102, 'Cabinda', '03', 9),
(103, 'Buenos Aires', '01', 10),
(104, 'Cordoba', '05', 10),
(105, 'Entre Rios', '08', 10),
(106, 'Salta', '17', 10),
(107, 'Jujuy', '10', 10),
(108, 'La Pampa', '11', 10),
(109, 'Mendoza', '13', 10),
(110, 'Misiones', '14', 10),
(111, 'Santa Cruz', '20', 10),
(112, 'Santa Fe', '21', 10),
(113, 'Tucuman', '24', 10),
(114, 'Corrientes', '06', 10),
(115, 'San Juan', '18', 10),
(116, 'Santiago del Estero', '22', 10),
(117, 'Catamarca', '02', 10),
(118, 'Neuquen', '15', 10),
(119, 'Distrito Federal', '07', 10),
(120, 'La Rioja', '12', 10),
(121, 'Rio Negro', '16', 10),
(122, 'Chubut', '04', 10),
(123, 'San Luis', '19', 10),
(124, 'Tierra del Fuego', '23', 10),
(125, 'Formosa', '09', 10),
(126, 'Chaco', '03', 10),
(127, 'Niederosterreich', '03', 11),
(128, 'Salzburg', '05', 11),
(129, 'Oberosterreich', '04', 11),
(130, 'Tirol', '07', 11),
(131, 'Karnten', '02', 11),
(132, 'Steiermark', '06', 11),
(133, 'Vorarlberg', '08', 11),
(134, 'Wien', '09', 11),
(135, 'Burgenland', '01', 11),
(136, 'New South Wales', '02', 12),
(137, 'Tasmania', '06', 12),
(138, 'Western Australia', '08', 12),
(139, 'Queensland', '04', 12),
(140, 'Victoria', '07', 12),
(141, 'South Australia', '05', 12),
(142, 'Northern Territory', '03', 12),
(143, 'Australian Capital Territory', '01', 12),
(144, '', '00', 12),
(145, '', '00', 13),
(146, 'Neftcala', '36', 14),
(147, 'Xanlar', '62', 14),
(148, 'Yevlax', '68', 14),
(149, 'Agdas', '04', 14),
(150, 'Sabirabad', '46', 14),
(151, 'Yardimli', '66', 14),
(152, 'Calilabad', '15', 14),
(153, 'Saatli', '45', 14),
(154, 'Saki', '47', 14),
(155, 'Kurdamir', '27', 14),
(156, 'Qazax', '40', 14),
(157, 'Tovuz', '58', 14),
(158, 'Samkir', '51', 14),
(159, 'Agdam', '03', 14),
(160, 'Qubadli', '43', 14),
(161, 'Oguz', '37', 14),
(162, 'Lacin', '28', 14),
(163, 'Kalbacar', '26', 14),
(164, 'Haciqabul', '23', 14),
(165, 'Bilasuvar', '13', 14),
(166, 'Balakan', '10', 14),
(167, 'Naxcivan', '35', 14),
(168, 'Qabala', '38', 14),
(169, 'Agcabadi', '02', 14),
(170, 'Samaxi', '50', 14),
(171, 'Davaci', '17', 14),
(172, 'Quba', '42', 14),
(173, 'Qusar', '44', 14),
(174, 'Imisli', '24', 14),
(175, 'Abseron', '01', 14),
(176, 'Xacmaz', '60', 14),
(177, 'Cabrayil', '14', 14),
(178, 'Ismayilli', '25', 14),
(179, 'Goranboy', '21', 14),
(180, 'Fuzuli', '18', 14),
(181, 'Baki', '09', 14),
(182, 'Beylaqan', '12', 14),
(183, 'Daskasan', '16', 14),
(184, 'Masalli', '32', 14),
(185, 'Zaqatala', '70', 14),
(186, 'Lankaran', '29', 14),
(187, 'Lerik', '31', 14),
(188, 'Ali Bayramli', '07', 14),
(189, 'Qax', '39', 14),
(190, 'Samux', '52', 14),
(191, 'Zardab', '71', 14),
(192, 'Gadabay', '19', 14),
(193, 'Ucar', '59', 14),
(194, 'Barda', '11', 14),
(195, 'Siyazan', '53', 14),
(196, 'Xocavand', '65', 14),
(197, 'Zangilan', '69', 14),
(198, 'Xizi', '63', 14),
(199, 'Yevlax', '67', 14),
(200, 'Agsu', '06', 14),
(201, 'Qobustan', '41', 14),
(202, 'Goycay', '22', 14),
(203, 'Astara', '08', 14),
(204, 'Xocali', '64', 14),
(205, 'Xankandi', '61', 14),
(206, 'Tartar', '57', 14),
(207, 'Agstafa', '05', 14),
(208, 'Salyan', '49', 14),
(209, 'Susa', '55', 14),
(210, 'Ganca', '20', 14),
(211, 'Sumqayit', '54', 14),
(212, 'Saki', '48', 14),
(213, 'Naftalan', '34', 14),
(214, 'Lankaran', '30', 14),
(215, 'Mingacevir', '33', 14),
(216, 'Susa', '56', 14),
(217, 'Republika Srpska', '02', 15),
(218, 'Federation of Bosnia and Herzegovina', '01', 15),
(219, '', 'BD', 15),
(220, 'Saint Joseph', '06', 16),
(221, 'Saint Lucy', '07', 16),
(222, 'Saint Thomas', '11', 16),
(223, 'Saint James', '04', 16),
(224, 'Saint John', '05', 16),
(225, 'Saint Peter', '09', 16),
(226, 'Christ Church', '01', 16),
(227, 'Saint George', '03', 16),
(228, 'Saint Michael', '08', 16),
(229, 'Saint Andrew', '02', 16),
(230, 'Saint Philip', '10', 16),
(231, 'Khulna', '82', 17),
(232, 'Rajshahi', '83', 17),
(233, 'Dhaka', '81', 17),
(234, '', '80', 17),
(235, 'Barisal', '85', 17),
(236, 'Sylhet', '86', 17),
(237, 'Chittagong', '84', 17),
(238, 'Oost-Vlaanderen', '08', 18),
(239, 'West-Vlaanderen', '09', 18),
(240, '', '02', 18),
(241, 'Limburg', '05', 18),
(242, 'Antwerpen', '01', 18),
(243, 'Luxembourg', '06', 18),
(244, 'Hainaut', '03', 18),
(245, 'Liege', '04', 18),
(246, 'Namur', '07', 18),
(247, 'Brussels Hoofdstedelijk Gewest', '11', 18),
(248, 'Vlaams-Brabant', '12', 18),
(249, 'Brabant Wallon', '10', 18),
(250, '', '38', 19),
(251, 'Mouhoun', '63', 19),
(252, 'Bam', '15', 19),
(253, '', '37', 19),
(254, '', '16', 19),
(255, '', '24', 19),
(256, '', '32', 19),
(257, 'Tapoa', '42', 19),
(258, 'Soum', '40', 19),
(259, 'Leraba', '61', 19),
(260, 'Noumbiel', '67', 19),
(261, '', '30', 19),
(262, 'Gnagna', '21', 19),
(263, '', '31', 19),
(264, '', '22', 19),
(265, 'Yatenga', '76', 19),
(266, 'Banwa', '46', 19),
(267, 'Poni', '69', 19),
(268, 'Loroum', '62', 19),
(269, 'Kouritenga', '28', 19),
(270, 'Tuy', '74', 19),
(271, 'Kossi', '58', 19),
(272, 'Passore', '34', 19),
(273, 'Kenedougou', '54', 19),
(274, 'Bale', '45', 19),
(275, 'Bougouriba', '48', 19),
(276, 'Houet', '51', 19),
(277, 'Gourma', '50', 19),
(278, 'Namentenga', '64', 19),
(279, 'Sanmatenga', '70', 19),
(280, '', '18', 19),
(281, 'Ioba', '52', 19),
(282, 'Ganzourgou', '20', 19),
(283, 'Naouri', '65', 19),
(284, 'Boulkiemde', '19', 19),
(285, 'Zoundweogo', '44', 19),
(286, 'Zondoma', '78', 19),
(287, '', '39', 19),
(288, '', '43', 19),
(289, 'Komoe', '55', 19),
(290, 'Yagha', '75', 19),
(291, 'Komondjari', '56', 19),
(292, 'Sourou', '73', 19),
(293, 'Nayala', '66', 19),
(294, 'Sissili', '72', 19),
(295, 'Sanguie', '36', 19),
(296, 'Oudalan', '33', 19),
(297, 'Koulpelogo', '59', 19),
(298, 'Ziro', '77', 19),
(299, 'Kourweogo', '60', 19),
(300, 'Oubritenga', '68', 19),
(301, 'Seno', '71', 19),
(302, 'Bazega', '47', 19),
(303, 'Kadiogo', '53', 19),
(304, 'Kompienga', '57', 19),
(305, 'Boulgou', '49', 19),
(306, 'Lovech', '46', 20),
(307, 'Varna', '61', 20),
(308, 'Burgas', '39', 20),
(309, 'Razgrad', '52', 20),
(310, 'Plovdiv', '51', 20),
(311, 'Khaskovo', '43', 20),
(312, 'Sofiya', '58', 20),
(313, 'Silistra', '55', 20),
(314, 'Vidin', '63', 20),
(315, 'Montana', '47', 20),
(316, 'Mikhaylovgrad', '33', 20),
(317, 'Grad Sofiya', '42', 20),
(318, 'Turgovishte', '60', 20),
(319, 'Kurdzhali', '44', 20),
(320, 'Dobrich', '40', 20),
(321, 'Shumen', '54', 20),
(322, 'Blagoevgrad', '38', 20),
(323, 'Smolyan', '57', 20),
(324, 'Stara Zagora', '59', 20),
(325, 'Pazardzhik', '48', 20),
(326, 'Ruse', '53', 20),
(327, 'Vratsa', '64', 20),
(328, 'Pleven', '50', 20),
(329, 'Pernik', '49', 20),
(330, 'Kyustendil', '45', 20),
(331, 'Yambol', '65', 20),
(332, 'Gabrovo', '41', 20),
(333, 'Sliven', '56', 20),
(334, 'Veliko Turnovo', '62', 20),
(335, 'Jidd Hafs', '05', 21),
(336, '', '03', 21),
(337, 'Al Mintaqah ash Shamaliyah', '10', 21),
(338, '', '07', 21),
(339, 'Al Manamah', '02', 21),
(340, 'Sitrah', '06', 21),
(341, 'Al Mintaqah al Gharbiyah', '08', 21),
(342, 'Mintaqat Juzur Hawar', '09', 21),
(343, 'Al Hadd', '01', 21),
(344, 'Al Mintaqah al Wusta', '11', 21),
(345, 'Ar Rifa', '13', 21),
(346, 'Madinat', '12', 21),
(347, 'Karuzi', '14', 22),
(348, 'Ruyigi', '21', 22),
(349, 'Bubanza', '09', 22),
(350, 'Bururi', '10', 22),
(351, 'Makamba', '17', 22),
(352, 'Kayanza', '15', 22),
(353, '', '05', 22),
(354, 'Rutana', '20', 22),
(355, 'Muyinga', '18', 22),
(356, 'Cibitoke', '12', 22),
(357, 'Gitega', '13', 22),
(358, 'Cankuzo', '11', 22),
(359, 'Bujumbura', '02', 22),
(360, 'Ngozi', '19', 22),
(361, 'Kirundo', '16', 22),
(362, 'Plateau', '17', 23),
(363, 'Collines', '11', 23),
(364, '', '04', 23),
(365, '', '01', 23),
(366, 'Oueme', '16', 23),
(367, 'Zou', '18', 23),
(368, '', '05', 23),
(369, '', '02', 23),
(370, 'Atlanyique', '09', 23),
(371, 'Borgou', '10', 23),
(372, 'Mono', '15', 23),
(373, '', '03', 23),
(374, 'Kouffo', '12', 23),
(375, 'Donga', '13', 23),
(376, 'Littoral', '14', 23),
(377, 'Alibori', '07', 23),
(378, 'Atakora', '08', 23),
(379, 'Devonshire', '01', 24),
(380, 'Paget', '04', 24),
(381, 'Saint George\'s', '07', 24),
(382, 'Smiths', '09', 24),
(383, 'Hamilton', '03', 24),
(384, 'Warwick', '11', 24),
(385, 'Sandys', '08', 24),
(386, 'Saint George', '06', 24),
(387, 'Hamilton', '02', 24),
(388, '', '00', 25),
(389, 'Santa Cruz', '08', 26),
(390, 'Pando', '06', 26),
(391, 'Tarija', '09', 26),
(392, 'La Paz', '04', 26),
(393, 'Oruro', '05', 26),
(394, 'Cochabamba', '02', 26),
(395, 'Potosi', '07', 26),
(396, 'Chuquisaca', '01', 26),
(397, 'El Beni', '03', 26),
(398, 'Santa Catarina', '26', 27),
(399, 'Mato Grosso do Sul', '11', 27),
(400, 'Rio Grande do Sul', '23', 27),
(401, 'Espirito Santo', '08', 27),
(402, 'Bahia', '05', 27),
(403, 'Rondonia', '24', 27),
(404, 'Minas Gerais', '15', 27),
(405, 'Paraiba', '17', 27),
(406, 'Amapa', '03', 27),
(407, 'Amazonas', '04', 27),
(408, 'Para', '16', 27),
(409, 'Ceara', '06', 27),
(410, 'Rio de Janeiro', '21', 27),
(411, 'Goias', '29', 27),
(412, 'Sao Paulo', '27', 27),
(413, 'Parana', '18', 27),
(414, 'Rio Grande do Norte', '22', 27),
(415, 'Acre', '01', 27),
(416, 'Piaui', '20', 27),
(417, 'Pernambuco', '30', 27),
(418, 'Mato Grosso', '14', 27),
(419, 'Maranhao', '13', 27),
(420, 'Tocantins', '31', 27),
(421, 'Roraima', '25', 27),
(422, 'Alagoas', '02', 27),
(423, 'Sergipe', '28', 27),
(424, 'Distrito Federal', '07', 27),
(425, 'Acklins and Crooked Islands', '24', 28),
(426, 'Mayaguana', '16', 28),
(427, 'Long Island', '15', 28),
(428, 'New Providence', '23', 28),
(429, 'Exuma', '10', 28),
(430, 'Bimini', '05', 28),
(431, 'Governor\'s Harbour', '27', 28),
(432, 'San Salvador and Rum Cay', '35', 28),
(433, 'Fresh Creek', '26', 28),
(434, 'Cat Island', '06', 28),
(435, 'Nichollstown and Berry Islands', '32', 28),
(436, 'Kemps Bay', '30', 28),
(437, 'Freeport', '25', 28),
(438, 'Rock Sound', '33', 28),
(439, 'Harbour Island', '22', 28),
(440, 'High Rock', '29', 28),
(441, 'Green Turtle Cay', '28', 28),
(442, 'Marsh Harbour', '31', 28),
(443, 'Ragged Island', '18', 28),
(444, 'Sandy Point', '34', 28),
(445, 'Inagua', '13', 28),
(446, 'Wangdi Phodrang', '22', 29),
(447, 'Paro', '13', 29),
(448, 'Daga', '08', 29),
(449, 'Mongar', '12', 29),
(450, 'Shemgang', '18', 29),
(451, 'Thimphu', '20', 29),
(452, 'Tashigang', '19', 29),
(453, 'Chirang', '07', 29),
(454, 'Geylegphug', '09', 29),
(455, 'Samdrup', '17', 29),
(456, 'Bumthang', '05', 29),
(457, 'Samchi', '16', 29),
(458, 'Tongsa', '21', 29),
(459, 'Chhukha', '06', 29),
(460, 'Pemagatsel', '14', 29),
(461, 'Ha', '10', 29),
(462, 'Punakha', '15', 29),
(463, 'Lhuntshi', '11', 29),
(464, 'Central', '01', 30),
(465, 'South-East', '09', 30),
(466, 'North-East', '08', 30),
(467, 'North-West', '11', 30),
(468, 'Ghanzi', '03', 30),
(469, 'Kweneng', '06', 30),
(470, 'Kgalagadi', '04', 30),
(471, '', '00', 30),
(472, 'Southern', '10', 30),
(473, 'Kgatleng', '05', 30),
(474, 'Homyel\'skaya Voblasts\'', '02', 31),
(475, 'Minsk', '04', 31),
(476, 'Brestskaya Voblasts\'', '01', 31),
(477, 'Hrodzyenskaya Voblasts\'', '03', 31),
(478, 'Mahilyowskaya Voblasts\'', '06', 31),
(479, 'Vitsyebskaya Voblasts\'', '07', 31),
(480, 'Toledo', '06', 32),
(481, 'Cayo', '02', 32),
(482, 'Stann Creek', '05', 32),
(483, 'Corozal', '03', 32),
(484, 'Orange Walk', '04', 32),
(485, 'Belize', '01', 32),
(486, '', '02', 33),
(487, '', '11', 33),
(488, '', '10', 33),
(489, '', '01', 33),
(490, '', '05', 33),
(491, '', '08', 33),
(492, '', '07', 33),
(493, '', '12', 33),
(494, '', '13', 33),
(495, '', '14', 33),
(496, '', '09', 33),
(497, '', '04', 33),
(498, '', '03', 33),
(499, '', '00', 34),
(500, 'Equateur', '02', 35),
(501, 'Orientale', '09', 35),
(502, '', '00', 35),
(503, 'Nord-Kivu', '11', 35),
(504, '', '07', 35),
(505, 'Maniema', '10', 35),
(506, 'Bandundu', '01', 35),
(507, '', '03', 35),
(508, 'Katanga', '05', 35),
(509, 'Sud-Kivu', '12', 35),
(510, 'Bas-Congo', '08', 35),
(511, 'Kasai-Oriental', '04', 35),
(512, 'Kinshasa', '06', 35),
(513, 'Nana-Mambere', '09', 36),
(514, 'Ouaka', '11', 36),
(515, 'Haute-Kotto', '03', 36),
(516, 'Sangha-Mbaere', '16', 36),
(517, 'Bamingui-Bangoran', '01', 36),
(518, 'Mbomou', '08', 36),
(519, 'Basse-Kotto', '02', 36),
(520, 'Kemo', '06', 36),
(521, 'Haut-Mbomou', '05', 36),
(522, 'Ouham-Pende', '13', 36),
(523, 'Ouham', '12', 36),
(524, 'Ombella-Mpoko', '17', 36),
(525, 'Cuvette-Ouest', '14', 36),
(526, 'Mambere-Kadei', '04', 36),
(527, 'Lobaye', '07', 36),
(528, '', '00', 36),
(529, 'Nana-Grebizi', '15', 36),
(530, 'Bangui', '18', 36),
(531, '', '03', 37),
(532, 'Plateaux', '08', 37),
(533, 'Pool', '11', 37),
(534, 'Sangha', '10', 37),
(535, 'Lekoumou', '05', 37),
(536, 'Likouala', '06', 37),
(537, 'Kouilou', '04', 37),
(538, 'Niari', '07', 37),
(539, 'Bouenza', '01', 37),
(540, 'Brazzaville', '12', 37),
(541, 'Cuvette-Ouest', '14', 37),
(542, 'Cuvette', '13', 37),
(543, 'Thurgau', '19', 38),
(544, 'Aargau', '01', 38),
(545, 'Bern', '05', 38),
(546, 'Zurich', '25', 38),
(547, 'Fribourg', '06', 38),
(548, 'Ausser-Rhoden', '02', 38),
(549, 'Valais', '22', 38),
(550, 'Uri', '21', 38),
(551, 'Graubunden', '09', 38),
(552, 'Ticino', '20', 38),
(553, 'Luzern', '11', 38),
(554, 'Obwalden', '14', 38),
(555, 'Solothurn', '18', 38),
(556, 'Basel-Stadt', '04', 38),
(557, 'Inner-Rhoden', '10', 38),
(558, 'Zug', '24', 38),
(559, 'Vaud', '23', 38),
(560, 'Jura', '26', 38),
(561, 'Basel-Landschaft', '03', 38),
(562, 'Schwyz', '17', 38),
(563, 'Sankt Gallen', '15', 38),
(564, 'Schaffhausen', '16', 38),
(565, 'Glarus', '08', 38),
(566, 'Geneve', '07', 38),
(567, 'Neuchatel', '12', 38),
(568, 'Nidwalden', '13', 38),
(569, '', '00', 38),
(570, '', '39', 39),
(571, '', '61', 39),
(572, '', '58', 39),
(573, '', '62', 39),
(574, '', '67', 39),
(575, '', '16', 39),
(576, '', '30', 39),
(577, '', '05', 39),
(578, '', '59', 39),
(579, 'Vallee du Bandama', '90', 39),
(580, '', '37', 39),
(581, 'N\'zi-Comoe', '86', 39),
(582, '', '06', 39),
(583, '', '20', 39),
(584, '', '42', 39),
(585, 'Moyen-Comoe', '85', 39),
(586, '', '64', 39),
(587, 'Lagunes', '82', 39),
(588, 'Zanzan', '92', 39),
(589, 'Sud-Comoe', '89', 39),
(590, 'Lacs', '81', 39),
(591, '', '18', 39),
(592, '', '63', 39),
(593, '', '54', 39),
(594, '', '68', 39),
(595, '', '66', 39),
(596, '', '70', 39),
(597, '', '51', 39),
(598, 'Fromager', '79', 39),
(599, '', '25', 39),
(600, 'Agneby', '74', 39),
(601, 'Bas-Sassandra', '76', 39),
(602, '', '03', 39),
(603, 'Marahoue', '83', 39),
(604, '', '17', 39),
(605, '', '11', 39),
(606, '', '41', 39),
(607, '', '26', 39),
(608, 'Bafing', '75', 39),
(609, '', '47', 39),
(610, '', '46', 39),
(611, '', '23', 39),
(612, '', '21', 39),
(613, '', '14', 39),
(614, 'Savanes', '87', 39),
(615, '', '07', 39),
(616, '', '69', 39),
(617, '', '52', 39),
(618, '', '12', 39),
(619, 'Sud-Bandama', '88', 39),
(620, 'Haut-Sassandra', '80', 39),
(621, 'Moyen-Cavally', '84', 39),
(622, 'Dix-Huit Montagnes', '78', 39),
(623, 'Denguele', '77', 39),
(624, 'Worodougou', '91', 39),
(625, '', '00', 40),
(626, 'Bio-Bio', '06', 41),
(627, 'Maule', '11', 41),
(628, 'Los Lagos', '09', 41),
(629, 'Tarapaca', '13', 41),
(630, 'Valparaiso', '01', 41),
(631, 'Atacama', '05', 41),
(632, 'Coquimbo', '07', 41),
(633, 'Libertador General Bernardo O\'Higgins', '08', 41),
(634, 'Antofagasta', '03', 41),
(635, 'Araucania', '04', 41),
(636, 'Aisen del General Carlos Ibanez del Campo', '02', 41),
(637, 'Region Metropolitana', '12', 41),
(638, 'Magallanes y de la Antartica Chilena', '10', 41),
(639, 'Est', '04', 42),
(640, 'Adamaoua', '10', 42),
(641, 'Centre', '11', 42),
(642, 'Sud', '14', 42),
(643, 'Nord-Ouest', '07', 42),
(644, 'Extreme-Nord', '12', 42),
(645, 'Sud-Ouest', '09', 42),
(646, 'Littoral', '05', 42),
(647, 'Nord', '13', 42),
(648, 'Ouest', '08', 42),
(649, 'Sichuan', '32', 43),
(650, 'Xinjiang', '13', 43),
(651, 'Nei Mongol', '20', 43),
(652, 'Yunnan', '29', 43),
(653, 'Guizhou', '18', 43),
(654, 'Heilongjiang', '08', 43),
(655, 'Shandong', '25', 43),
(656, 'Liaoning', '19', 43),
(657, 'Shaanxi', '26', 43),
(658, 'Qinghai', '06', 43),
(659, 'Gansu', '15', 43),
(660, 'Jiangsu', '04', 43),
(661, 'Fujian', '07', 43),
(662, 'Hunan', '11', 43),
(663, 'Jiangxi', '03', 43),
(664, 'Guangxi', '16', 43),
(665, 'Zhejiang', '02', 43),
(666, 'Hebei', '10', 43),
(667, 'Hubei', '12', 43),
(668, 'Anhui', '01', 43),
(669, 'Tianjin', '28', 43),
(670, 'Hainan', '31', 43),
(671, 'Guangdong', '30', 43),
(672, 'Xizang', '14', 43),
(673, 'Jilin', '05', 43),
(674, 'Chongqing', '33', 43),
(675, 'Beijing', '22', 43),
(676, 'Shanxi', '24', 43),
(677, 'Shanghai', '23', 43),
(678, 'Henan', '09', 43),
(679, 'Ningxia', '21', 43),
(680, 'Cundinamarca', '33', 44),
(681, 'Norte de Santander', '21', 44),
(682, 'Narino', '20', 44),
(683, '', '18', 44),
(684, 'Risaralda', '24', 44),
(685, 'Antioquia', '02', 44),
(686, 'Amazonas', '01', 44),
(687, 'La Guajira', '17', 44),
(688, 'Choco', '11', 44),
(689, 'Cauca', '09', 44),
(690, 'Valle del Cauca', '29', 44),
(691, 'Arauca', '03', 44),
(692, 'Meta', '19', 44),
(693, 'Caqueta', '08', 44),
(694, 'Casanare', '32', 44),
(695, 'Vaupes', '30', 44),
(696, 'Tolima', '28', 44),
(697, 'Huila', '16', 44),
(698, '', '05', 44),
(699, 'Atlantico', '04', 44),
(700, 'Cordoba', '12', 44),
(701, 'Santander', '26', 44),
(702, 'Cesar', '10', 44),
(703, 'Sucre', '27', 44),
(704, '', '06', 44),
(705, 'Putumayo', '22', 44),
(706, '', '07', 44),
(707, 'Guaviare', '14', 44),
(708, 'San Andres y Providencia', '25', 44),
(709, 'Vichada', '31', 44),
(710, 'Quindio', '23', 44),
(711, 'Guainia', '15', 44),
(712, 'Distrito Especial', '34', 44),
(713, 'Guanacaste', '03', 45),
(714, 'Limon', '06', 45),
(715, 'Puntarenas', '07', 45),
(716, 'Alajuela', '01', 45),
(717, 'Heredia', '04', 45),
(718, 'San Jose', '08', 45),
(719, 'Cartago', '02', 45),
(720, 'Cienfuegos', '08', 46),
(721, 'La Habana', '11', 46),
(722, 'Santiago de Cuba', '15', 46),
(723, 'Camaguey', '05', 46),
(724, 'Ciudad de la Habana', '02', 46),
(725, 'Villa Clara', '16', 46),
(726, 'Pinar del Rio', '01', 46),
(727, 'Matanzas', '03', 46),
(728, 'Guantanamo', '10', 46),
(729, 'Las Tunas', '13', 46),
(730, 'Ciego de Avila', '07', 46),
(731, 'Sancti Spiritus', '14', 46),
(732, 'Holguin', '12', 46),
(733, 'Granma', '09', 46),
(734, 'Isla de la Juventud', '04', 46),
(735, 'Sao Domingos', '17', 47),
(736, '', '00', 47),
(737, '', '00', 48),
(738, 'Limassol', '05', 49),
(739, 'Nicosia', '04', 49),
(740, 'Paphos', '06', 49),
(741, 'Famagusta', '01', 49),
(742, 'Larnaca', '03', 49),
(743, 'Kyrenia', '02', 49),
(744, 'Karlovarsky kraj', '81', 50),
(745, 'Pardubicky kraj', '86', 50),
(746, '', '30', 50),
(747, 'Jihomoravsky kraj', '78', 50),
(748, 'Jihocesky kraj', '79', 50),
(749, 'Olomoucky kraj', '84', 50),
(750, 'Moravskoslezsky kraj', '85', 50),
(751, '', '70', 50),
(752, 'Kralovehradecky kraj', '82', 50),
(753, 'Ustecky kraj', '89', 50),
(754, 'Stredocesky kraj', '88', 50),
(755, 'Vysocina', '80', 50),
(756, 'Plzensky kraj', '87', 50),
(757, '', '33', 50),
(758, '', '21', 50),
(759, '', '20', 50),
(760, 'Zlinsky kraj', '90', 50),
(761, 'Hlavni mesto Praha', '52', 50),
(762, '', '45', 50),
(763, 'Liberecky kraj', '83', 50),
(764, '', '23', 50),
(765, '', '41', 50),
(766, '', '61', 50),
(767, '', '36', 50),
(768, '', '39', 50),
(769, '', '37', 50),
(770, '', '73', 50),
(771, '', '00', 50),
(772, '', '24', 50),
(773, 'Nordrhein-Westfalen', '07', 51),
(774, 'Baden-Wurttemberg', '01', 51),
(775, 'Bayern', '02', 51),
(776, 'Rheinland-Pfalz', '08', 51),
(777, 'Niedersachsen', '06', 51),
(778, 'Schleswig-Holstein', '10', 51),
(779, 'Brandenburg', '11', 51),
(780, 'Sachsen-Anhalt', '14', 51),
(781, 'Sachsen', '13', 51),
(782, 'Thuringen', '15', 51),
(783, 'Hessen', '05', 51),
(784, 'Mecklenburg-Vorpommern', '12', 51),
(785, 'Hamburg', '04', 51),
(786, 'Berlin', '16', 51),
(787, 'Saarland', '09', 51),
(788, 'Bremen', '03', 51),
(789, 'Ali Sabieh', '01', 52),
(790, 'Tadjoura', '05', 52),
(791, '', '02', 52),
(792, 'Obock', '04', 52),
(793, '', '03', 52),
(794, 'Arta', '08', 52),
(795, 'Dikhil', '06', 52),
(796, 'Syddanmark', '21', 53),
(797, 'Midtjylland', '18', 53),
(798, 'Nordjylland', '19', 53),
(799, 'Sjelland', '20', 53),
(800, 'Hovedstaden', '17', 53),
(801, 'Saint Andrew', '02', 54),
(802, 'Saint David', '03', 54),
(803, 'Saint Joseph', '06', 54),
(804, 'Saint George', '04', 54),
(805, 'Saint Patrick', '09', 54),
(806, 'Saint Peter', '11', 54),
(807, 'Saint John', '05', 54),
(808, 'Saint Mark', '08', 54),
(809, 'Saint Paul', '10', 54),
(810, 'Saint Luke', '07', 54),
(811, 'Sanchez Ramirez', '21', 55),
(812, 'Espaillat', '08', 55),
(813, 'Duarte', '06', 55),
(814, 'Samana', '20', 55),
(815, 'Maria Trinidad Sanchez', '14', 55),
(816, 'La Romana', '12', 55),
(817, 'Azua', '01', 55),
(818, 'San Cristobal', '33', 55),
(819, 'El Seibo', '28', 55),
(820, 'Monte Plata', '32', 55),
(821, 'Distrito Nacional', '05', 55),
(822, 'Elias Pina', '11', 55),
(823, 'Santiago', '25', 55),
(824, 'Santiago Rodriguez', '26', 55),
(825, 'Peravia', '17', 55),
(826, 'Monte Cristi', '15', 55),
(827, 'Salcedo', '19', 55),
(828, 'Puerto Plata', '18', 55),
(829, 'San Pedro De Macoris', '24', 55),
(830, 'Pedernales', '16', 55),
(831, 'Independencia', '09', 55),
(832, 'La Vega', '30', 55),
(833, 'Dajabon', '04', 55),
(834, 'Hato Mayor', '29', 55),
(835, 'Barahona', '03', 55),
(836, 'San Juan', '23', 55),
(837, 'La Altagracia', '10', 55),
(838, 'Valverde', '27', 55),
(839, 'Baoruco', '02', 55),
(840, 'Monsenor Nouel', '31', 55),
(841, 'Ain Temouchent', '36', 56),
(842, 'Oran', '09', 56),
(843, 'Medea', '06', 56),
(844, 'Chlef', '41', 56),
(845, 'Bechar', '38', 56),
(846, 'Tamanghasset', '53', 56),
(847, 'Bejaia', '18', 56),
(848, 'Tizi Ouzou', '14', 56),
(849, 'Boumerdes', '40', 56),
(850, 'Ain Defla', '35', 56),
(851, 'Annaba', '37', 56),
(852, 'Setif', '12', 56),
(853, 'Relizane', '51', 56),
(854, 'Mascara', '26', 56),
(855, 'Mostaganem', '07', 56),
(856, 'Tiaret', '13', 56),
(857, 'Bordj Bou Arreridj', '39', 56),
(858, 'Tipaza', '55', 56),
(859, '', '00', 56),
(860, 'Bouira', '21', 56),
(861, 'Tissemsilt', '56', 56),
(862, 'Jijel', '24', 56),
(863, 'Saida', '10', 56),
(864, 'Illizi', '46', 56),
(865, 'Tlemcen', '15', 56),
(866, 'Adrar', '34', 56),
(867, 'Laghouat', '25', 56),
(868, 'Constantine', '04', 56),
(869, 'Khenchela', '47', 56),
(870, 'Batna', '03', 56),
(871, 'Alger', '01', 56),
(872, 'M\'sila', '27', 56),
(873, 'Skikda', '31', 56),
(874, 'Oum el Bouaghi', '29', 56),
(875, 'Naama', '49', 56),
(876, 'Sidi Bel Abbes', '30', 56),
(877, 'Mila', '48', 56),
(878, 'Ouargla', '50', 56),
(879, 'Djelfa', '22', 56),
(880, 'El Bayadh', '42', 56),
(881, 'Souk Ahras', '52', 56),
(882, 'El Oued', '43', 56),
(883, 'Blida', '20', 56),
(884, 'Biskra', '19', 56),
(885, 'Tebessa', '33', 56),
(886, 'Guelma', '23', 56),
(887, 'Tindouf', '54', 56),
(888, 'Ghardaia', '45', 56),
(889, 'Manabi', '14', 57),
(890, 'Zamora-Chinchipe', '20', 57),
(891, 'Morona-Santiago', '15', 57),
(892, 'El Oro', '08', 57),
(893, 'Azuay', '02', 57),
(894, 'Sucumbios', '22', 57),
(895, 'Guayas', '10', 57),
(896, 'Los Rios', '13', 57),
(897, 'Loja', '12', 57),
(898, 'Chimborazo', '06', 57),
(899, 'Tungurahua', '19', 57),
(900, 'Esmeraldas', '09', 57),
(901, 'Pichincha', '18', 57),
(902, 'Imbabura', '11', 57),
(903, 'Cotopaxi', '07', 57),
(904, 'Carchi', '05', 57),
(905, 'Napo', '23', 57),
(906, 'Canar', '04', 57),
(907, 'Pastaza', '17', 57),
(908, 'Orellana', '24', 57),
(909, 'Bolivar', '03', 57),
(910, 'Galapagos', '01', 57),
(911, 'Harjumaa', '01', 58),
(912, 'Tartumaa', '18', 58),
(913, 'Hiiumaa', '02', 58),
(914, 'Raplamaa', '13', 58),
(915, 'Valgamaa', '19', 58),
(916, 'Laanemaa', '07', 58),
(917, 'Polvamaa', '12', 58),
(918, 'Parnumaa', '11', 58),
(919, 'Laane-Virumaa', '08', 58),
(920, 'Jarvamaa', '04', 58),
(921, 'Viljandimaa', '20', 58),
(922, 'Saaremaa', '14', 58),
(923, 'Jogevamaa', '05', 58),
(924, 'Ida-Virumaa', '03', 58),
(925, 'Vorumaa', '21', 58),
(926, 'Ash Sharqiyah', '14', 59),
(927, 'Al Gharbiyah', '05', 59),
(928, 'Ad Daqahliyah', '01', 59),
(929, 'Al Jizah', '08', 59),
(930, 'Al Minya', '10', 59),
(931, 'Kafr ash Shaykh', '21', 59),
(932, 'Al Buhayrah', '03', 59),
(933, 'Qina', '23', 59),
(934, 'Al Qahirah', '11', 59),
(935, 'Al Iskandariyah', '06', 59),
(936, 'Al Fayyum', '04', 59),
(937, 'Asyut', '17', 59),
(938, 'Al Minufiyah', '09', 59),
(939, 'Bani Suwayf', '18', 59),
(940, 'Al Qalyubiyah', '12', 59),
(941, 'Aswan', '16', 59),
(942, 'Shamal Sina\'', '27', 59),
(943, 'Suhaj', '24', 59),
(944, 'Janub Sina\'', '26', 59),
(945, 'Al Bahr al Ahmar', '02', 59),
(946, 'Al Isma\'iliyah', '07', 59),
(947, 'Dumyat', '20', 59),
(948, 'Matruh', '22', 59),
(949, 'As Suways', '15', 59),
(950, 'Al Wadi al Jadid', '13', 59),
(951, 'Bur Sa\'id', '19', 59),
(952, '', '00', 60),
(953, '', '00', 61),
(954, 'Aragon', '52', 62),
(955, 'Galicia', '58', 62),
(956, 'Castilla y Leon', '55', 62),
(957, 'Extremadura', '57', 62),
(958, 'Pais Vasco', '59', 62),
(959, 'Cantabria', '39', 62),
(960, 'Navarra', '32', 62),
(961, 'Asturias', '34', 62),
(962, 'La Rioja', '27', 62),
(963, 'Castilla-La Mancha', '54', 62),
(964, 'Murcia', '31', 62),
(965, 'Andalucia', '51', 62),
(966, 'Comunidad Valenciana', '60', 62),
(967, 'Catalonia', '56', 62),
(968, 'Canarias', '53', 62),
(969, 'Madrid', '29', 62),
(970, 'Islas Baleares', '07', 62),
(971, '', '12', 63),
(972, '', '08', 63),
(973, '', '14', 63),
(974, '', '10', 63),
(975, '', '13', 63),
(976, '', '01', 63),
(977, '', '02', 63),
(978, '', '11', 63),
(979, '', '06', 63),
(980, '', '09', 63),
(981, '', '05', 63),
(982, '', '07', 63),
(983, '', '03', 63),
(984, 'Oulu', '08', 64),
(985, 'Western Finland', '15', 64),
(986, 'Lapland', '06', 64),
(987, 'Eastern Finland', '14', 64),
(988, 'Southern Finland', '13', 64),
(989, 'Aland', '01', 64),
(990, '', '02', 64),
(991, '', '00', 65),
(992, 'Northern', '03', 65),
(993, 'Western', '05', 65),
(994, 'Central', '01', 65),
(995, 'Eastern', '02', 65),
(996, '', '00', 66),
(997, 'Yap', '04', 67),
(998, 'Pohnpei', '02', 67),
(999, 'Chuuk', '03', 67),
(1000, 'Kosrae', '01', 67),
(1001, '', '00', 68),
(1002, 'Aquitaine', '97', 69),
(1003, 'Nord-Pas-de-Calais', 'B4', 69),
(1004, 'Lorraine', 'B2', 69),
(1005, 'Haute-Normandie', 'A7', 69),
(1006, 'Picardie', 'B6', 69),
(1007, 'Franche-Comte', 'A6', 69),
(1008, 'Pays de la Loire', 'B5', 69),
(1009, 'Champagne-Ardenne', 'A4', 69),
(1010, 'Centre', 'A3', 69),
(1011, 'Languedoc-Roussillon', 'A9', 69),
(1012, 'Poitou-Charentes', 'B7', 69),
(1013, 'Rhone-Alpes', 'B9', 69),
(1014, 'Basse-Normandie', '99', 69),
(1015, 'Ile-de-France', 'A8', 69),
(1016, 'Bourgogne', 'A1', 69),
(1017, 'Auvergne', '98', 69),
(1018, 'Provence-Alpes-Cote d\'Azur', 'B8', 69),
(1019, 'Corse', 'A5', 69),
(1020, 'Alsace', 'C1', 69),
(1021, 'Bretagne', 'A2', 69),
(1022, 'Midi-Pyrenees', 'B3', 69),
(1023, 'Limousin', 'B1', 69),
(1024, 'Estuaire', '01', 70),
(1025, 'Woleu-Ntem', '09', 70),
(1026, 'Moyen-Ogooue', '03', 70),
(1027, 'Ogooue-Maritime', '08', 70),
(1028, 'Ogooue-Lolo', '07', 70),
(1029, 'Ogooue-Ivindo', '06', 70),
(1030, 'Haut-Ogooue', '02', 70),
(1031, 'Ngounie', '04', 70),
(1032, 'Nyanga', '05', 70),
(1033, 'Worcestershire', 'Q4', 71),
(1034, 'Hampshire', 'F2', 71),
(1035, 'Herefordshire', 'F7', 71),
(1036, 'Essex', 'E4', 71),
(1037, 'Powys', 'Y8', 71),
(1038, 'Monmouthshire', 'Y4', 71),
(1039, 'Scottish Borders', 'T9', 71),
(1040, 'Cumbria', 'C9', 71),
(1041, 'Devon', 'D4', 71),
(1042, 'Staffordshire', 'M9', 71),
(1043, 'Dorset', 'D6', 71),
(1044, 'Hertford', 'F8', 71),
(1045, 'Cambridgeshire', 'C3', 71),
(1046, 'Lancashire', 'H2', 71),
(1047, 'Conwy', 'X8', 71),
(1048, 'Ceredigion', 'X6', 71),
(1049, 'Rhondda Cynon Taff', 'Y9', 71),
(1050, 'Highland', 'V3', 71),
(1051, 'Perth and Kinross', 'W1', 71),
(1052, 'Caerphilly', 'X4', 71),
(1053, 'Blaenau Gwent', 'X2', 71),
(1054, 'Merthyr Tydfil', 'Y3', 71),
(1055, 'Pembrokeshire', 'Y7', 71),
(1056, 'Aberdeenshire', 'T6', 71),
(1057, 'Gwynedd', 'Y2', 71),
(1058, 'Aberdeen City', 'T5', 71),
(1059, 'Fife', 'V1', 71),
(1060, 'Neath Port Talbot', 'Y5', 71),
(1061, 'Isle of Anglesey', 'X1', 71),
(1062, 'Wokingham', 'Q2', 71),
(1063, 'York', 'Q5', 71),
(1064, 'Stirling', 'W6', 71),
(1065, 'Carmarthenshire', 'X7', 71),
(1066, 'Bridgend', 'X3', 71),
(1067, 'East Lothian', 'U6', 71),
(1068, 'Angus', 'T7', 71),
(1069, 'Moray', 'V6', 71),
(1070, 'Torfaen', 'Z2', 71),
(1071, 'Swansea', 'Z1', 71),
(1072, 'Vale of Glamorgan', 'Z3', 71),
(1073, 'Oxfordshire', 'K2', 71),
(1074, 'Surrey', 'N7', 71),
(1075, 'South Lanarkshire', 'W5', 71),
(1076, 'Leicestershire', 'H5', 71),
(1077, 'Wigan', 'P7', 71),
(1078, 'Northamptonshire', 'J1', 71),
(1079, 'Lincolnshire', 'H7', 71),
(1080, 'Argyll and Bute', 'T8', 71),
(1081, 'Northumberland', 'J6', 71),
(1082, 'Norfolk', 'I9', 71),
(1083, 'Solihull', 'M2', 71),
(1084, 'Wrexham', 'Z4', 71),
(1085, 'Cheshire', 'C5', 71),
(1086, 'Shropshire', 'L6', 71),
(1087, 'Banbridge', 'R2', 71),
(1088, 'South Gloucestershire', 'M6', 71),
(1089, 'West Lothian', 'W9', 71),
(1090, '', '17', 71),
(1091, 'Kent', 'G5', 71),
(1092, 'Leeds', 'H3', 71),
(1093, 'Somerset', 'M3', 71),
(1094, 'Gloucestershire', 'E6', 71),
(1095, 'Buckinghamshire', 'B9', 71),
(1096, 'Coleraine', 'R6', 71),
(1097, 'Craigavon', 'R8', 71),
(1098, 'Antrim', 'Q6', 71),
(1099, 'Limavady', 'S4', 71),
(1100, 'Armagh', 'Q8', 71),
(1101, 'Ballymena', 'Q9', 71),
(1102, 'North Yorkshire', 'J7', 71),
(1103, 'Sefton', 'L8', 71),
(1104, 'Warwickshire', 'P3', 71),
(1105, 'Derry', 'S6', 71),
(1106, 'Eilean Siar', 'W8', 71),
(1107, 'North Lanarkshire', 'V8', 71),
(1108, 'Falkirk', 'U9', 71),
(1109, 'Shetland Islands', 'W3', 71),
(1110, 'Wiltshire', 'P8', 71),
(1111, 'Durham', 'D8', 71),
(1112, 'Darlington', 'D1', 71),
(1113, 'Suffolk', 'N5', 71),
(1114, 'Derbyshire', 'D3', 71),
(1115, 'Walsall', 'O8', 71),
(1116, 'Rotherham', 'L3', 71),
(1117, 'West Dunbartonshire', 'W7', 71),
(1118, 'East Sussex', 'E2', 71),
(1119, 'Coventry', 'C7', 71),
(1120, 'Derby', 'D2', 71),
(1121, 'Southend-on-Sea', 'M5', 71),
(1122, 'Clackmannanshire', 'U1', 71),
(1123, 'Kirklees', 'G8', 71),
(1124, 'St. Helens', 'N1', 71),
(1125, 'Omagh', 'T3', 71),
(1126, 'Cornwall', 'C6', 71),
(1127, 'North Lincolnshire', 'J3', 71),
(1128, 'Newry and Mourne', 'S9', 71),
(1129, 'South Ayrshire', 'W4', 71),
(1130, 'Isle of Wight', 'G2', 71),
(1131, '', '43', 71),
(1132, 'Dumfries and Galloway', 'U2', 71),
(1133, 'Bedfordshire', 'A5', 71),
(1134, 'Down', 'R9', 71),
(1135, 'Dungannon', 'S1', 71),
(1136, 'Renfrewshire', 'W2', 71),
(1137, 'Leicester', 'H4', 71),
(1138, 'Glasgow City', 'V2', 71),
(1139, 'West Sussex', 'P6', 71),
(1140, 'Warrington', 'P2', 71),
(1141, 'Cookstown', 'R7', 71),
(1142, 'North Ayrshire', 'V7', 71),
(1143, 'Barnsley', 'A3', 71),
(1144, 'Strabane', 'T4', 71),
(1145, 'Doncaster', 'D5', 71),
(1146, 'Ballymoney', 'R1', 71),
(1147, 'Fermanagh', 'S2', 71),
(1148, '', '87', 71),
(1149, 'Nottingham', 'J8', 71),
(1150, '', '03', 71),
(1151, 'Tameside', 'O1', 71),
(1152, 'Rutland', 'L4', 71),
(1153, 'Nottinghamshire', 'J9', 71),
(1154, 'Midlothian', 'V5', 71),
(1155, 'East Ayrshire', 'U4', 71),
(1156, 'Stoke-on-Trent', 'N4', 71),
(1157, 'Bristol', 'B7', 71),
(1158, 'Flintshire', 'Y1', 71),
(1159, 'Blackburn with Darwen', 'A8', 71),
(1160, 'Moyle', 'S8', 71),
(1161, 'Carrickfergus', 'R4', 71),
(1162, 'Castlereagh', 'R5', 71),
(1163, 'Larne', 'S3', 71),
(1164, 'Belfast', 'R3', 71),
(1165, 'Magherafelt', 'S7', 71),
(1166, 'North Down', 'T2', 71),
(1167, 'North Somerset', 'J4', 71),
(1168, 'East Renfrewshire', 'U7', 71),
(1169, 'Newport', 'Y6', 71),
(1170, 'Bath and North East Somerset', 'A4', 71),
(1171, '', '45', 71),
(1172, '', '37', 71),
(1173, 'Newham', 'I8', 71),
(1174, '', '90', 71),
(1175, 'Denbighshire', 'X9', 71),
(1176, 'East Riding of Yorkshire', 'E1', 71),
(1177, 'Bexley', 'A6', 71),
(1178, 'Bromley', 'B8', 71),
(1179, 'Bradford', 'B4', 71),
(1180, 'Bracknell Forest', 'B3', 71),
(1181, 'Cardiff', 'X5', 71),
(1182, 'Birmingham', 'A7', 71),
(1183, 'Orkney', 'V9', 71),
(1184, 'East Dunbartonshire', 'U5', 71),
(1185, 'Blackpool', 'A9', 71),
(1186, 'Southampton', 'M4', 71),
(1187, 'Newcastle upon Tyne', 'I7', 71),
(1188, 'Bolton', 'B1', 71),
(1189, 'Redcar and Cleveland', 'K9', 71),
(1190, 'Bournemouth', 'B2', 71),
(1191, 'Swindon', 'N9', 71),
(1192, 'Stockport', 'N2', 71),
(1193, 'Windsor and Maidenhead', 'P9', 71),
(1194, 'Inverclyde', 'V4', 71),
(1195, 'Medway', 'I3', 71),
(1196, 'Milton Keynes', 'I6', 71),
(1197, 'Dundee City', 'U3', 71),
(1198, 'Telford and Wrekin', 'O2', 71),
(1199, 'Reading', 'K7', 71),
(1200, 'Bury', 'C1', 71),
(1201, 'Wolverhampton', 'Q3', 71),
(1202, 'Southwark', 'M8', 71),
(1203, 'Camden', 'C4', 71),
(1204, 'Slough', 'M1', 71),
(1205, 'Middlesbrough', 'I5', 71),
(1206, 'Stockton-on-Tees', 'N3', 71),
(1207, 'Newtownabbey', 'T1', 71),
(1208, 'Lisburn', 'S5', 71),
(1209, '', '28', 71),
(1210, 'Lewisham', 'H6', 71),
(1211, 'West Berkshire', 'P4', 71),
(1212, 'Manchester', 'I2', 71),
(1213, 'Westminster', 'P5', 71),
(1214, 'Ards', 'Q7', 71),
(1215, 'Plymouth', 'K4', 71),
(1216, 'Croydon', 'C8', 71),
(1217, 'Barking and Dagenham', 'A1', 71),
(1218, 'Hartlepool', 'F5', 71),
(1219, 'Sheffield', 'L9', 71),
(1220, 'Oldham', 'K1', 71),
(1221, 'Knowsley', 'G9', 71),
(1222, 'Liverpool', 'H8', 71),
(1223, 'Dudley', 'D7', 71),
(1224, 'Gateshead', 'E5', 71),
(1225, 'Ealing', 'D9', 71),
(1226, 'Edinburgh', 'U8', 71),
(1227, 'Enfield', 'E3', 71),
(1228, 'Calderdale', 'C2', 71),
(1229, 'Halton', 'E9', 71),
(1230, 'North Tyneside', 'J5', 71),
(1231, 'Thurrock', 'O3', 71),
(1232, 'North East Lincolnshire', 'J2', 71),
(1233, 'Wirral', 'Q1', 71),
(1234, 'Hackney', 'E8', 71),
(1235, 'Hammersmith and Fulham', 'F1', 71),
(1236, 'Havering', 'F6', 71),
(1237, 'Harrow', 'F4', 71),
(1238, 'Barnet', 'A2', 71),
(1239, 'Hounslow', 'G1', 71),
(1240, 'Brighton and Hove', 'B6', 71),
(1241, 'Kingston upon Hull', 'G6', 71),
(1242, 'Redbridge', 'K8', 71),
(1243, 'Islington', 'G3', 71),
(1244, 'Kensington and Chelsea', 'G4', 71),
(1245, 'Kingston upon Thames', 'G7', 71),
(1246, 'Lambeth', 'H1', 71),
(1247, 'London', 'H9', 71),
(1248, 'Luton', 'I1', 71),
(1249, 'Sunderland', 'N6', 71),
(1250, 'Merton', 'I4', 71),
(1251, 'Sandwell', 'L7', 71),
(1252, 'Salford', 'L5', 71),
(1253, 'Peterborough', 'K3', 71),
(1254, 'Poole', 'K5', 71),
(1255, 'Tower Hamlets', 'O5', 71),
(1256, 'Portsmouth', 'K6', 71),
(1257, 'Rochdale', 'L2', 71),
(1258, 'Greenwich', 'E7', 71),
(1259, 'South Tyneside', 'M7', 71),
(1260, 'Trafford', 'O6', 71),
(1261, 'Sutton', 'N8', 71),
(1262, 'Torbay', 'O4', 71),
(1263, 'Richmond upon Thames', 'L1', 71),
(1264, 'Hillingdon', 'F9', 71),
(1265, 'Wakefield', 'O7', 71),
(1266, 'Waltham Forest', 'O9', 71),
(1267, 'Wandsworth', 'P1', 71),
(1268, 'Brent', 'B5', 71),
(1269, 'Haringey', 'F3', 71),
(1270, 'Saint Andrew', '01', 72),
(1271, 'Saint George', '03', 72),
(1272, 'Saint David', '02', 72),
(1273, 'Saint Patrick', '06', 72),
(1274, 'Saint Mark', '05', 72),
(1275, 'Saint John', '04', 72),
(1276, 'Abkhazia', '02', 73),
(1277, 'Ninotsmindis Raioni', '39', 73),
(1278, 'P\'ot\'i', '42', 73),
(1279, 'Ambrolauris Raioni', '09', 73),
(1280, 'Abashis Raioni', '01', 73),
(1281, 'Akhalts\'ikhis Raioni', '07', 73),
(1282, 'Zestap\'onis Raioni', '62', 73),
(1283, 'Tsalenjikhis Raioni', '58', 73),
(1284, 'Marneulis Raioni', '35', 73),
(1285, 'Goris Raioni', '22', 73),
(1286, 'K\'arelis Raioni', '25', 73),
(1287, 'Khashuris Raioni', '28', 73),
(1288, 'Kaspis Raioni', '26', 73),
(1289, 'Ajaria', '04', 73),
(1290, 'Mts\'khet\'is Raioni', '38', 73),
(1291, 'Ch\'okhatauris Raioni', '16', 73),
(1292, 'Akhalk\'alak\'is Raioni', '06', 73),
(1293, 'Samtrediis Raioni', '48', 73),
(1294, 'Tqibuli', '56', 73),
(1295, 'Dushet\'is Raioni', '19', 73),
(1296, 'Onis Raioni', '40', 73),
(1297, 'Lentekhis Raioni', '34', 73),
(1298, 'Martvilis Raioni', '36', 73),
(1299, 'K\'ut\'aisi', '31', 73),
(1300, 'Akhalgoris Raioni', '05', 73),
(1301, 'Aspindzis Raioni', '10', 73),
(1302, 'Akhmetis Raioni', '08', 73),
(1303, 'Lagodekhis Raioni', '32', 73),
(1304, 'Zugdidis Raioni', '64', 73),
(1305, 'Borjomis Raioni', '13', 73),
(1306, 'T\'ianet\'is Raioni', '55', 73),
(1307, 'Khobis Raioni', '29', 73),
(1308, 'Kharagaulis Raioni', '27', 73),
(1309, 'Vanis Raioni', '61', 73),
(1310, 'T\'elavis Raioni', '52', 73),
(1311, 'Tsalkis Raioni', '59', 73),
(1312, 'Qazbegis Raioni', '43', 73),
(1313, 'Sagarejos Raioni', '47', 73),
(1314, 'T\'et\'ritsqaros Raioni', '54', 73),
(1315, 'Dedop\'listsqaros Raioni', '17', 73),
(1316, 'Javis Raioni', '24', 73),
(1317, 'Ch\'khorotsqus Raioni', '15', 73),
(1318, 'Tsqaltubo', '60', 73),
(1319, 'Rust\'avi', '45', 73),
(1320, 'T\'bilisi', '51', 73),
(1321, 'Baghdat\'is Raioni', '11', 73),
(1322, 'Lanch\'khut\'is Raioni', '33', 73),
(1323, 'Chiat\'ura', '14', 73),
(1324, 'Ts\'ageris Raioni', '57', 73),
(1325, '', '00', 74),
(1326, '', '00', 75),
(1327, 'Central', '04', 76),
(1328, 'Western', '09', 76),
(1329, 'Ashanti', '02', 76),
(1330, 'Upper East', '10', 76),
(1331, 'Volta', '08', 76),
(1332, 'Brong-Ahafo', '03', 76),
(1333, 'Northern', '06', 76),
(1334, 'Greater Accra', '01', 76),
(1335, 'Upper West', '11', 76),
(1336, 'Eastern', '05', 76),
(1337, '', '00', 77),
(1338, 'Vestgronland', '03', 78),
(1339, 'Nordgronland', '01', 78),
(1340, 'Ostgronland', '02', 78),
(1341, 'Central River', '03', 79),
(1342, 'Western', '05', 79),
(1343, 'North Bank', '07', 79),
(1344, 'Upper River', '04', 79),
(1345, 'Lower River', '02', 79),
(1346, 'Banjul', '01', 79),
(1347, 'Kouroussa', '19', 80),
(1348, 'Beyla', '01', 80),
(1349, 'Koundara', '18', 80),
(1350, 'Dinguiraye', '07', 80),
(1351, 'Mali', '22', 80),
(1352, 'Macenta', '21', 80),
(1353, '', '26', 80),
(1354, '', '24', 80),
(1355, 'Kissidougou', '17', 80),
(1356, 'Forecariah', '10', 80),
(1357, 'Pita', '25', 80),
(1358, '', '14', 80),
(1359, '', '20', 80),
(1360, '', '08', 80),
(1361, 'Dabola', '05', 80),
(1362, 'Boke', '03', 80),
(1363, 'Mamou', '23', 80),
(1364, 'Faranah', '09', 80),
(1365, 'Telimele', '27', 80),
(1366, 'Boffa', '02', 80),
(1367, 'Gueckedou', '13', 80),
(1368, 'Kindia', '16', 80),
(1369, 'Fria', '11', 80),
(1370, 'Tougue', '28', 80),
(1371, 'Yomou', '29', 80),
(1372, 'Gaoual', '12', 80),
(1373, 'Kerouane', '15', 80),
(1374, 'Dalaba', '06', 80),
(1375, 'Conakry', '04', 80),
(1376, 'Coyah', '30', 80),
(1377, 'Dubreka', '31', 80),
(1378, 'Kankan', '32', 80),
(1379, 'Koubia', '33', 80),
(1380, 'Labe', '34', 80),
(1381, 'Lelouma', '35', 80),
(1382, 'Lola', '36', 80),
(1383, 'Mandiana', '37', 80),
(1384, 'Nzerekore', '38', 80),
(1385, 'Siguiri', '39', 80),
(1386, '', '00', 81),
(1387, 'Centro Sur', '06', 82),
(1388, 'Wele-Nzas', '09', 82),
(1389, 'Kie-Ntem', '07', 82),
(1390, 'Litoral', '08', 82),
(1391, 'Annobon', '03', 82),
(1392, 'Bioko Norte', '04', 82),
(1393, 'Bioko Sur', '05', 82),
(1394, '', '00', 82),
(1395, 'Kilkis', '06', 83),
(1396, 'Larisa', '21', 83),
(1397, 'Attiki', '35', 83),
(1398, 'Trikala', '22', 83),
(1399, 'Preveza', '19', 83),
(1400, 'Kerkira', '25', 83),
(1401, 'Ioannina', '17', 83),
(1402, 'Pella', '07', 83),
(1403, 'Thessaloniki', '13', 83),
(1404, 'Voiotia', '33', 83),
(1405, 'Kikladhes', '49', 83),
(1406, 'Kavala', '14', 83),
(1407, 'Argolis', '36', 83),
(1408, 'Rethimni', '44', 83),
(1409, 'Serrai', '05', 83),
(1410, 'Lakonia', '42', 83),
(1411, 'Iraklion', '45', 83),
(1412, 'Lasithi', '46', 83),
(1413, 'Rodhopi', '02', 83),
(1414, 'Drama', '04', 83),
(1415, 'Messinia', '40', 83),
(1416, 'Evvoia', '34', 83),
(1417, 'Akhaia', '38', 83),
(1418, 'Magnisia', '24', 83),
(1419, 'Khania', '43', 83),
(1420, 'Kardhitsa', '23', 83),
(1421, 'Evros', '01', 83),
(1422, 'Arkadhia', '41', 83),
(1423, 'Aitolia kai Akarnania', '31', 83),
(1424, 'Kozani', '11', 83),
(1425, 'Thesprotia', '18', 83),
(1426, 'Lesvos', '51', 83),
(1427, 'Dhodhekanisos', '47', 83),
(1428, 'Kefallinia', '27', 83),
(1429, 'Khios', '50', 83),
(1430, 'Arta', '20', 83),
(1431, 'Grevena', '10', 83),
(1432, 'Zakinthos', '28', 83),
(1433, 'Evritania', '30', 83),
(1434, 'Fthiotis', '29', 83),
(1435, 'Kastoria', '09', 83),
(1436, 'Samos', '48', 83),
(1437, 'Imathia', '12', 83),
(1438, 'Florina', '08', 83),
(1439, 'Pieria', '16', 83),
(1440, 'Levkas', '26', 83),
(1441, 'Fokis', '32', 83),
(1442, 'Ilia', '39', 83),
(1443, 'Korinthia', '37', 83),
(1444, 'Xanthi', '03', 83),
(1445, 'Khalkidhiki', '15', 83),
(1446, '', '00', 83),
(1447, '', '00', 84),
(1448, 'Izabal', '09', 85),
(1449, 'Alta Verapaz', '01', 85),
(1450, 'Retalhuleu', '15', 85),
(1451, 'El Progreso', '05', 85),
(1452, 'Guatemala', '07', 85),
(1453, 'Jutiapa', '11', 85),
(1454, 'Chimaltenango', '03', 85),
(1455, 'Chiquimula', '04', 85),
(1456, 'Zacapa', '22', 85),
(1457, 'Jalapa', '10', 85),
(1458, 'San Marcos', '17', 85),
(1459, 'Quiche', '14', 85),
(1460, 'Huehuetenango', '08', 85),
(1461, 'Quetzaltenango', '13', 85),
(1462, 'Baja Verapaz', '02', 85),
(1463, 'Santa Rosa', '18', 85),
(1464, 'Solola', '19', 85),
(1465, 'Peten', '12', 85),
(1466, 'Escuintla', '06', 85),
(1467, 'Sacatepequez', '16', 85),
(1468, 'Totonicapan', '21', 85),
(1469, 'Suchitepequez', '20', 85),
(1470, 'Cacheu', '06', 86),
(1471, 'Biombo', '12', 86),
(1472, 'Oio', '04', 86),
(1473, 'Bissau', '11', 86),
(1474, 'Bafata', '01', 86),
(1475, 'Tombali', '07', 86),
(1476, 'Gabu', '10', 86),
(1477, 'Bolama', '05', 86),
(1478, 'Quinara', '02', 86),
(1479, 'Mahaica-Berbice', '15', 87),
(1480, 'Upper Takutu-Upper Essequibo', '19', 87),
(1481, 'Barima-Waini', '10', 87),
(1482, 'Pomeroon-Supenaam', '16', 87),
(1483, 'Demerara-Mahaica', '12', 87),
(1484, 'Cuyuni-Mazaruni', '11', 87),
(1485, 'East Berbice-Corentyne', '13', 87),
(1486, 'Essequibo Islands-West Demerara', '14', 87),
(1487, 'Potaro-Siparuni', '17', 87),
(1488, 'Upper Demerara-Berbice', '18', 87),
(1489, '', '00', 88),
(1490, 'Colon', '03', 89),
(1491, 'Choluteca', '02', 89),
(1492, 'Comayagua', '04', 89),
(1493, 'Valle', '17', 89),
(1494, 'Santa Barbara', '16', 89),
(1495, 'Francisco Morazan', '08', 89),
(1496, 'El Paraiso', '07', 89),
(1497, 'Lempira', '13', 89),
(1498, 'Copan', '05', 89),
(1499, 'Olancho', '15', 89),
(1500, 'Cortes', '06', 89),
(1501, 'Yoro', '18', 89),
(1502, 'Atlantida', '01', 89),
(1503, 'Intibuca', '10', 89),
(1504, 'La Paz', '12', 89),
(1505, 'Ocotepeque', '14', 89),
(1506, 'Gracias a Dios', '09', 89),
(1507, 'Islas de la Bahia', '11', 89),
(1508, 'Primorsko-Goranska', '12', 90),
(1509, 'Splitsko-Dalmatinska', '15', 90),
(1510, 'Istarska', '04', 90),
(1511, 'Osjecko-Baranjska', '10', 90),
(1512, 'Viroviticko-Podravska', '17', 90),
(1513, 'Grad Zagreb', '21', 90),
(1514, 'Sisacko-Moslavacka', '14', 90),
(1515, 'Licko-Senjska', '08', 90),
(1516, 'Brodsko-Posavska', '02', 90),
(1517, 'Dubrovacko-Neretvanska', '03', 90),
(1518, 'Pozesko-Slavonska', '11', 90),
(1519, 'Zagrebacka', '20', 90),
(1520, 'Bjelovarsko-Bilogorska', '01', 90),
(1521, 'Varazdinska', '16', 90),
(1522, 'Vukovarsko-Srijemska', '18', 90),
(1523, 'Krapinsko-Zagorska', '07', 90),
(1524, 'Koprivnicko-Krizevacka', '06', 90),
(1525, 'Karlovacka', '05', 90),
(1526, 'Sibensko-Kninska', '13', 90),
(1527, 'Medimurska', '09', 90),
(1528, '', '00', 90),
(1529, 'Sud', '12', 91),
(1530, 'Centre', '07', 91),
(1531, '', '08', 91),
(1532, 'Ouest', '11', 91),
(1533, 'Nord', '09', 91),
(1534, 'Nord-Ouest', '03', 91),
(1535, 'Nord-Est', '10', 91),
(1536, 'Sud-Est', '13', 91),
(1537, 'Artibonite', '06', 91),
(1538, 'Komarom-Esztergom', '12', 92),
(1539, 'Fejer', '08', 92),
(1540, 'Jasz-Nagykun-Szolnok', '20', 92),
(1541, 'Baranya', '02', 92),
(1542, 'Szabolcs-Szatmar-Bereg', '18', 92),
(1543, 'Heves', '11', 92),
(1544, 'Borsod-Abauj-Zemplen', '04', 92),
(1545, 'Gyor-Moson-Sopron', '09', 92),
(1546, 'Pest', '16', 92),
(1547, 'Veszprem', '23', 92),
(1548, 'Bacs-Kiskun', '01', 92),
(1549, 'Vas', '22', 92),
(1550, 'Hajdu-Bihar', '10', 92),
(1551, 'Zala', '24', 92),
(1552, 'Somogy', '17', 92),
(1553, 'Tolna', '21', 92),
(1554, 'Nograd', '14', 92),
(1555, 'Budapest', '05', 92),
(1556, 'Miskolc', '13', 92),
(1557, 'Csongrad', '06', 92),
(1558, 'Debrecen', '07', 92),
(1559, 'Bekes', '03', 92),
(1560, 'Szeged', '19', 92),
(1561, 'Pecs', '15', 92),
(1562, 'Gyor', '25', 92),
(1563, 'Jawa Timur', '08', 93),
(1564, '', '09', 93),
(1565, 'Sulawesi Tenggara', '22', 93),
(1566, '', '25', 93),
(1567, 'Nusa Tenggara Timur', '18', 93),
(1568, 'Sulawesi Utara', '31', 93),
(1569, 'Sumatera Barat', '24', 93),
(1570, 'Aceh', '01', 93),
(1571, 'Sulawesi Tengah', '21', 93),
(1572, '', '16', 93),
(1573, '', '20', 93),
(1574, '', '23', 93),
(1575, 'Jawa Tengah', '07', 93),
(1576, 'Jawa Barat', '30', 93),
(1577, 'Bali', '02', 93),
(1578, '', '00', 93),
(1579, 'Banten', '33', 93),
(1580, 'Sumatera Utara', '26', 93),
(1581, 'Kalimantan Timur', '14', 93),
(1582, 'Lampung', '15', 93),
(1583, 'Nusa Tenggara Barat', '17', 93),
(1584, 'Kalimantan Barat', '11', 93),
(1585, 'Kalimantan Tengah', '13', 93),
(1586, '', '19', 93),
(1587, 'Bengkulu', '03', 93),
(1588, 'Jambi', '05', 93),
(1589, 'Kalimantan Selatan', '12', 93),
(1590, 'Yogyakarta', '10', 93),
(1591, 'Jakarta Raya', '04', 93),
(1592, '', '06', 93),
(1593, 'Maluku', '28', 93),
(1594, 'Galway', '10', 94),
(1595, 'Cork', '04', 94),
(1596, 'Kerry', '11', 94),
(1597, 'Limerick', '16', 94),
(1598, 'Longford', '18', 94),
(1599, 'Laois', '15', 94),
(1600, 'Waterford', '27', 94),
(1601, 'Mayo', '20', 94),
(1602, 'Sligo', '25', 94),
(1603, 'Kildare', '12', 94),
(1604, 'Dublin', '07', 94),
(1605, 'Wicklow', '31', 94),
(1606, 'Cavan', '02', 94),
(1607, 'Kilkenny', '13', 94),
(1608, 'Wexford', '30', 94),
(1609, 'Carlow', '01', 94),
(1610, 'Offaly', '23', 94),
(1611, 'Monaghan', '22', 94),
(1612, 'Leitrim', '14', 94),
(1613, 'Clare', '03', 94),
(1614, 'Donegal', '06', 94),
(1615, 'Louth', '19', 94),
(1616, 'Roscommon', '24', 94),
(1617, 'Tipperary', '26', 94),
(1618, 'Westmeath', '29', 94),
(1619, 'Meath', '21', 94),
(1620, 'HaZafon', '03', 95),
(1621, 'HaDarom', '01', 95),
(1622, 'HaMerkaz', '02', 95),
(1623, 'Yerushalayim', '06', 95),
(1624, 'Tel Aviv', '05', 95),
(1625, 'Hefa', '04', 95),
(1626, '', '00', 0),
(1627, 'West Bengal', '28', 96),
(1628, 'Uttar Pradesh', '36', 96),
(1629, 'Punjab', '23', 96),
(1630, 'Madhya Pradesh', '35', 96),
(1631, 'Karnataka', '19', 96),
(1632, 'Maharashtra', '16', 96),
(1633, 'Haryana', '10', 96),
(1634, 'Uttarakhand', '39', 96),
(1635, 'Andhra Pradesh', '02', 96),
(1636, 'Tripura', '26', 96),
(1637, 'Tamil Nadu', '25', 96),
(1638, 'Jammu and Kashmir', '12', 96),
(1639, 'Andaman and Nicobar Islands', '01', 96),
(1640, 'Assam', '03', 96),
(1641, 'Chhattisgarh', '37', 96),
(1642, 'Rajasthan', '24', 96),
(1643, 'Goa', '33', 96),
(1644, 'Puducherry', '22', 96),
(1645, 'Gujarat', '09', 96),
(1646, 'Kerala', '13', 96),
(1647, 'Arunachal Pradesh', '30', 96),
(1648, 'Orissa', '21', 96),
(1649, 'Himachal Pradesh', '11', 96),
(1650, 'Bihar', '34', 96),
(1651, 'Meghalaya', '18', 96),
(1652, 'Nagaland', '20', 96),
(1653, 'Manipur', '17', 96),
(1654, 'Mizoram', '31', 96),
(1655, 'Jharkhand', '38', 96),
(1656, '', '27', 96),
(1657, 'Delhi', '07', 96),
(1658, 'Dadra and Nagar Haveli', '06', 96),
(1659, '', '15', 96),
(1660, 'Daman and Diu', '32', 96),
(1661, 'Sikkim', '29', 96),
(1662, 'Chandigarh', '05', 96),
(1663, 'Lakshadweep', '14', 96),
(1664, 'As Sulaymaniyah', '05', 97),
(1665, 'Dhi Qar', '09', 97),
(1666, 'Maysan', '14', 97),
(1667, 'Diyala', '10', 97),
(1668, 'Baghdad', '07', 97),
(1669, 'Wasit', '16', 97),
(1670, 'Salah ad Din', '18', 97),
(1671, 'Al Qadisiyah', '04', 97),
(1672, 'Babil', '06', 97),
(1673, 'Karbala\'', '12', 97),
(1674, 'An Najaf', '17', 97),
(1675, 'Al Muthanna', '03', 97),
(1676, 'Al Anbar', '01', 97),
(1677, 'Dahuk', '08', 97),
(1678, 'Ninawa', '15', 97),
(1679, 'Arbil', '11', 97),
(1680, 'Al Basrah', '02', 97),
(1681, 'At Ta\'mim', '13', 97),
(1682, 'Zanjan', '27', 98),
(1683, 'Azarbayjan-e Bakhtari', '01', 98),
(1684, 'Yazd', '31', 98),
(1685, 'Khuzestan', '15', 98),
(1686, 'Esfahan', '28', 98),
(1687, 'Ardabil', '32', 98),
(1688, 'Tehran', '26', 98),
(1689, 'East Azarbaijan', '33', 98),
(1690, 'Bushehr', '22', 98),
(1691, 'Hormozgan', '11', 98),
(1692, 'Mazandaran', '17', 98),
(1693, 'Kerman', '29', 98),
(1694, 'Fars', '07', 98),
(1695, 'Kohkiluyeh va Buyer Ahmadi', '05', 98),
(1696, 'Khorasan', '30', 98),
(1697, 'Sistan va Baluchestan', '04', 98),
(1698, 'Chahar Mahall va Bakhtiari', '03', 98),
(1699, 'Kerman', '12', 98),
(1700, 'Mazandaran', '35', 98),
(1701, 'Qazvin', '38', 98),
(1702, 'Zanjan', '36', 98),
(1703, 'Markazi', '24', 98),
(1704, 'Markazi', '19', 98),
(1705, 'Lorestan', '23', 98),
(1706, 'Markazi', '34', 98),
(1707, 'Khorasan-e Razavi', '42', 98),
(1708, 'Hamadan', '09', 98),
(1709, 'Semnan', '25', 98),
(1710, 'Gilan', '08', 98),
(1711, 'Kordestan', '16', 98),
(1712, 'Bakhtaran', '13', 98),
(1713, 'Ilam', '10', 98),
(1714, 'Semnan Province', '18', 98),
(1715, 'Golestan', '37', 98),
(1716, 'Qom', '39', 98),
(1717, '', '02', 98),
(1718, 'Zanjan', '21', 98),
(1719, '', '00', 98),
(1720, 'Skagafjardarsysla', '28', 99),
(1721, 'Borgarfjardarsysla', '07', 99),
(1722, 'Myrasysla', '17', 99),
(1723, 'Rangarvallasysla', '23', 99),
(1724, 'Eyjafjardarsysla', '09', 99),
(1725, 'Kjosarsysla', '15', 99),
(1726, 'Vestur-Isafjardarsysla', '36', 99),
(1727, '', '19', 99),
(1728, 'Strandasysla', '30', 99),
(1729, 'Gullbringusysla', '10', 99),
(1730, 'Austur-Hunavatnssysla', '05', 99),
(1731, 'Austur-Skaftafellssysla', '06', 99),
(1732, 'Nordur-Mulasysla', '20', 99),
(1733, 'Sudur-Mulasysla', '31', 99),
(1734, 'Vestur-Bardastrandarsysla', '34', 99),
(1735, 'Snafellsnes- og Hnappadalssysla', '29', 99),
(1736, 'Arnessysla', '03', 99),
(1737, 'Vestur-Hunavatnssysla', '35', 99),
(1738, 'Sudur-Tingeyjarsysla', '32', 99),
(1739, '', '08', 99),
(1740, 'Vestur-Skaftafellssysla', '37', 99),
(1741, '', '04', 99),
(1742, 'Nordur-Tingeyjarsysla', '21', 99),
(1743, 'Toscana', '16', 100),
(1744, 'Veneto', '20', 100),
(1745, 'Campania', '04', 100),
(1746, 'Marche', '10', 100),
(1747, 'Piemonte', '12', 100),
(1748, 'Lombardia', '09', 100),
(1749, 'Sardegna', '14', 100),
(1750, 'Abruzzi', '01', 100),
(1751, 'Emilia-Romagna', '05', 100),
(1752, 'Trentino-Alto Adige', '17', 100),
(1753, 'Umbria', '18', 100),
(1754, 'Basilicata', '02', 100),
(1755, 'Puglia', '13', 100),
(1756, 'Sicilia', '15', 100),
(1757, 'Lazio', '07', 100),
(1758, 'Liguria', '08', 100),
(1759, 'Calabria', '03', 100),
(1760, 'Molise', '11', 100),
(1761, 'Friuli-Venezia Giulia', '06', 100),
(1762, 'Valle d\'Aosta', '19', 100),
(1763, '', '00', 100),
(1764, 'Saint Ann', '09', 101),
(1765, 'Saint Elizabeth', '11', 101),
(1766, 'Hanover', '02', 101),
(1767, 'Westmoreland', '16', 101),
(1768, 'Trelawny', '15', 101),
(1769, 'Manchester', '04', 101),
(1770, 'Saint James', '12', 101),
(1771, 'Saint Andrew', '08', 101),
(1772, 'Saint Thomas', '14', 101),
(1773, 'Saint Mary', '13', 101),
(1774, 'Portland', '07', 101),
(1775, 'Clarendon', '01', 101),
(1776, 'Saint Catherine', '10', 101),
(1777, 'Kingston', '17', 101),
(1778, '', '11', 102),
(1779, 'At Tafilah', '12', 102),
(1780, '', '07', 102),
(1781, '', '14', 102),
(1782, 'Al Karak', '09', 102),
(1783, '', '13', 102),
(1784, 'Al Balqa\'', '02', 102);
INSERT INTO `regions` (`id`, `name`, `code`, `country_id`) VALUES
(1785, '', '10', 102),
(1786, 'Amman', '16', 102),
(1787, 'Al Aqabah', '21', 102),
(1788, 'Okinawa', '47', 103),
(1789, 'Nagasaki', '27', 103),
(1790, 'Hokkaido', '12', 103),
(1791, 'Tokushima', '39', 103),
(1792, 'Mie', '23', 103),
(1793, 'Kanagawa', '19', 103),
(1794, 'Chiba', '04', 103),
(1795, 'Hyogo', '13', 103),
(1796, 'Yamaguchi', '45', 103),
(1797, 'Aomori', '03', 103),
(1798, 'Miyazaki', '25', 103),
(1799, 'Shizuoka', '37', 103),
(1800, 'Shimane', '36', 103),
(1801, 'Fukushima', '08', 103),
(1802, 'Okayama', '31', 103),
(1803, 'Shiga', '35', 103),
(1804, 'Kagoshima', '18', 103),
(1805, 'Hiroshima', '11', 103),
(1806, 'Tottori', '41', 103),
(1807, 'Akita', '02', 103),
(1808, 'Nagano', '26', 103),
(1809, 'Fukui', '06', 103),
(1810, 'Saitama', '34', 103),
(1811, 'Wakayama', '43', 103),
(1812, 'Kochi', '20', 103),
(1813, 'Iwate', '16', 103),
(1814, 'Miyagi', '24', 103),
(1815, 'Niigata', '29', 103),
(1816, 'Gumma', '10', 103),
(1817, 'Aichi', '01', 103),
(1818, 'Toyama', '42', 103),
(1819, 'Kumamoto', '21', 103),
(1820, 'Kagawa', '17', 103),
(1821, 'Ehime', '05', 103),
(1822, 'Tokyo', '40', 103),
(1823, 'Fukuoka', '07', 103),
(1824, 'Tochigi', '38', 103),
(1825, 'Yamagata', '44', 103),
(1826, 'Saga', '33', 103),
(1827, 'Oita', '30', 103),
(1828, 'Gifu', '09', 103),
(1829, 'Ishikawa', '15', 103),
(1830, 'Nara', '28', 103),
(1831, 'Ibaraki', '14', 103),
(1832, 'Kyoto', '22', 103),
(1833, 'Yamanashi', '46', 103),
(1834, 'Osaka', '32', 103),
(1835, 'Coast', '02', 104),
(1836, 'Nyanza', '07', 104),
(1837, 'Rift Valley', '08', 104),
(1838, 'Western', '09', 104),
(1839, 'North-Eastern', '06', 104),
(1840, 'Eastern', '03', 104),
(1841, 'Nairobi Area', '05', 104),
(1842, 'Central', '01', 104),
(1843, 'Jalal-Abad', '03', 105),
(1844, 'Naryn', '04', 105),
(1845, 'Osh', '05', 105),
(1846, 'Chuy', '02', 105),
(1847, 'Ysyk-Kol', '07', 105),
(1848, 'Bishkek', '01', 105),
(1849, 'Talas', '06', 105),
(1850, 'Batken', '09', 105),
(1851, '', '00', 105),
(1852, 'Siem Reap', '16', 106),
(1853, 'Kracheh', '09', 106),
(1854, 'Kampong Thum', '05', 106),
(1855, 'Kampong Chhnang', '03', 106),
(1856, '', '20', 106),
(1857, 'Kampong Cham', '02', 106),
(1858, 'Kampong Speu', '04', 106),
(1859, 'Takeo', '19', 106),
(1860, 'Batdambang', '01', 106),
(1861, 'Prey Veng', '14', 106),
(1862, 'Ratanakiri Kiri', '15', 106),
(1863, 'Svay Rieng', '18', 106),
(1864, 'Koh Kong', '08', 106),
(1865, 'Pursat', '12', 106),
(1866, 'Phnum Penh', '11', 106),
(1867, 'Mondulkiri', '10', 106),
(1868, 'Stung Treng', '17', 106),
(1869, 'Kampot', '06', 106),
(1870, 'Banteay Meanchey', '25', 106),
(1871, 'Preah Vihear', '13', 106),
(1872, 'Kandal', '07', 106),
(1873, '', '00', 107),
(1874, 'Anjouan', '01', 108),
(1875, 'Moheli', '03', 108),
(1876, 'Grande Comore', '02', 108),
(1877, 'Saint George Gingerland', '04', 109),
(1878, 'Saint James Windward', '05', 109),
(1879, 'Saint Thomas Lowland', '12', 109),
(1880, 'Saint George Basseterre', '03', 109),
(1881, 'Saint John Figtree', '07', 109),
(1882, 'Saint Peter Basseterre', '11', 109),
(1883, 'Saint John Capisterre', '06', 109),
(1884, 'Christ Church Nichola Town', '01', 109),
(1885, 'Trinity Palmetto Point', '15', 109),
(1886, 'Saint Anne Sandy Point', '02', 109),
(1887, 'Saint Mary Cayon', '08', 109),
(1888, 'Saint Thomas Middle Island', '13', 109),
(1889, 'Saint Paul Capisterre', '09', 109),
(1890, 'P\'yongan-namdo', '15', 110),
(1891, 'P\'yongan-bukto', '11', 110),
(1892, 'P\'yongyang-si', '12', 110),
(1893, 'Kangwon-do', '09', 110),
(1894, 'Hwanghae-bukto', '07', 110),
(1895, 'Hamgyong-namdo', '03', 110),
(1896, 'Chagang-do', '01', 110),
(1897, 'Hamgyong-bukto', '17', 110),
(1898, 'Hwanghae-namdo', '06', 110),
(1899, 'Namp\'o-si', '14', 110),
(1900, 'Kaesong-si', '08', 110),
(1901, 'Yanggang-do', '13', 110),
(1902, 'Najin Sonbong-si', '18', 110),
(1903, 'Ch\'ungch\'ong-bukto', '05', 111),
(1904, 'Kangwon-do', '06', 111),
(1905, 'Ch\'ungch\'ong-namdo', '17', 111),
(1906, 'Kyongsang-bukto', '14', 111),
(1907, 'Cholla-namdo', '16', 111),
(1908, 'Kyonggi-do', '13', 111),
(1909, 'Cheju-do', '01', 111),
(1910, 'Cholla-bukto', '03', 111),
(1911, 'Seoul-t\'ukpyolsi', '11', 111),
(1912, 'Kyongsang-namdo', '20', 111),
(1913, 'Taegu-jikhalsi', '15', 111),
(1914, 'Pusan-jikhalsi', '10', 111),
(1915, 'Kwangju-jikhalsi', '18', 111),
(1916, 'Ulsan-gwangyoksi', '21', 111),
(1917, 'Inch\'on-jikhalsi', '12', 111),
(1918, 'Taejon-jikhalsi', '19', 111),
(1919, 'Al Kuwayt', '02', 112),
(1920, 'Al Jahra', '05', 112),
(1921, '', '04', 112),
(1922, '', '00', 113),
(1923, 'Almaty', '01', 114),
(1924, 'South Kazakhstan', '10', 114),
(1925, 'North Kazakhstan', '16', 114),
(1926, 'Pavlodar', '11', 114),
(1927, 'Qaraghandy', '12', 114),
(1928, 'Qyzylorda', '14', 114),
(1929, 'East Kazakhstan', '15', 114),
(1930, 'Aqmola', '03', 114),
(1931, 'Aqtobe', '04', 114),
(1932, 'Qostanay', '13', 114),
(1933, 'West Kazakhstan', '07', 114),
(1934, 'Atyrau', '06', 114),
(1935, 'Zhambyl', '17', 114),
(1936, 'Astana', '05', 114),
(1937, 'Mangghystau', '09', 114),
(1938, 'Almaty City', '02', 114),
(1939, 'Bayqonyr', '08', 114),
(1940, '', '00', 114),
(1941, 'Savannakhet', '10', 115),
(1942, 'Phongsali', '08', 115),
(1943, 'Saravan', '09', 115),
(1944, '', '18', 115),
(1945, '', '20', 115),
(1946, 'Houaphan', '03', 115),
(1947, 'Attapu', '01', 115),
(1948, '', '06', 115),
(1949, 'Champasak', '02', 115),
(1950, 'Louangphrabang', '17', 115),
(1951, 'Oudomxai', '07', 115),
(1952, '', '16', 115),
(1953, '', '15', 115),
(1954, '', '21', 115),
(1955, 'Xiangkhoang', '14', 115),
(1956, 'Vientiane', '11', 115),
(1957, '', '25', 115),
(1958, '', '22', 115),
(1959, '', '19', 115),
(1960, 'Xaignabouri', '13', 115),
(1961, 'Khammouan', '04', 115),
(1962, '', '26', 115),
(1963, '', '27', 115),
(1964, '', '23', 115),
(1965, '', '24', 115),
(1966, 'Liban-Nord', '03', 116),
(1967, 'Al Janub', '02', 116),
(1968, 'Beyrouth', '04', 116),
(1969, 'Mont-Liban', '05', 116),
(1970, 'Beqaa', '01', 116),
(1971, 'Liban-Sud', '06', 116),
(1972, 'Micoud', '08', 117),
(1973, 'Laborie', '07', 117),
(1974, 'Dennery', '05', 117),
(1975, 'Anse-la-Raye', '01', 117),
(1976, 'Vieux-Fort', '10', 117),
(1977, 'Castries', '03', 117),
(1978, 'Soufriere', '09', 117),
(1979, 'Gros-Islet', '06', 117),
(1980, 'Choiseul', '04', 117),
(1981, 'Dauphin', '02', 117),
(1982, 'Praslin', '11', 117),
(1983, 'Balzers', '01', 118),
(1984, 'Gamprin', '03', 118),
(1985, 'Planken', '05', 118),
(1986, 'Vaduz', '11', 118),
(1987, 'Eschen', '02', 118),
(1988, 'Triesenberg', '10', 118),
(1989, 'Schellenberg', '08', 118),
(1990, 'Mauren', '04', 118),
(1991, 'Ruggell', '06', 118),
(1992, 'Schaan', '07', 118),
(1993, 'Triesen', '09', 118),
(1994, 'North Western', '32', 119),
(1995, 'Southern', '34', 119),
(1996, 'Central', '29', 119),
(1997, 'Sabaragamuwa', '33', 119),
(1998, 'North Central', '30', 119),
(1999, '', '31', 119),
(2000, 'Western', '36', 119),
(2001, 'Uva', '35', 119),
(2002, 'Nimba', '09', 120),
(2003, 'Grand Bassa', '11', 120),
(2004, 'Lofa', '05', 120),
(2005, 'Bong', '01', 120),
(2006, '', '02', 120),
(2007, 'Montserrado', '14', 120),
(2008, '', '15', 120),
(2009, 'Margibi', '17', 120),
(2010, '', '08', 120),
(2011, 'Sino', '10', 120),
(2012, 'River Cess', '18', 120),
(2013, 'Grand Cape Mount', '12', 120),
(2014, '', '16', 120),
(2015, 'Maryland', '13', 120),
(2016, 'Grand Cape Mount', '04', 120),
(2017, 'Gbarpolu', '21', 120),
(2018, 'River Gee', '22', 120),
(2019, 'Grand Gedeh', '19', 120),
(2020, 'Lofa', '20', 120),
(2021, 'Maseru', '14', 121),
(2022, 'Quthing', '18', 121),
(2023, 'Mafeteng', '13', 121),
(2024, 'Berea', '10', 121),
(2025, 'Mohales Hoek', '15', 121),
(2026, 'Thaba-Tseka', '19', 121),
(2027, 'Butha-Buthe', '11', 121),
(2028, 'Leribe', '12', 121),
(2029, 'Qachas Nek', '17', 121),
(2030, 'Mokhotlong', '16', 121),
(2031, '', '03', 121),
(2032, 'Panevezio Apskritis', '60', 122),
(2033, 'Telsiu Apskritis', '63', 122),
(2034, 'Klaipedos Apskritis', '58', 122),
(2035, 'Vilniaus Apskritis', '65', 122),
(2036, 'Siauliu Apskritis', '61', 122),
(2037, 'Taurages Apskritis', '62', 122),
(2038, 'Marijampoles Apskritis', '59', 122),
(2039, '', '40', 122),
(2040, 'Utenos Apskritis', '64', 122),
(2041, 'Alytaus Apskritis', '56', 122),
(2042, 'Kauno Apskritis', '57', 122),
(2043, 'Luxembourg', '03', 123),
(2044, 'Grevenmacher', '02', 123),
(2045, 'Diekirch', '01', 123),
(2046, 'Madonas', '20', 124),
(2047, 'Kuldigas', '15', 124),
(2048, 'Daugavpils', '07', 124),
(2049, 'Tukuma', '29', 124),
(2050, 'Ventspils', '33', 124),
(2051, 'Dobeles', '08', 124),
(2052, 'Liepajas', '17', 124),
(2053, 'Balvu', '03', 124),
(2054, 'Saldus', '27', 124),
(2055, 'Bauskas', '04', 124),
(2056, 'Limbazu', '18', 124),
(2057, 'Ludzas', '19', 124),
(2058, 'Cesu', '05', 124),
(2059, 'Jekabpils', '10', 124),
(2060, 'Aluksnes', '02', 124),
(2061, 'Rezeknes', '24', 124),
(2062, 'Rigas', '26', 124),
(2063, 'Ogres', '21', 124),
(2064, 'Kraslavas', '14', 124),
(2065, 'Gulbenes', '09', 124),
(2066, 'Riga', '25', 124),
(2067, 'Preilu', '22', 124),
(2068, 'Aizkraukles', '01', 124),
(2069, 'Talsu', '28', 124),
(2070, 'Jelgavas', '12', 124),
(2071, 'Valkas', '30', 124),
(2072, 'Valmieras', '31', 124),
(2073, 'Liepaja', '16', 124),
(2074, 'Ventspils', '32', 124),
(2075, 'Daugavpils', '06', 124),
(2076, 'Rezekne', '23', 124),
(2077, 'Yafran', '62', 125),
(2078, 'Tarabulus', '61', 125),
(2079, 'An Nuqat al Khams', '51', 125),
(2080, 'Al Aziziyah', '03', 125),
(2081, 'Az Zawiyah', '53', 125),
(2082, 'Misratah', '58', 125),
(2083, 'Gharyan', '57', 125),
(2084, 'Tubruq', '42', 125),
(2085, 'Tarhunah', '41', 125),
(2086, '', '09', 125),
(2087, 'Ash Shati\'', '13', 125),
(2088, 'Ajdabiya', '47', 125),
(2089, 'Murzuq', '30', 125),
(2090, 'Al Jabal al Akhdar', '49', 125),
(2091, '', '36', 125),
(2092, '', '43', 125),
(2093, 'Ghadamis', '56', 125),
(2094, '', '11', 125),
(2095, '', '02', 125),
(2096, 'Awbari', '52', 125),
(2097, 'Al Khums', '50', 125),
(2098, '', '06', 125),
(2099, 'Al Kufrah', '08', 125),
(2100, '', '04', 125),
(2101, '', '24', 125),
(2102, 'Al Fatih', '48', 125),
(2103, 'Banghazi', '54', 125),
(2104, 'Zlitan', '45', 125),
(2105, 'Al Jufrah', '05', 125),
(2106, '', '18', 125),
(2107, '', '31', 125),
(2108, 'Sawfajjin', '59', 125),
(2109, '', '25', 125),
(2110, 'Darnah', '55', 125),
(2111, 'Sabha', '34', 125),
(2112, '', '29', 125),
(2113, '', '23', 125),
(2114, '', '19', 125),
(2115, '', '27', 125),
(2116, 'Surt', '60', 125),
(2117, '', '10', 125),
(2118, '', '32', 125),
(2119, '', '33', 125),
(2120, '', '26', 125),
(2121, '', '35', 125),
(2122, '', '08', 126),
(2123, '', '02', 126),
(2124, '', '22', 126),
(2125, '', '40', 126),
(2126, '', '19', 126),
(2127, '', '32', 126),
(2128, '', '41', 126),
(2129, '', '21', 126),
(2130, '', '38', 126),
(2131, '', '17', 126),
(2132, '', '39', 126),
(2133, '', '30', 126),
(2134, '', '27', 126),
(2135, '', '10', 126),
(2136, '', '03', 126),
(2137, '', '15', 126),
(2138, '', '25', 126),
(2139, '', '01', 126),
(2140, '', '36', 126),
(2141, '', '33', 126),
(2142, '', '37', 126),
(2143, '', '12', 126),
(2144, '', '11', 126),
(2145, '', '09', 126),
(2146, '', '06', 126),
(2147, '', '24', 126),
(2148, '', '18', 126),
(2149, '', '07', 126),
(2150, '', '29', 126),
(2151, '', '05', 126),
(2152, '', '13', 126),
(2153, '', '14', 126),
(2154, '', '42', 126),
(2155, '', '20', 126),
(2156, '', '23', 126),
(2157, '', '04', 126),
(2158, '', '26', 126),
(2159, '', '16', 126),
(2160, '', '34', 126),
(2161, '', '43', 126),
(2162, '', '35', 126),
(2163, '', '00', 127),
(2164, '', '52', 128),
(2165, '', '47', 128),
(2166, 'Gagauzia', '51', 128),
(2167, '', '55', 128),
(2168, '', '49', 128),
(2169, '', '56', 128),
(2170, '', '46', 128),
(2171, '', '48', 128),
(2172, '', '54', 128),
(2173, '', '50', 128),
(2174, '', '53', 128),
(2175, 'Antananarivo', '05', 129),
(2176, 'Mahajanga', '03', 129),
(2177, 'Toliara', '06', 129),
(2178, 'Fianarantsoa', '02', 129),
(2179, 'Antsiranana', '01', 129),
(2180, 'Toamasina', '04', 129),
(2181, '', '00', 130),
(2182, 'Petrovec', '79', 131),
(2183, 'Bogovinje', '10', 131),
(2184, 'Lozovo', '60', 131),
(2185, 'Rostusa', '88', 131),
(2186, 'Staro Nagoricane', '97', 131),
(2187, 'Gevgelija', '33', 131),
(2188, 'Srbinovo', '94', 131),
(2189, 'Orasac', '75', 131),
(2190, 'Valandovo', 'A8', 131),
(2191, 'Ilinden', '36', 131),
(2192, 'Ohrid', '74', 131),
(2193, 'Sveti Nikole', 'A4', 131),
(2194, 'Lipkovo', '59', 131),
(2195, 'Zitose', 'C4', 131),
(2196, 'Studenicani', 'A2', 131),
(2197, 'Krivogastani', '53', 131),
(2198, 'Radovis', '84', 131),
(2199, 'Dobrusevo', '26', 131),
(2200, 'Rankovce', '85', 131),
(2201, 'Topolcani', 'A7', 131),
(2202, 'Kriva Palanka', '52', 131),
(2203, 'Zajas', 'C1', 131),
(2204, 'Vitoliste', 'B5', 131),
(2205, 'Debar', '21', 131),
(2206, 'Bosilovo', '11', 131),
(2207, 'Dzepciste', '31', 131),
(2208, 'Vasilevo', 'A9', 131),
(2209, 'Star Dojran', '96', 131),
(2210, 'Saraj', '90', 131),
(2211, 'Aracinovo', '01', 131),
(2212, 'Oslomej', '77', 131),
(2213, 'Miravci', '66', 131),
(2214, 'Belcista', '03', 131),
(2215, 'Karbinci', '40', 131),
(2216, 'Krusevo', '54', 131),
(2217, 'Kondovo', '48', 131),
(2218, 'Resen', '86', 131),
(2219, 'Lukovo', '61', 131),
(2220, 'Vranestica', 'B6', 131),
(2221, 'Negotino-Polosko', '70', 131),
(2222, 'Stip', '98', 131),
(2223, 'Sopotnica', '93', 131),
(2224, 'Orizari', '76', 131),
(2225, 'Veles', 'B1', 131),
(2226, 'Bac', '02', 131),
(2227, 'Zelenikovo', 'C2', 131),
(2228, 'Novo Selo', '72', 131),
(2229, 'Strumica', 'A1', 131),
(2230, 'Mavrovi Anovi', '64', 131),
(2231, 'Novaci', '71', 131),
(2232, 'Gostivar', '34', 131),
(2233, 'Cucer-Sandevo', '20', 131),
(2234, 'Demir Kapija', '25', 131),
(2235, 'Oblesevo', '73', 131),
(2236, 'Caska', '15', 131),
(2237, 'Murtino', '68', 131),
(2238, 'Demir Hisar', '24', 131),
(2239, 'Probistip', '83', 131),
(2240, 'Makedonski Brod', '63', 131),
(2241, 'Karpos', '41', 131),
(2242, 'Bistrica', '05', 131),
(2243, 'Sopiste', '92', 131),
(2244, 'Kumanovo', '57', 131),
(2245, 'Kavadarci', '42', 131),
(2246, 'Prilep', '82', 131),
(2247, 'Kocani', '46', 131),
(2248, 'Samokov', '89', 131),
(2249, 'Klecevce', '45', 131),
(2250, 'Dolneni', '28', 131),
(2251, 'Dolna Banjica', '27', 131),
(2252, 'Vratnica', 'B8', 131),
(2253, 'Mogila', '67', 131),
(2254, 'Berovo', '04', 131),
(2255, 'Brvenica', '12', 131),
(2256, 'Makedonska Kamenica', '62', 131),
(2257, 'Sipkovica', '91', 131),
(2258, 'Delogozdi', '23', 131),
(2259, 'Delcevo', '22', 131),
(2260, 'Vinica', 'B4', 131),
(2261, 'Bogomila', '09', 131),
(2262, 'Bitola', '06', 131),
(2263, 'Blatec', '07', 131),
(2264, 'Cegrane', '16', 131),
(2265, 'Kratovo', '51', 131),
(2266, 'Bogdanci', '08', 131),
(2267, 'Konopiste', '49', 131),
(2268, 'Zelino', 'C3', 131),
(2269, 'Labunista', '58', 131),
(2270, 'Suto Orizari', 'A3', 131),
(2271, 'Tearce', 'A5', 131),
(2272, 'Vrutok', 'B9', 131),
(2273, 'Staravina', '95', 131),
(2274, 'Negotino', '69', 131),
(2275, 'Drugovo', '30', 131),
(2276, 'Zletovo', 'C5', 131),
(2277, 'Pehcevo', '78', 131),
(2278, 'Cesinovo', '19', 131),
(2279, 'Capari', '14', 131),
(2280, 'Kukurecani', '56', 131),
(2281, 'Vrapciste', 'B7', 131),
(2282, 'Rosoman', '87', 131),
(2283, 'Velesta', 'B2', 131),
(2284, 'Konce', '47', 131),
(2285, 'Gradsko', '35', 131),
(2286, 'Kosel', '50', 131),
(2287, 'Kisela Voda', '44', 131),
(2288, 'Jegunovce', '38', 131),
(2289, 'Plasnica', '80', 131),
(2290, 'Kamenjane', '39', 131),
(2291, 'Izvor', '37', 131),
(2292, 'Struga', '99', 131),
(2293, 'Podares', '81', 131),
(2294, 'Tetovo', 'A6', 131),
(2295, 'Meseista', '65', 131),
(2296, 'Vevcani', 'B3', 131),
(2297, 'Zrnovci', 'C6', 131),
(2298, 'Kicevo', '43', 131),
(2299, 'Kuklis', '55', 131),
(2300, 'Koulikoro', '07', 132),
(2301, 'Mopti', '04', 132),
(2302, 'Kayes', '03', 132),
(2303, '', '02', 132),
(2304, '', '00', 132),
(2305, 'Tombouctou', '08', 132),
(2306, 'Segou', '05', 132),
(2307, 'Sikasso', '06', 132),
(2308, 'Bamako', '01', 132),
(2309, 'Gao', '09', 132),
(2310, 'Kidal', '10', 132),
(2311, 'Pegu', '09', 133),
(2312, 'Mon State', '13', 133),
(2313, 'Kachin State', '04', 133),
(2314, 'Rakhine State', '01', 133),
(2315, 'Yangon', '17', 133),
(2316, 'Irrawaddy', '03', 133),
(2317, 'Tenasserim', '12', 133),
(2318, 'Karan State', '05', 133),
(2319, 'Sagaing', '10', 133),
(2320, 'Magwe', '07', 133),
(2321, 'Chin State', '02', 133),
(2322, 'Shan State', '11', 133),
(2323, 'Mandalay', '08', 133),
(2324, '', '15', 133),
(2325, '', '16', 133),
(2326, 'Kayah State', '06', 133),
(2327, '', '22', 133),
(2328, 'Dornogovi', '07', 134),
(2329, 'Omnogovi', '14', 134),
(2330, 'Dundgovi', '08', 134),
(2331, 'Dzavhan', '09', 134),
(2332, 'Tov', '18', 134),
(2333, 'Suhbaatar', '17', 134),
(2334, 'Bulgan', '21', 134),
(2335, 'Arhangay', '01', 134),
(2336, 'Govisumber', '24', 134),
(2337, 'Hentiy', '11', 134),
(2338, 'Bayan-Olgiy', '03', 134),
(2339, 'Dornod', '06', 134),
(2340, 'Hovsgol', '13', 134),
(2341, 'Govi-Altay', '10', 134),
(2342, 'Hovd', '12', 134),
(2343, 'Selenge', '16', 134),
(2344, 'Bayanhongor', '02', 134),
(2345, 'Ulaanbaatar', '20', 134),
(2346, 'Ovorhangay', '15', 134),
(2347, 'Uvs', '19', 134),
(2348, 'Darhan-Uul', '23', 134),
(2349, 'Orhon', '25', 134),
(2350, 'Ilhas', '01', 135),
(2351, '', '18', 136),
(2352, '', '12', 136),
(2353, '', '15', 136),
(2354, '', '19', 136),
(2355, '', '16', 136),
(2356, '', '23', 136),
(2357, '', '14', 136),
(2358, '', '13', 136),
(2359, '', '17', 136),
(2360, '', '20', 136),
(2361, '', '00', 136),
(2362, '', '00', 137),
(2363, 'Brakna', '05', 138),
(2364, 'Hodh Ech Chargui', '01', 138),
(2365, 'Gorgol', '04', 138),
(2366, 'Assaba', '03', 138),
(2367, 'Guidimaka', '10', 138),
(2368, 'Adrar', '07', 138),
(2369, 'Hodh El Gharbi', '02', 138),
(2370, 'Tiris Zemmour', '11', 138),
(2371, 'Inchiri', '12', 138),
(2372, 'Trarza', '06', 138),
(2373, 'Dakhlet Nouadhibou', '08', 138),
(2374, '', '00', 138),
(2375, 'Tagant', '09', 138),
(2376, 'Saint Anthony', '01', 139),
(2377, 'Saint Peter', '03', 139),
(2378, 'Saint Georges', '02', 139),
(2379, '', '00', 140),
(2380, 'Port Louis', '18', 141),
(2381, 'Black River', '12', 141),
(2382, 'Moka', '15', 141),
(2383, 'Riviere du Rempart', '19', 141),
(2384, 'Pamplemousses', '16', 141),
(2385, 'Rodrigues', '23', 141),
(2386, 'Grand Port', '14', 141),
(2387, 'Flacq', '13', 141),
(2388, 'Plaines Wilhems', '17', 141),
(2389, 'Savanne', '20', 141),
(2390, '', '00', 141),
(2391, '', '26', 142),
(2392, 'Seenu', '01', 142),
(2393, 'Maale', '40', 142),
(2394, 'Nkhotakota', '18', 143),
(2395, 'Rumphi', '21', 143),
(2396, 'Mzimba', '15', 143),
(2397, 'Lilongwe', '11', 143),
(2398, 'Ntchisi', '20', 143),
(2399, 'Salima', '22', 143),
(2400, 'Mchinji', '13', 143),
(2401, 'Chitipa', '04', 143),
(2402, 'Ntcheu', '16', 143),
(2403, 'Dowa', '07', 143),
(2404, 'Kasungu', '09', 143),
(2405, 'Zomba', '23', 143),
(2406, 'Nsanje', '19', 143),
(2407, 'Chikwawa', '02', 143),
(2408, 'Thyolo', '05', 143),
(2409, 'Dedza', '06', 143),
(2410, 'Balaka', '26', 143),
(2411, 'Mangochi', '12', 143),
(2412, 'Machinga', '28', 143),
(2413, 'Nkhata Bay', '17', 143),
(2414, 'Chiradzulu', '03', 143),
(2415, 'Blantyre', '24', 143),
(2416, 'Karonga', '08', 143),
(2417, 'Phalombe', '30', 143),
(2418, 'Mwanza', '25', 143),
(2419, 'Mulanje', '29', 143),
(2420, 'Michoacan de Ocampo', '16', 144),
(2421, 'Chihuahua', '06', 144),
(2422, 'Veracruz-Llave', '30', 144),
(2423, 'Yucatan', '31', 144),
(2424, 'Quintana Roo', '23', 144),
(2425, 'Sonora', '26', 144),
(2426, 'Tlaxcala', '29', 144),
(2427, 'Chiapas', '05', 144),
(2428, 'Coahuila de Zaragoza', '07', 144),
(2429, 'Durango', '10', 144),
(2430, 'Guanajuato', '11', 144),
(2431, 'Nuevo Leon', '19', 144),
(2432, 'Oaxaca', '20', 144),
(2433, 'Tabasco', '27', 144),
(2434, 'Tamaulipas', '28', 144),
(2435, 'Guerrero', '12', 144),
(2436, 'Baja California', '02', 144),
(2437, 'Campeche', '04', 144),
(2438, 'Nayarit', '18', 144),
(2439, 'Puebla', '21', 144),
(2440, 'Sinaloa', '25', 144),
(2441, 'Aguascalientes', '01', 144),
(2442, 'San Luis Potosi', '24', 144),
(2443, 'Zacatecas', '32', 144),
(2444, 'Mexico', '15', 144),
(2445, 'Jalisco', '14', 144),
(2446, 'Hidalgo', '13', 144),
(2447, 'Morelos', '17', 144),
(2448, 'Colima', '08', 144),
(2449, 'Queretaro de Arteaga', '22', 144),
(2450, 'Baja California Sur', '03', 144),
(2451, 'Distrito Federal', '09', 144),
(2452, 'Sarawak', '11', 145),
(2453, 'Sabah', '16', 145),
(2454, 'Melaka', '04', 145),
(2455, 'Perlis', '08', 145),
(2456, 'Negeri Sembilan', '05', 145),
(2457, 'Kedah', '02', 145),
(2458, 'Johor', '01', 145),
(2459, 'Perak', '07', 145),
(2460, 'Pulau Pinang', '09', 145),
(2461, 'Terengganu', '13', 145),
(2462, 'Kelantan', '03', 145),
(2463, 'Pahang', '06', 145),
(2464, 'Kuala Lumpur', '14', 145),
(2465, 'Selangor', '12', 145),
(2466, 'Labuan', '15', 145),
(2467, 'Maputo', '04', 146),
(2468, 'Nampula', '06', 146),
(2469, 'Zambezia', '09', 146),
(2470, 'Niassa', '07', 146),
(2471, 'Cabo Delgado', '01', 146),
(2472, 'Gaza', '02', 146),
(2473, 'Inhambane', '03', 146),
(2474, 'Manica', '10', 146),
(2475, 'Tete', '08', 146),
(2476, 'Sofala', '05', 146),
(2477, '', '00', 146),
(2478, 'Hardap', '30', 147),
(2479, 'Otjozondjupa', '39', 147),
(2480, '', '40', 147),
(2481, 'Karas', '31', 147),
(2482, 'Omusati', '36', 147),
(2483, 'Oshana', '37', 147),
(2484, 'Kunene', '32', 147),
(2485, 'Erongo', '29', 147),
(2486, 'Oshikoto', '38', 147),
(2487, 'Omaheke', '35', 147),
(2488, 'Caprivi', '28', 147),
(2489, 'Okavango', '34', 147),
(2490, 'Ohangwena', '33', 147),
(2491, 'Windhoek', '21', 147),
(2492, '', '00', 148),
(2493, 'Niamey', '05', 149),
(2494, 'Diffa', '02', 149),
(2495, '', '09', 149),
(2496, 'Tahoua', '06', 149),
(2497, 'Agadez', '01', 149),
(2498, 'Zinder', '07', 149),
(2499, 'Dosso', '03', 149),
(2500, 'Maradi', '04', 149),
(2501, 'Niamey', '08', 149),
(2502, '', '00', 150),
(2503, '', '10', 151),
(2504, 'Benue', '26', 151),
(2505, 'Nassarawa', '56', 151),
(2506, 'Kaduna', '23', 151),
(2507, 'Oyo', '32', 151),
(2508, 'Adamawa', '35', 151),
(2509, 'Osun', '42', 151),
(2510, 'Borno', '27', 151),
(2511, 'Bauchi', '46', 151),
(2512, '', '12', 151),
(2513, 'Ogun', '16', 151),
(2514, 'Anambra', '25', 151),
(2515, 'Yobe', '44', 151),
(2516, 'Lagos', '05', 151),
(2517, 'Delta', '36', 151),
(2518, 'Enugu', '47', 151),
(2519, 'Federal Capital Territory', '11', 151),
(2520, 'Kogi', '41', 151),
(2521, 'Taraba', '43', 151),
(2522, 'Akwa Ibom', '21', 151),
(2523, 'Ebonyi', '53', 151),
(2524, '', '18', 151),
(2525, 'Imo', '28', 151),
(2526, 'Jigawa', '39', 151),
(2527, '', '17', 151),
(2528, 'Kwara', '30', 151),
(2529, 'Abia', '45', 151),
(2530, 'Gombe', '55', 151),
(2531, 'Cross River', '22', 151),
(2532, 'Katsina', '24', 151),
(2533, 'Sokoto', '51', 151),
(2534, 'Niger', '31', 151),
(2535, 'Zamfara', '57', 151),
(2536, 'Edo', '37', 151),
(2537, '', '34', 151),
(2538, 'Kano', '29', 151),
(2539, 'Kebbi', '40', 151),
(2540, 'Ekiti', '54', 151),
(2541, 'Bayelsa', '52', 151),
(2542, 'Plateau', '49', 151),
(2543, 'Ondo', '48', 151),
(2544, 'Rivers', '50', 151),
(2545, '', '00', 151),
(2546, '', '20', 151),
(2547, 'Leon', '08', 152),
(2548, 'Chontales', '04', 152),
(2549, 'Managua', '10', 152),
(2550, 'Autonoma Atlantico Norte', '17', 152),
(2551, 'Granada', '06', 152),
(2552, 'Matagalpa', '12', 152),
(2553, 'Boaco', '01', 152),
(2554, 'Carazo', '02', 152),
(2555, 'Chinandega', '03', 152),
(2556, 'Rio San Juan', '14', 152),
(2557, 'Rivas', '15', 152),
(2558, 'Masaya', '11', 152),
(2559, 'Jinotega', '07', 152),
(2560, 'Nueva Segovia', '13', 152),
(2561, 'Region Autonoma Atlantico Sur', '18', 152),
(2562, 'Madriz', '09', 152),
(2563, 'Esteli', '05', 152),
(2564, 'Drenthe', '01', 153),
(2565, 'Zuid-Holland', '11', 153),
(2566, 'Overijssel', '15', 153),
(2567, 'Noord-Holland', '07', 153),
(2568, 'Zeeland', '10', 153),
(2569, 'Limburg', '05', 153),
(2570, 'Noord-Brabant', '06', 153),
(2571, 'Gelderland', '03', 153),
(2572, 'Friesland', '02', 153),
(2573, 'Groningen', '04', 153),
(2574, 'Utrecht', '09', 153),
(2575, 'Flevoland', '16', 153),
(2576, 'Nordland', '09', 154),
(2577, 'Sor-Trondelag', '16', 154),
(2578, 'Troms', '18', 154),
(2579, 'Vestfold', '20', 154),
(2580, 'Hedmark', '06', 154),
(2581, 'Hordaland', '07', 154),
(2582, 'Vest-Agder', '19', 154),
(2583, 'More og Romsdal', '08', 154),
(2584, 'Telemark', '17', 154),
(2585, 'Buskerud', '04', 154),
(2586, 'Rogaland', '14', 154),
(2587, 'Aust-Agder', '02', 154),
(2588, 'Oppland', '11', 154),
(2589, 'Sogn og Fjordane', '15', 154),
(2590, 'Akershus', '01', 154),
(2591, 'Nord-Trondelag', '10', 154),
(2592, 'Ostfold', '13', 154),
(2593, 'Finnmark', '05', 154),
(2594, 'Oslo', '12', 154),
(2595, '', '00', 155),
(2596, '', '00', 156),
(2597, '', '00', 157),
(2598, 'Wellington', 'G2', 158),
(2599, 'West Coast', 'G3', 158),
(2600, 'Canterbury', 'E9', 158),
(2601, 'Otago', 'F7', 158),
(2602, 'Auckland', 'E7', 158),
(2603, 'Gisborne', 'F1', 158),
(2604, 'Hawke\'s Bay', 'F2', 158),
(2605, 'Taranaki', 'F9', 158),
(2606, 'Marlborough', 'F4', 158),
(2607, 'Nelson', 'F5', 158),
(2608, 'Waikato', 'G1', 158),
(2609, 'Southland', 'F8', 158),
(2610, '', '85', 158),
(2611, 'Bay of Plenty', 'E8', 158),
(2612, '', '00', 158),
(2613, 'Manawatu-Wanganui', 'F3', 158),
(2614, 'Al Batinah', '02', 159),
(2615, 'Az Zahirah', '05', 159),
(2616, 'Ash Sharqiyah', '04', 159),
(2617, 'Masqat', '06', 159),
(2618, 'Musandam', '07', 159),
(2619, 'Zufar', '08', 159),
(2620, '', '00', 159),
(2621, 'Los Santos', '07', 160),
(2622, 'Darien', '05', 160),
(2623, 'Chiriqui', '02', 160),
(2624, 'Colon', '04', 160),
(2625, 'Veraguas', '10', 160),
(2626, 'San Blas', '09', 160),
(2627, 'Bocas del Toro', '01', 160),
(2628, 'Herrera', '06', 160),
(2629, 'Panama', '08', 160),
(2630, 'Cocle', '03', 160),
(2631, 'Ancash', '02', 161),
(2632, 'Apurimac', '03', 161),
(2633, 'Arequipa', '04', 161),
(2634, 'Ica', '11', 161),
(2635, 'Cusco', '08', 161),
(2636, 'Lambayeque', '14', 161),
(2637, 'Ucayali', '25', 161),
(2638, 'La Libertad', '13', 161),
(2639, 'Ayacucho', '05', 161),
(2640, 'Lima', '15', 161),
(2641, 'Puno', '21', 161),
(2642, 'Junin', '12', 161),
(2643, 'Tumbes', '24', 161),
(2644, 'Tacna', '23', 161),
(2645, 'Cajamarca', '06', 161),
(2646, 'Huancavelica', '09', 161),
(2647, 'Moquegua', '18', 161),
(2648, 'Amazonas', '01', 161),
(2649, 'Huanuco', '10', 161),
(2650, 'San Martin', '22', 161),
(2651, 'Piura', '20', 161),
(2652, 'Loreto', '16', 161),
(2653, 'Pasco', '19', 161),
(2654, 'Madre de Dios', '17', 161),
(2655, 'Callao', '07', 161),
(2656, '', '00', 162),
(2657, 'Eastern Highlands', '09', 163),
(2658, 'Madang', '12', 163),
(2659, 'Milne Bay', '03', 163),
(2660, 'Western', '06', 163),
(2661, 'Central', '01', 163),
(2662, 'Sandaun', '18', 163),
(2663, 'East Sepik', '11', 163),
(2664, 'West New Britain', '17', 163),
(2665, 'Southern Highlands', '05', 163),
(2666, 'Northern', '04', 163),
(2667, 'Gulf', '02', 163),
(2668, 'Western Highlands', '16', 163),
(2669, 'Morobe', '14', 163),
(2670, 'Chimbu', '08', 163),
(2671, 'East New Britain', '10', 163),
(2672, 'North Solomons', '07', 163),
(2673, 'Enga', '19', 163),
(2674, 'Manus', '13', 163),
(2675, 'New Ireland', '15', 163),
(2676, 'National Capital', '20', 163),
(2677, 'Pangasinan', '51', 164),
(2678, 'Cebu', '21', 164),
(2679, 'Samar', '55', 164),
(2680, 'Camarines Sur', '16', 164),
(2681, 'Iloilo', '30', 164),
(2682, 'Ilocos Norte', '28', 164),
(2683, 'Antique', '06', 164),
(2684, 'Bohol', '11', 164),
(2685, 'Cagayan', '14', 164),
(2686, 'Eastern Samar', '23', 164),
(2687, 'Davao', '24', 164),
(2688, 'Leyte', '37', 164),
(2689, 'Masbate', '39', 164),
(2690, 'Negros Occidental', '45', 164),
(2691, 'Nueva Vizcaya', '48', 164),
(2692, 'Romblon', '54', 164),
(2693, 'South Cotabato', '70', 164),
(2694, 'Ilocos Sur', '29', 164),
(2695, 'Quezon', 'H2', 164),
(2696, 'Lanao del Norte', '34', 164),
(2697, 'North Cotabato', '57', 164),
(2698, 'Surigao del Sur', '62', 164),
(2699, 'Iligan', 'C8', 164),
(2700, 'Southern Leyte', '59', 164),
(2701, 'Tarlac', '63', 164),
(2702, 'Bukidnon', '12', 164),
(2703, 'Mindoro Occidental', '40', 164),
(2704, 'Palawan', '49', 164),
(2705, 'Abra', '01', 164),
(2706, 'Bulacan', '13', 164),
(2707, 'Capiz', '18', 164),
(2708, 'Nueva Ecija', '47', 164),
(2709, 'Sorsogon', '58', 164),
(2710, 'Benguet', '10', 164),
(2711, 'Northern Samar', '67', 164),
(2712, 'Quirino', '68', 164),
(2713, 'Isabela', '31', 164),
(2714, 'Kalinga-Apayao', '32', 164),
(2715, 'Mountain', '44', 164),
(2716, 'Albay', '05', 164),
(2717, 'Batangas', '09', 164),
(2718, 'Catanduanes', '19', 164),
(2719, 'Negros Oriental', '46', 164),
(2720, 'Ifugao', '27', 164),
(2721, 'Misamis Oriental', '43', 164),
(2722, 'Laguna', '33', 164),
(2723, 'Zamboanga del Sur', '66', 164),
(2724, 'Camiguin', '17', 164),
(2725, 'Negros Occidental', 'H3', 164),
(2726, 'Bataan', '07', 164),
(2727, 'Lanao del Sur', '35', 164),
(2728, 'Basilan', '22', 164),
(2729, 'La Union', '36', 164),
(2730, 'Camarines Norte', '15', 164),
(2731, 'Caloocan', 'B4', 164),
(2732, 'Legaspi', 'D5', 164),
(2733, 'Calbayog', 'B3', 164),
(2734, 'Agusan del Norte', '02', 164),
(2735, 'Pampanga', '50', 164),
(2736, 'Mindoro Oriental', '41', 164),
(2737, '', 'K8', 164),
(2738, 'Sulu', '60', 164),
(2739, 'Cebu City', 'B7', 164),
(2740, 'Roxas', 'F3', 164),
(2741, 'Misamis Occidental', '42', 164),
(2742, 'Aklan', '04', 164),
(2743, 'Maguindanao', '56', 164),
(2744, 'Dumaguete', 'C5', 164),
(2745, 'Surigao del Norte', '61', 164),
(2746, 'Ormoc', 'E4', 164),
(2747, 'Davao del Sur', '25', 164),
(2748, 'Zambales', '64', 164),
(2749, 'Agusan del Sur', '03', 164),
(2750, '', 'K4', 164),
(2751, 'Lapu-Lapu', 'D4', 164),
(2752, 'Marinduque', '38', 164),
(2753, 'Rizal', '53', 164),
(2754, 'Butuan', 'A8', 164),
(2755, 'Cagayan de Oro', 'B2', 164),
(2756, 'Pasay', 'E9', 164),
(2757, 'Sultan Kudarat', '71', 164),
(2758, 'Davao City', 'C3', 164),
(2759, 'Cavite', '20', 164),
(2760, 'Iloilo City', 'C9', 164),
(2761, 'Silay', 'F8', 164),
(2762, 'Pagadian', 'E7', 164),
(2763, 'Trece Martires', 'G6', 164),
(2764, 'Quezon City', 'F2', 164),
(2765, 'Siquijor', '69', 164),
(2766, 'Cotabato', 'B8', 164),
(2767, 'Angeles', 'A1', 164),
(2768, 'Toledo', 'G5', 164),
(2769, 'San Carlos', 'F4', 164),
(2770, 'Lipa', 'D6', 164),
(2771, 'Davao Oriental', '26', 164),
(2772, 'Tacloban', 'G1', 164),
(2773, 'Tawitawi', '72', 164),
(2774, '', 'H5', 164),
(2775, 'Zamboanga del Norte', '65', 164),
(2776, 'Zamboanga', 'G7', 164),
(2777, 'Bacolod', 'A2', 164),
(2778, 'Marawi', 'E1', 164),
(2779, 'Aurora', 'G8', 164),
(2780, 'Ozamis', 'E6', 164),
(2781, 'Danao', 'C1', 164),
(2782, 'Bago', 'A3', 164),
(2783, 'Cabanatuan', 'A9', 164),
(2784, '', 'L8', 164),
(2785, 'Baguio', 'A4', 164),
(2786, 'Tangub', 'G4', 164),
(2787, 'Naga', 'E2', 164),
(2788, 'Olongapo', 'E3', 164),
(2789, 'San Pablo', 'F7', 164),
(2790, 'Oroquieta', 'E5', 164),
(2791, 'Manila', 'D9', 164),
(2792, 'San Juan', 'M6', 164),
(2793, 'General Santos', 'C6', 164),
(2794, 'Dapitan', 'C2', 164),
(2795, 'Canlaon', 'B5', 164),
(2796, 'Dagupan', 'B9', 164),
(2797, '', 'K9', 164),
(2798, 'Batanes', '08', 164),
(2799, 'Batangas City', 'A7', 164),
(2800, 'Dipolog', 'C4', 164),
(2801, '', 'N6', 164),
(2802, 'Tagbilaran', 'G3', 164),
(2803, 'Cadiz', 'B1', 164),
(2804, 'Mandaue', 'D8', 164),
(2805, 'Cavite City', 'B6', 164),
(2806, 'Tagaytay', 'G2', 164),
(2807, 'Gingoog', 'C7', 164),
(2808, 'Iriga', 'D1', 164),
(2809, 'Paranaque', 'L7', 164),
(2810, '', 'O7', 164),
(2811, 'La Carlota', 'D2', 164),
(2812, 'Laoag', 'D3', 164),
(2813, 'Lucena', 'D7', 164),
(2814, 'Malaybalay', 'K6', 164),
(2815, 'Palayan', 'E8', 164),
(2816, 'Puerto Princesa', 'F1', 164),
(2817, 'Surigao', 'F9', 164),
(2818, 'Punjab', '04', 165),
(2819, 'Sindh', '05', 165),
(2820, 'Balochistan', '02', 165),
(2821, 'North-West Frontier', '03', 165),
(2822, 'Northern Areas', '07', 165),
(2823, 'Federally Administered Tribal Areas', '01', 165),
(2824, 'Azad Kashmir', '06', 165),
(2825, 'Islamabad', '08', 165),
(2826, '', '47', 166),
(2827, '', '45', 166),
(2828, '', '70', 166),
(2829, '', '39', 166),
(2830, '', '27', 166),
(2831, '', '49', 166),
(2832, '', '61', 166),
(2833, 'Zachodniopomorskie', '87', 166),
(2834, '', '24', 166),
(2835, 'Swietokrzyskie', '84', 166),
(2836, '', '63', 166),
(2837, '', '36', 166),
(2838, '', '37', 166),
(2839, '', '64', 166),
(2840, '', '68', 166),
(2841, '', '25', 166),
(2842, '', '26', 166),
(2843, '', '29', 166),
(2844, '', '43', 166),
(2845, '', '51', 166),
(2846, '', '52', 166),
(2847, '', '55', 166),
(2848, '', '57', 166),
(2849, '', '58', 166),
(2850, '', '59', 166),
(2851, '', '67', 166),
(2852, '', '35', 166),
(2853, '', '54', 166),
(2854, '', '28', 166),
(2855, '', '71', 166),
(2856, '', '30', 166),
(2857, '', '50', 166),
(2858, '', '53', 166),
(2859, '', '48', 166),
(2860, '', '34', 166),
(2861, '', '56', 166),
(2862, '', '66', 166),
(2863, '', '23', 166),
(2864, 'Lodzkie', '74', 166),
(2865, '', '44', 166),
(2866, 'Warminsko-Mazurskie', '85', 166),
(2867, '', '32', 166),
(2868, '', '69', 166),
(2869, '', '31', 166),
(2870, '', '60', 166),
(2871, '', '33', 166),
(2872, 'Malopolskie', '77', 166),
(2873, '', '46', 166),
(2874, 'Mazowieckie', '78', 166),
(2875, '', '65', 166),
(2876, 'Podlaskie', '81', 166),
(2877, '', '40', 166),
(2878, '', '41', 166),
(2879, '', '42', 166),
(2880, 'Podkarpackie', '80', 166),
(2881, 'Lubuskie', '76', 166),
(2882, 'Dolnoslaskie', '72', 166),
(2883, 'Lubelskie', '75', 166),
(2884, 'Pomorskie', '82', 166),
(2885, 'Kujawsko-Pomorskie', '73', 166),
(2886, 'Wielkopolskie', '86', 166),
(2887, 'Slaskie', '83', 166),
(2888, 'Opolskie', '79', 166),
(2889, '', '38', 166),
(2890, '', '00', 167),
(2891, '', '00', 168),
(2892, '', '00', 169),
(2893, 'Braga', '04', 170),
(2894, 'Vila Real', '21', 170),
(2895, 'Santarem', '18', 170),
(2896, 'Leiria', '13', 170),
(2897, 'Lisboa', '14', 170),
(2898, 'Braganca', '05', 170),
(2899, 'Viana do Castelo', '20', 170),
(2900, 'Portalegre', '16', 170),
(2901, 'Setubal', '19', 170),
(2902, 'Azores', '23', 170),
(2903, 'Viseu', '22', 170),
(2904, 'Porto', '17', 170),
(2905, 'Aveiro', '02', 170),
(2906, 'Castelo Branco', '06', 170),
(2907, 'Faro', '09', 170),
(2908, 'Coimbra', '07', 170),
(2909, 'Madeira', '10', 170),
(2910, 'Beja', '03', 170),
(2911, 'Guarda', '11', 170),
(2912, 'Evora', '08', 170),
(2913, '', '00', 171),
(2914, 'Cordillera', '08', 172),
(2915, 'Alto Parana', '01', 172),
(2916, 'Caazapa', '05', 172),
(2917, 'Boqueron', '24', 172),
(2918, 'Paraguari', '15', 172),
(2919, 'Amambay', '02', 172),
(2920, 'Alto Paraguay', '23', 172),
(2921, 'Canindeyu', '19', 172),
(2922, 'Concepcion', '07', 172),
(2923, 'Misiones', '12', 172),
(2924, 'Caaguazu', '04', 172),
(2925, 'Neembucu', '13', 172),
(2926, 'Itapua', '11', 172),
(2927, 'Central', '06', 172),
(2928, 'San Pedro', '17', 172),
(2929, 'Presidente Hayes', '16', 172),
(2930, 'Guaira', '10', 172),
(2931, 'Madinat ach Shamal', '08', 173),
(2932, 'Ad Dawhah', '01', 173),
(2933, 'Umm Salal', '09', 173),
(2934, 'Al Khawr', '04', 173),
(2935, 'Al Jumaliyah', '03', 173),
(2936, 'Al Wakrah Municipality', '05', 173),
(2937, '', '00', 174),
(2938, 'Ilfov', '43', 175),
(2939, 'Giurgiu', '42', 175),
(2940, 'Bihor', '05', 175),
(2941, 'Caras-Severin', '12', 175),
(2942, 'Mehedinti', '26', 175),
(2943, 'Vaslui', '38', 175),
(2944, 'Tulcea', '37', 175),
(2945, 'Constanta', '14', 175),
(2946, 'Mures', '27', 175),
(2947, 'Harghita', '20', 175),
(2948, 'Alba', '01', 175),
(2949, 'Arad', '02', 175),
(2950, 'Hunedoara', '21', 175),
(2951, 'Satu Mare', '32', 175),
(2952, 'Sibiu', '33', 175),
(2953, 'Maramures', '25', 175),
(2954, 'Brasov', '09', 175),
(2955, 'Cluj', '13', 175),
(2956, 'Teleorman', '35', 175),
(2957, 'Dambovita', '16', 175),
(2958, 'Dolj', '17', 175),
(2959, 'Suceava', '34', 175),
(2960, 'Botosani', '07', 175),
(2961, 'Iasi', '23', 175),
(2962, 'Arges', '03', 175),
(2963, 'Buzau', '11', 175),
(2964, 'Timis', '36', 175),
(2965, 'Neamt', '28', 175),
(2966, 'Bacau', '04', 175),
(2967, 'Braila', '08', 175),
(2968, 'Salaj', '31', 175),
(2969, 'Covasna', '15', 175),
(2970, 'Bistrita-Nasaud', '06', 175),
(2971, 'Calarasi', '41', 175),
(2972, 'Gorj', '19', 175),
(2973, 'Ialomita', '22', 175),
(2974, 'Olt', '29', 175),
(2975, 'Valcea', '39', 175),
(2976, 'Prahova', '30', 175),
(2977, 'Vrancea', '40', 175),
(2978, 'Bucuresti', '10', 175),
(2979, 'Galati', '18', 175),
(2980, '\"Vojvodina\"', '02', 0),
(2981, '\"Kosovo\"', '01', 0),
(2982, '', '12', 0),
(2983, 'Moskva', '47', 176),
(2984, 'Karelia', '28', 176),
(2985, 'Sakha', '63', 176),
(2986, '', 'CI', 176),
(2987, 'Altaisky krai', '04', 176),
(2988, 'Ivanovo', '21', 176),
(2989, 'Kostroma', '37', 176),
(2990, 'Nizhegorod', '51', 176),
(2991, 'Tver\'', '77', 176),
(2992, 'Vladimir', '83', 176),
(2993, 'Perm\'', '58', 176),
(2994, 'Adygeya', '01', 176),
(2995, 'Chita', '14', 176),
(2996, 'Taymyr', '74', 176),
(2997, 'Kemerovo', '29', 176),
(2998, 'Udmurt', '80', 176),
(2999, 'Khakass', '31', 176),
(3000, 'Vologda', '85', 176),
(3001, 'Omsk', '54', 176),
(3002, 'Orenburg', '55', 176),
(3003, 'Irkutsk', '20', 176),
(3004, 'Krasnoyarsk', '39', 176),
(3005, 'Sverdlovsk', '71', 176),
(3006, 'Tambovskaya oblast', '72', 176),
(3007, 'Arkhangel\'sk', '06', 176),
(3008, 'Novosibirsk', '53', 176),
(3009, 'Ryazan\'', '62', 176),
(3010, 'Tula', '76', 176),
(3011, 'Rostov', '61', 176),
(3012, 'Yaroslavl\'', '88', 176),
(3013, 'Tatarstan', '73', 176),
(3014, 'Tyumen\'', '78', 176),
(3015, 'Penza', '57', 176),
(3016, 'Saratov', '67', 176),
(3017, 'Chuvashia', '16', 176),
(3018, 'Komi', '34', 176),
(3019, 'Bryansk', '10', 176),
(3020, 'Samara', '65', 176),
(3021, '', '82', 176),
(3022, 'Mariy-El', '45', 176),
(3023, 'Leningrad', '42', 176),
(3024, 'Kirov', '33', 176),
(3025, 'Gorno-Altay', '03', 176),
(3026, 'Dagestan', '17', 176),
(3027, 'Kabardin-Balkar', '22', 176),
(3028, 'Amur', '05', 176),
(3029, 'North Ossetia', '68', 176),
(3030, 'Karachay-Cherkess', '27', 176),
(3031, 'Krasnodar', '38', 176),
(3032, 'Lipetsk', '43', 176),
(3033, 'Smolensk', '69', 176),
(3034, 'Kaliningrad', '23', 176),
(3035, 'Bashkortostan', '08', 176),
(3036, 'Chelyabinsk', '13', 176),
(3037, 'Ul\'yanovsk', '81', 176),
(3038, 'Stavropol\'', '70', 176),
(3039, 'Kurgan', '40', 176),
(3040, 'Astrakhan\'', '07', 176),
(3041, 'Volgograd', '84', 176),
(3042, 'Kalmyk', '24', 176),
(3043, 'Kaluga', '25', 176),
(3044, 'Magadan', '44', 176),
(3045, 'Pskov', '60', 176),
(3046, 'Orel', '56', 176),
(3047, 'Primor\'ye', '59', 176),
(3048, 'Belgorod', '09', 176),
(3049, 'Buryat', '11', 176),
(3050, 'Tomsk', '75', 176),
(3051, 'Murmansk', '49', 176),
(3052, '', '35', 176),
(3053, 'Sakhalin', '64', 176),
(3054, 'Voronezh', '86', 176),
(3055, 'Novgorod', '52', 176),
(3056, 'Mordovia', '46', 176),
(3057, 'Kamchatka', '26', 176),
(3058, 'Khabarovsk', '30', 176),
(3059, 'Koryak', '36', 176),
(3060, 'Chukot', '15', 176),
(3061, 'Khanty-Mansiy', '32', 176),
(3062, 'Kursk', '41', 176),
(3063, 'Aginsky Buryatsky AO', '02', 176),
(3064, 'Tuva', '79', 176),
(3065, 'Nenets', '50', 176),
(3066, 'Evenk', '18', 176),
(3067, 'Yevrey', '89', 176),
(3068, '', 'JA', 176),
(3069, 'Yamal-Nenets', '87', 176),
(3070, 'Saint Petersburg City', '66', 176),
(3071, 'Moscow City', '48', 176),
(3072, 'Kigali', '09', 177),
(3073, 'Butare', '01', 177),
(3074, '', '03', 177),
(3075, '', '05', 177),
(3076, '', '02', 177),
(3077, 'Kibungo', '07', 177),
(3078, '', '10', 177),
(3079, '', '04', 177),
(3080, 'Gitarama', '06', 177),
(3081, '', '08', 177),
(3082, 'Makkah', '14', 178),
(3083, 'Ar Riyad', '10', 178),
(3084, 'Ha\'il', '13', 178),
(3085, 'Al Hudud ash Shamaliyah', '15', 178),
(3086, 'Jizan', '17', 178),
(3087, 'Ash Sharqiyah', '06', 178),
(3088, 'Al Madinah', '05', 178),
(3089, 'Al Qasim', '08', 178),
(3090, 'Al Bahah', '02', 178),
(3091, 'Tabuk', '19', 178),
(3092, 'Al Jawf', '20', 178),
(3093, '', '00', 178),
(3094, 'Makira', '08', 179),
(3095, '', '00', 179),
(3096, 'Beau Vallon', '08', 180),
(3097, '', '00', 180),
(3098, 'Bahr al Ghazal', '32', 181),
(3099, '', '26', 181),
(3100, 'River Nile', '53', 181),
(3101, 'Darfur', '33', 181),
(3102, 'Kurdufan', '34', 181),
(3103, 'Al Wusta', '27', 181),
(3104, 'Ash Shamaliyah', '30', 181),
(3105, 'Ash Sharqiyah', '31', 181),
(3106, 'Al Istiwa\'iyah', '28', 181),
(3107, '', '38', 181),
(3108, '', '37', 181),
(3109, '', '51', 181),
(3110, 'Al Khartum', '29', 181),
(3111, '', '42', 181),
(3112, '', '47', 181),
(3113, 'Northern Darfur', '55', 181),
(3114, '', '48', 181),
(3115, '', '56', 181),
(3116, '', '39', 181),
(3117, '', '36', 181),
(3118, '', '54', 181),
(3119, 'Central Equatoria State', '44', 181),
(3120, 'Al Wahadah State', '40', 181),
(3121, 'Kassala', '52', 181),
(3122, '', '43', 181),
(3123, '', '57', 181),
(3124, 'Southern Kordofan', '50', 181),
(3125, '', '', 181),
(3126, 'Upper Nile', '35', 181),
(3127, 'Southern Darfur', '49', 181),
(3128, '', '41', 181),
(3129, '', '58', 181),
(3130, '', '59', 181),
(3131, '', '46', 181),
(3132, '', '45', 181),
(3133, 'Vasternorrlands Lan', '24', 182),
(3134, 'Vastra Gotaland', '28', 182),
(3135, 'Norrbottens Lan', '14', 182),
(3136, 'Vasterbottens Lan', '23', 182),
(3137, 'Skane Lan', '27', 182),
(3138, 'Kalmar Lan', '09', 182),
(3139, 'Jamtlands Lan', '07', 182),
(3140, 'Kronobergs Lan', '12', 182),
(3141, 'Ostergotlands Lan', '16', 182),
(3142, 'Stockholms Lan', '26', 182),
(3143, 'Dalarnas Lan', '10', 182),
(3144, 'Blekinge Lan', '02', 182),
(3145, 'Gavleborgs Lan', '03', 182),
(3146, 'Sodermanlands Lan', '18', 182),
(3147, 'Vastmanlands Lan', '25', 182),
(3148, 'Varmlands Lan', '22', 182),
(3149, 'Hallands Lan', '06', 182),
(3150, 'Orebro Lan', '15', 182),
(3151, 'Uppsala Lan', '21', 182),
(3152, 'Jonkopings Lan', '08', 182),
(3153, 'Gotlands Lan', '05', 182),
(3154, '', '00', 183),
(3155, '', '00', 184),
(3156, 'Bohinj Commune', '04', 185),
(3157, 'Brezovica Commune', '09', 185),
(3158, '', '00', 185),
(3159, '', '00', 186),
(3160, 'Kosice', '03', 187),
(3161, 'Banska Bystrica', '01', 187),
(3162, 'Nitra', '04', 187),
(3163, 'Trnava', '07', 187),
(3164, 'Presov', '05', 187),
(3165, 'Zilina', '08', 187),
(3166, 'Bratislava', '02', 187),
(3167, 'Trencin', '06', 187),
(3168, '', '00', 187),
(3169, 'Western Area', '04', 188),
(3170, 'Northern', '02', 188),
(3171, 'Eastern', '01', 188),
(3172, 'Southern', '03', 188),
(3173, 'Acquaviva', '01', 189),
(3174, 'Chiesanuova', '02', 189),
(3175, 'San Marino', '07', 189),
(3176, 'Serravalle', '09', 189),
(3177, 'Dakar', '01', 190),
(3178, '', '04', 190),
(3179, 'Diourbel', '03', 190),
(3180, '', '08', 190),
(3181, 'Kolda', '11', 190),
(3182, 'Ziguinchor', '12', 190),
(3183, 'Thies', '07', 190),
(3184, 'Fatick', '09', 190),
(3185, 'Kaolack', '10', 190),
(3186, 'Tambacounda', '05', 190),
(3187, 'Louga', '13', 190),
(3188, 'Matam', '15', 190),
(3189, 'Saint-Louis', '14', 190),
(3190, '', '', 190),
(3191, 'Bay', '04', 191),
(3192, 'Shabeellaha Hoose', '14', 191),
(3193, 'Bakool', '01', 191),
(3194, 'Hiiraan', '07', 191),
(3195, 'Gedo', '06', 191),
(3196, 'Bari', '03', 191),
(3197, 'Galguduud', '05', 191),
(3198, 'Mudug', '10', 191),
(3199, 'Woqooyi Galbeed', '16', 191),
(3200, 'Jubbada Dhexe', '08', 191),
(3201, 'Shabeellaha Dhexe', '13', 191),
(3202, 'Jubbada Hoose', '09', 191),
(3203, '', '15', 191),
(3204, 'Nugaal', '11', 191),
(3205, 'Sanaag', '12', 191),
(3206, 'Banaadir', '02', 191),
(3207, '', '17', 191),
(3208, 'Brokopondo', '10', 192),
(3209, 'Sipaliwini', '18', 192),
(3210, 'Marowijne', '13', 192),
(3211, 'Para', '15', 192),
(3212, 'Commewijne', '11', 192),
(3213, 'Saramacca', '17', 192),
(3214, 'Nickerie', '14', 192),
(3215, 'Coronie', '12', 192),
(3216, 'Wanica', '19', 192),
(3217, 'Paramaribo', '16', 192),
(3218, 'Sao Tome', '02', 193),
(3219, 'Principe', '01', 193),
(3220, 'Sonsonate', '13', 194),
(3221, 'Morazan', '08', 194),
(3222, 'San Vicente', '12', 194),
(3223, 'La Union', '07', 194),
(3224, 'San Salvador', '10', 194),
(3225, 'Chalatenango', '03', 194),
(3226, 'La Libertad', '05', 194),
(3227, 'Cabanas', '02', 194),
(3228, 'Cuscatlan', '04', 194),
(3229, 'Usulutan', '14', 194),
(3230, 'Ahuachapan', '01', 194),
(3231, 'Santa Ana', '11', 194),
(3232, 'San Miguel', '09', 194),
(3233, 'La Paz', '06', 194),
(3234, 'Al Hasakah', '01', 195),
(3235, 'Ar Raqqah', '04', 195),
(3236, 'Tartus', '14', 195),
(3237, 'Rif Dimashq', '08', 195),
(3238, 'Hims', '11', 195),
(3239, 'Idlib', '12', 195),
(3240, 'Hamah', '10', 195),
(3241, 'Halab', '09', 195),
(3242, 'Al Qunaytirah', '03', 195),
(3243, 'Dar', '06', 195),
(3244, 'As Suwayda\'', '05', 195),
(3245, 'Al Ladhiqiyah', '02', 195),
(3246, 'Dayr az Zawr', '07', 195),
(3247, 'Dimashq', '13', 195),
(3248, 'Lubombo', '02', 196),
(3249, 'Hhohho', '01', 196),
(3250, 'Manzini', '03', 196),
(3251, 'Shiselweni', '04', 196),
(3252, '', '00', 197),
(3253, 'Ouaddai', '12', 198),
(3254, 'Biltine', '02', 198),
(3255, 'Batha', '01', 198),
(3256, 'Mayo-Kebbi', '10', 198),
(3257, 'Chari-Baguirmi', '04', 198),
(3258, 'Guera', '05', 198),
(3259, 'Salamat', '13', 198),
(3260, 'Kanem', '06', 198),
(3261, 'Logone Occidental', '08', 198),
(3262, 'Lac', '07', 198),
(3263, 'Borkou-Ennedi-Tibesti', '03', 198),
(3264, 'Tandjile', '14', 198),
(3265, 'Moyen-Chari', '11', 198),
(3266, 'Logone Oriental', '09', 198),
(3267, '', '00', 199),
(3268, 'Plateaux', '25', 200),
(3269, '', '13', 200),
(3270, '', '04', 200),
(3271, '', '18', 200),
(3272, '', '03', 200),
(3273, '', '09', 200),
(3274, '', '02', 200),
(3275, '', '01', 200),
(3276, '', '10', 200),
(3277, '', '16', 200),
(3278, '', '17', 200),
(3279, '', '21', 200),
(3280, '', '08', 200),
(3281, 'Kara', '23', 200),
(3282, '', '19', 200),
(3283, '', '07', 200),
(3284, '', '14', 200),
(3285, '', '12', 200),
(3286, '', '00', 200),
(3287, '', '05', 200),
(3288, '', '11', 200),
(3289, 'Savanes', '26', 200),
(3290, 'Centrale', '22', 200),
(3291, '', '06', 200),
(3292, 'Maritime', '24', 200),
(3293, 'Trat', '49', 201),
(3294, 'Chiang Mai', '02', 201),
(3295, 'Nan', '04', 201),
(3296, 'Prachin Buri', '45', 201),
(3297, 'Krabi', '63', 201),
(3298, 'Sakon Nakhon', '20', 201),
(3299, 'Nakhon Phanom', '73', 201),
(3300, 'Amnat Charoen', '77', 201),
(3301, 'Samut Songkhram', '54', 201),
(3302, 'Nakhon Sawan', '16', 201),
(3303, 'Kanchanaburi', '50', 201),
(3304, 'Ubon Ratchathani', '71', 201),
(3305, 'Chumphon', '58', 201),
(3306, 'Chachoengsao', '44', 201),
(3307, 'Sa Kaeo', '80', 201),
(3308, 'Roi Et', '25', 201),
(3309, 'Narathiwat', '31', 201),
(3310, 'Pattani', '69', 201),
(3311, 'Chaiyaphum', '26', 201),
(3312, 'Kalasin', '23', 201),
(3313, 'Chon Buri', '46', 201),
(3314, 'Sukhothai', '09', 201),
(3315, 'Surat Thani', '60', 201),
(3316, '', '19', 201),
(3317, 'Phra Nakhon Si Ayutthaya', '36', 201),
(3318, 'Nonthaburi', '38', 201),
(3319, 'Samut Prakan', '42', 201),
(3320, 'Ang Thong', '35', 201),
(3321, 'Krung Thep', '40', 201),
(3322, 'Phitsanulok', '12', 201),
(3323, 'Nakhon Pathom', '53', 201),
(3324, 'Phichit', '13', 201),
(3325, 'Ratchaburi', '52', 201),
(3326, 'Suphan Buri', '51', 201),
(3327, 'Sing Buri', '33', 201),
(3328, 'Prachuap Khiri Khan', '57', 201),
(3329, 'Lamphun', '05', 201),
(3330, 'Rayong', '47', 201),
(3331, 'Ubon Ratchathani', '75', 201),
(3332, 'Chai Nat', '32', 201),
(3333, 'Buriram', '28', 201),
(3334, 'Phetchaburi', '56', 201),
(3335, 'Tak', '08', 201),
(3336, 'Phayao', '41', 201),
(3337, 'Lop Buri', '34', 201),
(3338, 'Saraburi', '37', 201),
(3339, 'Nakhon Nayok', '43', 201),
(3340, 'Yala', '70', 201),
(3341, 'Nakhon Ratchasima', '27', 201),
(3342, 'Samut Sakhon', '55', 201),
(3343, 'Khon Kaen', '22', 201),
(3344, 'Uthai Thani', '15', 201),
(3345, 'Nong Khai', '17', 201),
(3346, 'Maha Sarakham', '24', 201),
(3347, 'Lampang', '06', 201),
(3348, 'Songkhla', '68', 201),
(3349, 'Nakhon Si Thammarat', '64', 201),
(3350, 'Loei', '18', 201),
(3351, 'Chiang Rai', '03', 201),
(3352, 'Surin', '29', 201),
(3353, 'Phetchabun', '14', 201),
(3354, 'Phrae', '07', 201),
(3355, 'Phangnga', '61', 201),
(3356, 'Uttaradit', '10', 201),
(3357, 'Sisaket', '30', 201),
(3358, 'Trang', '65', 201),
(3359, 'Kamphaeng Phet', '11', 201),
(3360, 'Phuket', '62', 201),
(3361, 'Mukdahan', '78', 201),
(3362, 'Yasothon', '72', 201),
(3363, 'Phatthalung', '66', 201),
(3364, 'Pathum Thani', '39', 201),
(3365, 'Chanthaburi', '48', 201),
(3366, 'Mae Hong Son', '01', 201),
(3367, 'Ranong', '59', 201),
(3368, 'Udon Thani', '76', 201),
(3369, 'Satun', '67', 201),
(3370, 'Nong Bua Lamphu', '79', 201),
(3371, 'Nakhon Phanom', '21', 201),
(3372, 'Khatlon', '02', 202),
(3373, 'Sughd', '03', 202),
(3374, 'Kuhistoni Badakhshon', '01', 202),
(3375, '', '00', 203),
(3376, 'Lebap', '04', 204),
(3377, 'Balkan', '02', 204),
(3378, 'Ahal', '01', 204),
(3379, '', '00', 204),
(3380, 'Mary', '05', 204),
(3381, 'Dashoguz', '03', 204),
(3382, 'Madanin', '28', 205),
(3383, 'El Kef', '14', 205),
(3384, 'Tozeur', '35', 205),
(3385, 'Sousse', '23', 205),
(3386, 'Gabes', '29', 205),
(3387, 'Sfax', '32', 205),
(3388, 'Bizerte', '18', 205),
(3389, 'Al Munastir', '16', 205),
(3390, 'Nabeul', '19', 205),
(3391, 'Kasserine', '02', 205),
(3392, 'Tataouine', '34', 205),
(3393, 'Sidi Bou Zid', '33', 205),
(3394, 'Al Mahdia', '15', 205),
(3395, 'Jendouba', '06', 205),
(3396, 'Ben Arous', '27', 205),
(3397, 'Kairouan', '03', 205),
(3398, 'Zaghouan', '37', 205),
(3399, 'Kebili', '31', 205),
(3400, 'Bajah', '17', 205),
(3401, '', '30', 205),
(3402, 'Siliana', '22', 205),
(3403, '', '26', 205),
(3404, 'Tunis', '36', 205),
(3405, 'Tongatapu', '02', 206),
(3406, 'Ha', '01', 206),
(3407, 'Vava', '03', 206),
(3408, 'Amasya', '05', 207),
(3409, 'Hatay', '31', 207),
(3410, 'Diyarbakir', '21', 207),
(3411, 'Adana', '81', 207),
(3412, 'Bolu', '14', 207),
(3413, 'Ankara', '68', 207),
(3414, 'Konya', '71', 207),
(3415, 'Bilecik', '11', 207),
(3416, 'Izmir', '35', 207),
(3417, 'Tokat', '60', 207),
(3418, 'Edirne', '22', 207),
(3419, 'Kirsehir', '40', 207),
(3420, 'Van', '65', 207),
(3421, 'Kastamonu', '37', 207),
(3422, 'Sivas', '58', 207),
(3423, 'Denizli', '20', 207),
(3424, 'Kutahya', '43', 207),
(3425, 'Bingol', '12', 207),
(3426, 'Kahramanmaras', '46', 207),
(3427, 'Sanliurfa', '63', 207),
(3428, 'Agri', '04', 207),
(3429, 'Eskisehir', '26', 207),
(3430, 'Malatya', '44', 207),
(3431, 'Adiyaman', '02', 207),
(3432, 'Giresun', '28', 207),
(3433, 'Mus', '49', 207),
(3434, 'Corum', '19', 207),
(3435, 'Erzurum', '25', 207),
(3436, 'Mersin', '32', 207),
(3437, 'Aydin', '09', 207),
(3438, 'Nevsehir', '50', 207),
(3439, 'Manisa', '45', 207),
(3440, 'Canakkale', '17', 207),
(3441, 'Ordu', '52', 207),
(3442, 'Yozgat', '66', 207),
(3443, 'Tunceli', '62', 207),
(3444, 'Mardin', '72', 207),
(3445, 'Sinop', '57', 207),
(3446, 'Antalya', '07', 207),
(3447, 'Erzincan', '24', 207),
(3448, 'Artvin', '08', 207),
(3449, 'Sakarya', '54', 207),
(3450, 'Afyonkarahisar', '03', 207),
(3451, 'Bursa', '16', 207),
(3452, 'Trabzon', '61', 207),
(3453, 'Tekirdag', '59', 207),
(3454, 'Kilis', '90', 207),
(3455, 'Gaziantep', '83', 207),
(3456, 'Sirnak', '80', 207),
(3457, 'Balikesir', '10', 207),
(3458, 'Elazig', '23', 207),
(3459, 'Ardahan', '86', 207),
(3460, 'Batman', '76', 207),
(3461, 'Kayseri', '38', 207),
(3462, 'Kocaeli', '41', 207),
(3463, 'Samsun', '55', 207),
(3464, 'Isparta', '33', 207),
(3465, 'Mugla', '48', 207),
(3466, 'Bitlis', '13', 207),
(3467, 'Rize', '53', 207),
(3468, 'Hakkari', '70', 207),
(3469, 'Istanbul', '34', 207),
(3470, 'Karaman', '78', 207),
(3471, 'Igdir', '88', 207),
(3472, 'Nigde', '73', 207),
(3473, 'Usak', '64', 207),
(3474, 'Siirt', '74', 207),
(3475, 'Kirklareli', '39', 207),
(3476, 'Burdur', '15', 207),
(3477, 'Gumushane', '69', 207),
(3478, 'Osmaniye', '91', 207),
(3479, 'Yalova', '92', 207),
(3480, 'Kars', '84', 207),
(3481, 'Tobago', '11', 208),
(3482, 'Caroni', '02', 208),
(3483, 'Saint David', '07', 208),
(3484, 'Arima', '01', 208),
(3485, 'Saint George', '08', 208),
(3486, 'Saint Patrick', '09', 208),
(3487, 'Victoria', '12', 208),
(3488, 'Nariva', '04', 208),
(3489, 'Port-of-Spain', '05', 208),
(3490, 'Saint Andrew', '06', 208),
(3491, 'Mayaro', '03', 208),
(3492, 'San Fernando', '10', 208),
(3493, '', '00', 209),
(3494, 'T\'ai-wan', '04', 210),
(3495, 'T\'ai-pei', '03', 210),
(3496, 'Fu-chien', '01', 210),
(3497, 'Kao-hsiung', '02', 210),
(3498, '', '00', 211),
(3499, 'Tabora', '17', 211),
(3500, 'Manyara', '27', 211),
(3501, 'Mtwara', '11', 211),
(3502, 'Lindi', '07', 211),
(3503, 'Ruvuma', '14', 211),
(3504, 'Iringa', '04', 211),
(3505, 'Tanga', '18', 211),
(3506, 'Pemba South', '20', 211),
(3507, 'Kagera', '19', 211),
(3508, 'Arusha', '26', 211),
(3509, 'Mwanza', '12', 211),
(3510, 'Kilimanjaro', '06', 211),
(3511, 'Pwani', '02', 211),
(3512, 'Zanzibar Central', '21', 211),
(3513, 'Dodoma', '03', 211),
(3514, 'Shinyanga', '15', 211),
(3515, 'Zanzibar Urban', '25', 211),
(3516, 'Pemba North', '13', 211),
(3517, 'Mara', '08', 211),
(3518, 'Dar es Salaam', '23', 211),
(3519, 'Zanzibar North', '22', 211),
(3520, 'Mbeya', '09', 211),
(3521, 'Singida', '16', 211),
(3522, 'Kigoma', '05', 211),
(3523, 'Morogoro', '10', 211),
(3524, 'Rukwa', '24', 211),
(3525, 'Krym', '11', 212),
(3526, 'Odes\'ka Oblast\'', '17', 212),
(3527, 'Kharkivs\'ka Oblast\'', '07', 212),
(3528, 'Poltavs\'ka Oblast\'', '18', 212),
(3529, 'Kyyivs\'ka Oblast\'', '13', 212),
(3530, 'Zakarpats\'ka Oblast\'', '25', 212),
(3531, 'Sums\'ka Oblast\'', '21', 212),
(3532, 'Donets\'ka Oblast\'', '05', 212),
(3533, 'Khersons\'ka Oblast\'', '08', 212),
(3534, 'L\'vivs\'ka Oblast\'', '15', 212),
(3535, 'Cherkas\'ka Oblast\'', '01', 212),
(3536, 'Vinnyts\'ka Oblast\'', '23', 212),
(3537, 'Rivnens\'ka Oblast\'', '19', 212),
(3538, 'Khmel\'nyts\'ka Oblast\'', '09', 212);
INSERT INTO `regions` (`id`, `name`, `code`, `country_id`) VALUES
(3539, 'Chernihivs\'ka Oblast\'', '02', 212),
(3540, 'Dnipropetrovs\'ka Oblast\'', '04', 212),
(3541, 'Mykolayivs\'ka Oblast\'', '16', 212),
(3542, 'Ternopil\'s\'ka Oblast\'', '22', 212),
(3543, 'Zhytomyrs\'ka Oblast\'', '27', 212),
(3544, 'Chernivets\'ka Oblast\'', '03', 212),
(3545, 'Luhans\'ka Oblast\'', '14', 212),
(3546, 'Sevastopol\'', '20', 212),
(3547, 'Kirovohrads\'ka Oblast\'', '10', 212),
(3548, 'Ivano-Frankivs\'ka Oblast\'', '06', 212),
(3549, 'Zaporiz\'ka Oblast\'', '26', 212),
(3550, 'Volyns\'ka Oblast\'', '24', 212),
(3551, '', '00', 212),
(3552, 'Nebbi', '58', 213),
(3553, 'Katakwi', '69', 213),
(3554, 'Lira', '47', 213),
(3555, 'Apac', '26', 213),
(3556, 'Kaberamaido', '80', 213),
(3557, 'Arua', '77', 213),
(3558, 'Soroti', '95', 213),
(3559, 'Tororo', '76', 213),
(3560, 'Gulu', '30', 213),
(3561, 'Pallisa', '60', 213),
(3562, 'Pader', '92', 213),
(3563, 'Kumi', '46', 213),
(3564, 'Adjumani', '65', 213),
(3565, 'Kotido', '45', 213),
(3566, 'Kitgum', '84', 213),
(3567, 'Masindi', '50', 213),
(3568, 'Mbarara', '52', 213),
(3569, '', '34', 213),
(3570, 'Bundibugyo', '28', 213),
(3571, 'Nakapiripirit', '91', 213),
(3572, 'Moroto', '88', 213),
(3573, 'Moyo', '72', 213),
(3574, 'Mbale', '87', 213),
(3575, 'Yumbe', '97', 213),
(3576, 'Kapchorwa', '39', 213),
(3577, 'Nakasongola', '73', 213),
(3578, 'Mubende', '56', 213),
(3579, 'Kisoro', '43', 213),
(3580, 'Iganga', '78', 213),
(3581, 'Kayunga', '83', 213),
(3582, 'Mukono', '90', 213),
(3583, 'Mpigi', '89', 213),
(3584, 'Kamuli', '38', 213),
(3585, 'Luwero', '70', 213),
(3586, 'Masaka', '71', 213),
(3587, 'Rakai', '61', 213),
(3588, 'Kalangala', '36', 213),
(3589, 'Kibale', '41', 213),
(3590, 'Bugiri', '66', 213),
(3591, 'Wakiso', '96', 213),
(3592, 'Kiboga', '42', 213),
(3593, 'Kampala', '37', 213),
(3594, 'Mayuge', '86', 213),
(3595, 'Kyenjojo', '85', 213),
(3596, 'Rukungiri', '93', 213),
(3597, 'Bushenyi', '29', 213),
(3598, 'Hoima', '31', 213),
(3599, 'Kamwenge', '81', 213),
(3600, 'Kabarole', '79', 213),
(3601, 'Sironko', '94', 213),
(3602, 'Kasese', '40', 213),
(3603, 'Sembabule', '74', 213),
(3604, '', '62', 213),
(3605, 'Jinja', '33', 213),
(3606, 'Busia', '67', 213),
(3607, 'Ntungamo', '59', 213),
(3608, 'Kanungu', '82', 213),
(3609, '', '35', 213),
(3610, 'Alabama', 'AL', 230),
(3611, 'Alaska', 'AK', 230),
(3612, 'American Samoa', 'AS', 230),
(3613, 'Arizona', 'AZ', 230),
(3614, 'Arkansas', 'AR', 230),
(3615, 'California', 'CA', 230),
(3616, 'Colorado', 'CO', 230),
(3617, 'Connecticut', 'CT', 230),
(3618, 'Delaware', 'DE', 230),
(3619, 'District of Columbia', 'DC', 230),
(3620, 'Florida', 'FL', 230),
(3621, 'Georgia', 'GA', 230),
(3622, 'Guam', 'GU', 230),
(3623, 'Hawaii', 'HI', 230),
(3624, 'Idaho', 'ID', 230),
(3625, 'Illinois', 'IL', 230),
(3626, 'Indiana', 'IN', 230),
(3627, 'Iowa', 'IA', 230),
(3628, 'Kansas', 'KS', 230),
(3629, 'Kentucky', 'KY', 230),
(3630, 'Louisiana', 'LA', 230),
(3631, 'Maine', 'ME', 230),
(3632, 'Marshall Islands', 'MH', 230),
(3633, 'Maryland', 'MD', 230),
(3634, 'Massachusetts', 'MA', 230),
(3635, 'Michigan', 'MI', 230),
(3636, 'Federated States of Micronesia', 'FM', 230),
(3637, 'Minnesota', 'MN', 230),
(3638, 'Mississippi', 'MS', 230),
(3639, 'Missouri', 'MO', 230),
(3640, 'Montana', 'MT', 230),
(3641, 'Nebraska', 'NE', 230),
(3642, 'Nevada', 'NV', 230),
(3643, 'New Hampshire', 'NH', 230),
(3644, 'New Jersey', 'NJ', 230),
(3645, 'New Mexico', 'NM', 230),
(3646, 'New York', 'NY', 230),
(3647, 'North Carolina', 'NC', 230),
(3648, 'North Dakota', 'ND', 230),
(3649, 'Northern Mariana Islands', 'MP', 230),
(3650, 'Ohio', 'OH', 230),
(3651, 'Oklahoma', 'OK', 230),
(3652, 'Oregon', 'OR', 230),
(3653, 'Palau', 'PW', 230),
(3654, 'Pennsylvania', 'PA', 230),
(3655, 'Puerto Rico', 'PR', 230),
(3656, 'Rhode Island', 'RI', 230),
(3657, 'South Carolina', 'SC', 230),
(3658, 'South Dakota', 'SD', 230),
(3659, 'Tennessee', 'TN', 230),
(3660, 'Texas', 'TX', 230),
(3661, 'Utah', 'UT', 230),
(3662, 'Vermont', 'VT', 230),
(3663, 'Virgin Islands', 'VI', 230),
(3664, 'Virginia', 'VA', 230),
(3665, 'Washington', 'WA', 230),
(3666, 'West Virginia', 'WV', 230),
(3667, 'Wisconsin', 'WI', 230),
(3668, 'Wyoming', 'WY', 230),
(3669, 'Rocha', '14', 214),
(3670, 'Florida', '07', 214),
(3671, 'Montevideo', '10', 214),
(3672, 'Rivera', '13', 214),
(3673, 'Cerro Largo', '03', 214),
(3674, 'Tacuarembo', '18', 214),
(3675, 'Lavalleja', '08', 214),
(3676, 'Treinta y Tres', '19', 214),
(3677, 'Soriano', '17', 214),
(3678, 'Durazno', '05', 214),
(3679, 'Canelones', '02', 214),
(3680, 'Flores', '06', 214),
(3681, 'Maldonado', '09', 214),
(3682, 'Salto', '15', 214),
(3683, 'Rio Negro', '12', 214),
(3684, 'Artigas', '01', 214),
(3685, 'Paysandu', '11', 214),
(3686, 'Colonia', '04', 214),
(3687, 'San Jose', '16', 214),
(3688, 'Khorazm', '05', 215),
(3689, 'Qashqadaryo', '08', 215),
(3690, 'Samarqand', '10', 215),
(3691, 'Andijon', '01', 215),
(3692, 'Jizzax', '15', 215),
(3693, 'Toshkent', '14', 215),
(3694, 'Surkhondaryo', '12', 215),
(3695, 'Qoraqalpoghiston', '09', 215),
(3696, 'Nawoiy', '07', 215),
(3697, '', '16', 215),
(3698, 'Namangan', '06', 215),
(3699, 'Farghona', '03', 215),
(3700, 'Bukhoro', '02', 215),
(3701, 'Toshkent', '13', 215),
(3702, '', '00', 215),
(3703, 'Charlotte', '01', 216),
(3704, 'Saint George', '04', 216),
(3705, 'Grenadines', '06', 216),
(3706, 'Saint Patrick', '05', 216),
(3707, 'Saint Andrew', '02', 216),
(3708, 'Saint David', '03', 216),
(3709, 'Falcon', '11', 217),
(3710, 'Apure', '03', 217),
(3711, 'Bolivar', '06', 217),
(3712, 'Tachira', '20', 217),
(3713, 'Miranda', '15', 217),
(3714, 'Guarico', '12', 217),
(3715, 'Anzoategui', '02', 217),
(3716, 'Nueva Esparta', '17', 217),
(3717, 'Portuguesa', '18', 217),
(3718, 'Sucre', '19', 217),
(3719, 'Barinas', '05', 217),
(3720, 'Lara', '13', 217),
(3721, 'Zulia', '23', 217),
(3722, 'Merida', '14', 217),
(3723, 'Carabobo', '07', 217),
(3724, 'Cojedes', '08', 217),
(3725, 'Aragua', '04', 217),
(3726, 'Yaracuy', '22', 217),
(3727, 'Amazonas', '01', 217),
(3728, 'Monagas', '16', 217),
(3729, 'Trujillo', '21', 217),
(3730, 'Vargas', '26', 217),
(3731, '', '99', 217),
(3732, 'Delta Amacuro', '09', 217),
(3733, 'Distrito Federal', '25', 217),
(3734, 'Dependencias Federales', '24', 217),
(3735, '', '00', 218),
(3736, '', '00', 219),
(3737, '', '36', 220),
(3738, '', '29', 220),
(3739, '', '04', 220),
(3740, '', '22', 220),
(3741, '', '07', 220),
(3742, 'Thanh Hoa', '34', 220),
(3743, '', '11', 220),
(3744, '', '15', 220),
(3745, 'Quang Nam', '84', 220),
(3746, 'Son La', '32', 220),
(3747, '', '06', 220),
(3748, '', '19', 220),
(3749, '', '38', 220),
(3750, '', '26', 220),
(3751, 'Tay Ninh', '33', 220),
(3752, '', '27', 220),
(3753, 'Thai Binh', '35', 220),
(3754, 'Kien Giang', '21', 220),
(3755, 'Dong Thap', '09', 220),
(3756, '', '10', 220),
(3757, '', '31', 220),
(3758, '', '41', 220),
(3759, '', '28', 220),
(3760, '', '12', 220),
(3761, 'Soc Trang', '65', 220),
(3762, '', '16', 220),
(3763, '', '14', 220),
(3764, 'Ben Tre', '03', 220),
(3765, 'Ho Chi Minh', '20', 220),
(3766, 'Tra Vinh', '67', 220),
(3767, 'Hai Phong', '13', 220),
(3768, 'Cao Bang', '05', 220),
(3769, 'An Giang', '01', 220),
(3770, '', '02', 220),
(3771, '', '40', 220),
(3772, 'Nghe An', '58', 220),
(3773, 'Gia Lai', '49', 220),
(3774, 'Lam Dong', '23', 220),
(3775, 'Binh Dinh', '46', 220),
(3776, 'Binh Phuoc', '76', 220),
(3777, 'Lang Son', '39', 220),
(3778, 'Tien Giang', '37', 220),
(3779, 'Long An', '24', 220),
(3780, 'Ninh Thuan', '60', 220),
(3781, 'Quang Ninh', '30', 220),
(3782, 'Bac Lieu', '73', 220),
(3783, 'Ca Mau', '77', 220),
(3784, '', '25', 220),
(3785, '', '48', 220),
(3786, 'Binh Duong', '75', 220),
(3787, 'Binh Thuan', '47', 220),
(3788, 'Vinh Long', '69', 220),
(3789, 'Dong Nai', '43', 220),
(3790, '', '17', 220),
(3791, 'Bac Kan', '72', 220),
(3792, 'Bac Giang', '71', 220),
(3793, 'Thua Thien-Hue', '66', 220),
(3794, 'Bac Ninh', '74', 220),
(3795, 'Ha Giang', '50', 220),
(3796, 'Tuyen Quang', '68', 220),
(3797, 'Thai Nguyen', '85', 220),
(3798, 'Da Nang', '78', 220),
(3799, 'Khanh Hoa', '54', 220),
(3800, 'Ba Ria-Vung Tau', '45', 220),
(3801, 'Quang Ngai', '63', 220),
(3802, '', '56', 220),
(3803, 'Ha Nam', '80', 220),
(3804, 'Phu Yen', '61', 220),
(3805, 'Quang Binh', '62', 220),
(3806, 'Phu Tho', '83', 220),
(3807, 'Quang Tri', '64', 220),
(3808, 'Ha Tinh', '52', 220),
(3809, 'Kon Tum', '55', 220),
(3810, '', '51', 220),
(3811, 'Yen Bai', '70', 220),
(3812, 'Ninh Binh', '59', 220),
(3813, 'Nam Dinh', '82', 220),
(3814, 'Hai Duong', '79', 220),
(3815, 'Ha Noi', '44', 220),
(3816, 'Hoa Binh', '53', 220),
(3817, 'Hung Yen', '81', 220),
(3818, 'Vinh Phuc', '86', 220),
(3819, 'Sanma', '13', 221),
(3820, 'Aoba', '06', 221),
(3821, 'Shepherd', '14', 221),
(3822, 'Malakula', '10', 221),
(3823, 'Pentecote', '12', 221),
(3824, 'Torba', '07', 221),
(3825, 'Efate', '08', 221),
(3826, 'Tafea', '15', 221),
(3827, 'Ambrym', '05', 221),
(3828, 'Epi', '09', 221),
(3829, 'Paama', '11', 221),
(3830, '', '00', 222),
(3831, '', '00', 223),
(3832, 'Lahij', '06', 224),
(3833, 'Sa\'dah', '15', 224),
(3834, 'Al Hudaydah', '08', 224),
(3835, 'Ma\'rib', '14', 224),
(3836, 'Al Bayda\'', '07', 224),
(3837, 'Dhamar', '11', 224),
(3838, 'San\'a\'', '16', 224),
(3839, 'Al Mahrah', '03', 224),
(3840, 'Hadramawt', '04', 224),
(3841, 'Taizz', '17', 224),
(3842, 'Hajjah', '12', 224),
(3843, 'Abyan', '01', 224),
(3844, 'Ibb', '13', 224),
(3845, 'Adan', '02', 224),
(3846, 'Al Mahwit', '10', 224),
(3847, 'Al Jawf', '09', 224),
(3848, '', '00', 224),
(3849, '', '00', 225),
(3850, 'Western Cape', '11', 226),
(3851, 'Eastern Cape', '05', 226),
(3852, 'Mpumalanga', '07', 226),
(3853, 'Free State', '03', 226),
(3854, 'North-West', '10', 226),
(3855, 'Limpopo', '09', 226),
(3856, 'KwaZulu-Natal', '02', 226),
(3857, 'North-Western Province', '01', 226),
(3858, 'Gauteng', '06', 226),
(3859, 'Northern Cape', '08', 226),
(3860, '', '04', 226),
(3861, 'Southern', '07', 227),
(3862, 'North-Western', '06', 227),
(3863, 'Northern', '05', 227),
(3864, 'Western', '01', 227),
(3865, 'Eastern', '03', 227),
(3866, 'Copperbelt', '08', 227),
(3867, 'Luapula', '04', 227),
(3868, 'Central', '02', 227),
(3869, 'Lusaka', '09', 227),
(3870, '', '02', 228),
(3871, '', '09', 228),
(3872, '', '00', 228),
(3873, '', '11', 228),
(3874, '', '07', 228),
(3875, '', '10', 228),
(3876, '', '01', 228),
(3877, '', '03', 228),
(3878, '', '05', 228),
(3879, '', '12', 228),
(3880, '', '08', 228),
(3881, '', '04', 228),
(3882, '', '06', 228),
(3883, 'Matabeleland North', '06', 229),
(3884, 'Mashonaland East', '04', 229),
(3885, 'Mashonaland Central', '03', 229),
(3886, 'Matabeleland South', '07', 229),
(3887, '', '00', 229),
(3888, 'Masvingo', '08', 229);

-- --------------------------------------------------------

--
-- Table structure for table `share_images`
--

CREATE TABLE `share_images` (
  `id` int(10) UNSIGNED NOT NULL,
  `user_id` int(11) NOT NULL,
  `project_id` int(11) DEFAULT NULL,
  `image_id` int(11) DEFAULT NULL,
  `recipient_id` longtext COLLATE utf8mb4_unicode_ci NOT NULL,
  `fist_name` varchar(50) COLLATE utf8mb4_unicode_ci DEFAULT NULL,
  `last_name` varchar(50) COLLATE utf8mb4_unicode_ci DEFAULT NULL,
  `email` varchar(191) COLLATE utf8mb4_unicode_ci NOT NULL,
  `address` longtext COLLATE utf8mb4_unicode_ci,
  `city` varchar(100) COLLATE utf8mb4_unicode_ci DEFAULT NULL,
  `state` varchar(100) COLLATE utf8mb4_unicode_ci DEFAULT NULL,
  `zip` varchar(50) COLLATE utf8mb4_unicode_ci DEFAULT NULL,
  `invoice_no` varchar(191) COLLATE utf8mb4_unicode_ci DEFAULT NULL,
  `invoice_date` varchar(191) COLLATE utf8mb4_unicode_ci DEFAULT NULL,
  `description` longtext COLLATE utf8mb4_unicode_ci,
  `amount` longtext COLLATE utf8mb4_unicode_ci,
  `amount_type` longtext COLLATE utf8mb4_unicode_ci,
  `massage` longtext COLLATE utf8mb4_unicode_ci,
  `buy_status` int(11) NOT NULL DEFAULT '0',
  `delete_after` varchar(191) COLLATE utf8mb4_unicode_ci DEFAULT NULL,
  `project_password` longtext COLLATE utf8mb4_unicode_ci NOT NULL,
  `include_condition` varchar(191) COLLATE utf8mb4_unicode_ci DEFAULT NULL,
  `send_as` varchar(191) COLLATE utf8mb4_unicode_ci DEFAULT NULL,
  `password_protect` enum('0','1') COLLATE utf8mb4_unicode_ci DEFAULT NULL,
  `buy_amount` varchar(191) COLLATE utf8mb4_unicode_ci NOT NULL,
  `service_fees` varchar(100) COLLATE utf8mb4_unicode_ci DEFAULT NULL COMMENT 'service feed 5% of total project cost',
  `status` int(11) NOT NULL DEFAULT '0',
  `paid_status` enum('0','1') COLLATE utf8mb4_unicode_ci DEFAULT '0',
  `view_status` enum('0','1') COLLATE utf8mb4_unicode_ci NOT NULL DEFAULT '0',
  `watermark_preview` enum('0','1') COLLATE utf8mb4_unicode_ci DEFAULT NULL,
  `download_status` enum('0','1') COLLATE utf8mb4_unicode_ci NOT NULL DEFAULT '0',
  `share_status` enum('0','1') COLLATE utf8mb4_unicode_ci NOT NULL DEFAULT '0',
  `created_at` timestamp NULL DEFAULT NULL,
  `updated_at` timestamp NULL DEFAULT NULL
) ENGINE=InnoDB DEFAULT CHARSET=utf8mb4 COLLATE=utf8mb4_unicode_ci;

--
-- Dumping data for table `share_images`
--

INSERT INTO `share_images` (`id`, `user_id`, `project_id`, `image_id`, `recipient_id`, `fist_name`, `last_name`, `email`, `address`, `city`, `state`, `zip`, `invoice_no`, `invoice_date`, `description`, `amount`, `amount_type`, `massage`, `buy_status`, `delete_after`, `project_password`, `include_condition`, `send_as`, `password_protect`, `buy_amount`, `service_fees`, `status`, `paid_status`, `view_status`, `watermark_preview`, `download_status`, `share_status`, `created_at`, `updated_at`) VALUES
(1, 45, 41, 41, '9AzEz2MpfP', 'Jaiendra', 'Rajawat', 'jailendrarajawat@virtualemployee.com', '8 prospect st', 'Topsfield', 'Massachusetts', '01983', '1212321', '1994-11-02', '[\"video\",\"images\"]', '[\"50\",\"50\"]', '[\"USD\",\"USD\"]', 'test', 1, '1', '$2y$10$in2Nw7iKSvy.1TgaP8xsbuyN7iUONNOBGDOJBAYUnDj8Otp27p1vK', '1', 'link', '1', '100', NULL, 1, '1', '1', '0', '0', '0', '2019-11-25 02:53:31', '2019-11-25 02:54:55'),
(2, 45, 42, 42, 'bWjAguIpCu', 'Jaiendra', 'Rajawat', 'jailendrarajawat@virtualemployee.com', '8 prospect st', 'Topsfield', 'Massachusetts', '01983', 'fasd', '1993-11-02', '[\"First\",\"Second\"]', '[\"50\",\"50\"]', '[\"USD\",\"USD\"]', 'f', 1, '1', '$2y$10$ByNgZcbYj7iKynvgczwrp.IR6Ae5yjDzmpo5TYDVbKkyllkOwc7rS', '1', 'link', '1', '100', NULL, 1, '1', '1', '0', '0', '0', '2019-11-25 03:03:22', '2019-11-25 03:28:19'),
(3, 45, 43, 43, 'jYiL9ivGSB', 'Jaiendra', 'Rajawat', 'jailendrarajawat@virtualemployee.com', '8 prospect st', 'Topsfield', 'Massachusetts', '01983', 'ddas', '2019-11-01', '[\"first\",\"second\"]', '[\"1000\",\"1000\"]', '[\"USD\",\"USD\"]', 'dffs', 1, '1', '$2y$10$0pardE2M3nBdCjGrFfOC3.2sTiBev8R.9rAVRkUa8ppX563EVX.SO', '1', 'link', '1', '2000', NULL, 1, '1', '1', '0', '0', '0', '2019-11-26 00:18:06', '2019-11-26 00:43:25'),
(4, 45, 44, 44, 'htRZZiQtNg', 'Jaiendra', 'Rajawat', 'jailendrarajawat@virtualemployee.com', '8 prospect st', 'Topsfield', 'Massachusetts', '01983', 'das', '1994-11-02', '[\"first\",\"second\"]', '[\"25\",\"25\"]', '[\"USD\",\"USD\"]', 'dsd', 1, '1', '$2y$10$P1T9eHABeNV2zJ6TCDqAguUgkFC98yjc4/gXkhy2spU43WFXxlgmO', '1', 'link', '1', '50', NULL, 1, '1', '1', '0', '0', '0', '2019-11-26 03:28:04', '2019-11-26 03:44:03'),
(5, 45, 45, 45, 'PdZ4qaftR2', 'Jaiendra', 'Rajawat', 'jailendrarajawat@virtualemployee.com', '8 prospect st', 'Topsfield', 'Massachusetts', '01983', 'dsa', '2019-11-26', '[\"first\",\"second\"]', '[\"5\",\"5\"]', '[\"USD\",\"USD\"]', 'sd', 1, '1', '$2y$10$svA3bRt51QCRwGg/T8K7u.4xhCcRDQNYN1Gd99sBj8JILBTEx2QNq', '1', 'link', '1', '10', NULL, 1, '1', '1', '0', '0', '0', '2019-11-26 03:45:09', '2019-11-26 03:46:53'),
(6, 45, 46, 46, '71n1H13Cva', 'Jailendra', 'Rajaway', 'jailedrarajawat@virtualemployee.com', 'Noida', 'Noida', 'Western Australia', '6000', 'das', '2019-11-29', '[\"first\",\"second\"]', '[\"50\",\"50\"]', '[\"USD\",\"USD\"]', 'd', 1, '1', '$2y$10$aZKDyhmizchC/asRtPJNP.nA3ukXSY5KgOIdC.OkgCkxVz0R6dEb2', '1', 'link', '1', '100', NULL, 1, '1', '1', '0', '0', '0', '2019-11-28 19:20:22', '2019-11-28 20:22:41'),
(7, 45, 51, 51, 'G6eP5ofXIW', 'Jailendra', 'Rajaway', 'jailedrarajawat@virtualemployee.com', 'Noida', 'Noida', 'Western Australia', '6000', 'dad', '1994-02-02', '[\"Project Amount\"]', '[\"100\"]', '[\"USD\"]', 'dsad', 1, '1', '$2y$10$ybCZLudz8MONHw.ySRs/2OvpNp/p4uzKypiPVcksQNbfvhpq4fQsy', '1', 'link', '1', '100', NULL, 1, '1', '1', '0', '0', '0', '2019-11-29 00:09:51', '2019-11-29 00:47:44'),
(8, 45, 52, 52, '4EetPRZ9Sl', 'Jailendra', 'Rajaway', 'h@email.com', 'Noida', 'Noida', 'Western Australia', '6000', '12345', '1994-11-02', '[\"video\",\"image\",\"pdf\"]', '[\"100\",\"100\",\"100\"]', '[\"USD\",\"USD\",\"USD\"]', 'Hello testing', 1, '1', '$2y$10$1O0Gnc.3sPxTPu13sGU/M.VwNzIbgT31TcrW.sfj3gHSl0aWVJYgS', '1', 'link', '1', '300', NULL, 1, '1', '1', '0', '0', '0', '2019-11-29 00:51:29', '2019-11-29 00:54:51'),
(9, 45, 48, 48, 'klJCilZclt', 'Jailendra', 'Rajaway', 'jailedrarajawat@virtualemployee.com', 'Noida', 'Noida', 'Western Australia', '6000', 'gsdfs', '1994-11-02', '[\"first\",\"second\"]', '[\"50\",\"50\"]', '[\"USD\",\"USD\"]', 'g', 1, '1', '$2y$10$jrGUQldO0in0D/vFXyaAjOWBJEHteHtL5.0mcsY4WxS5urqbOZXw6', '1', 'link', '1', '100', '5', 1, '1', '1', '0', '0', '0', '2019-12-02 20:54:26', '2019-12-02 23:14:32'),
(10, 45, 53, 53, 'UQTzaEX6Ov', 'Jailendra', 'Rajaway', 'jailendrarajawat@virtualemployee.com', 'Noida', 'Noida', 'Western Australia', '6000', 'dsd', '2019-12-03', '[\"first\",\"second\"]', '[\"100\",\"100\"]', '[\"USD\",\"USD\"]', 'fdsffd', 1, '1', '$2y$10$wcrDIKW8R/pQIy8CWqKaTOTaV2BjUQzH0xvHbpIqFt4UaCOu8yavG', '1', 'link', '1', '200', '10', 1, '1', '1', '0', '0', '0', '2019-12-02 23:16:11', '2019-12-02 23:20:50'),
(11, 45, 50, 50, 'DzSe9MLTg0', 'Jailendra', 'Rajaway', 'jailendrarajawat@virtualemployee.com', 'Noida', 'Noida', 'Western Australia', '6000', 'fg', '2019-12-06', '[\"first\",\"second\",\"third\"]', '[\"50\",\"50\",\"50\"]', '[\"USD\",\"USD\",\"USD\"]', 'gfd', 1, '1', '$2y$10$3AHePb9hJfG/BCo/BmokxuIaUKZ52r/.FL0g7QC7FTjTkukrmkOF.', '1', 'link', '1', '150', '7.5', 1, '1', '1', '0', '0', '0', '2019-12-05 19:37:53', '2019-12-05 22:43:44'),
(12, 45, 54, 54, 'JDoqFwrkLW', 'Jailendra', 'Rajaway', 'jailendrarajawat@virtualemployee.com', 'Noida', 'Noida', 'Western Australia', '6000', 'dsa', '2019-12-06', '[\"ds\",\"dsd\"]', '[\"50\",\"50\"]', '[\"USD\",\"USD\"]', 'd', 1, '1', '$2y$10$JM.H6Jergzac4O89OcqgDuqfvjiAtt8BzLPzjNaiDQrZ5/XLprsIa', '1', 'link', '1', '100', '5', 1, '1', '1', '0', '0', '0', '2019-12-05 22:46:36', '2019-12-05 22:47:18'),
(13, 50, 55, 55, 'FoCQ5q19R1', 'Jailendra', 'Rajaway', 'jailendrarajawat@virtualemployee.com', 'Noida', 'Noida', 'Western Australia', '6000', 'sadasdS', '2019-12-17', '[\"first\",\"second\"]', '[\"50\",\"50\"]', '[\"USD\",\"USD\"]', 'test', 1, '1', '$2y$10$actC9d6CYpJRWJP72AuK2Ou406SnSJVNjrIvXEdt7a/SMrVrbDmxW', '1', 'link', '1', '100', '5', 1, '1', '1', '0', '0', '0', '2019-12-16 19:18:24', '2019-12-16 20:25:53'),
(14, 55, 66, 66, 'LWKTQKtEqA', 'Jailendra', 'Rajawat', 'jailedrarajawat@virtualemployee.com', 'Noida', 'Noida', 'Western Australia', '6000', 'dads', '2020-02-01', '[\"images\"]', '[\"100\"]', '[\"USD\"]', 'asd', 0, '1', '$2y$10$J5qnyWphFuxwFyyaVt5MPOFZRAVfTJE9AI/WUJM4o/4GOp.QqekLa', '1', 'link', '1', '100', '5', 1, '0', '1', '0', '0', '0', '2020-02-05 20:18:03', '2020-02-05 20:33:29'),
(15, 86, 69, 69, 'PcdHM3aFcz', 'Ashlynn', 'Stirewalt', 'ashlynnstirewalt@gmail.com', NULL, NULL, NULL, NULL, '1234', '2022-02-13', '[\"Setup\",\"Processing\"]', '[\"5\",\"5\"]', '[\"USD\",\"USD\"]', 'Thanks for your business', 0, '1', '$2y$10$gACMZzy7blPuxPqVXx66ResoM4UEB8YyBf.2K21xdRMNwDhTOjIK2', '1', 'email', '0', '10', NULL, 0, '0', '0', '0', '0', '0', '2022-02-13 22:27:56', '2022-02-13 22:27:56'),
(16, 86, 69, 69, 'iCNFphkQqo', 'Ashlynn', 'Stirewalt', 'ashlynnstirewalt@gmail.com', NULL, NULL, NULL, NULL, '1234', '2022-02-13', '[\"Setup\",\"Processing\"]', '[\"5\",\"5\"]', '[\"USD\",\"USD\"]', 'Thanks for your business', 0, '1', '$2y$10$FfPC7BZ4LB739ck7LCbGuO2L6Mh2raeJHa5F918Y/11RTWNq7oCji', '1', 'link', '0', '10', NULL, 0, '0', '0', '0', '0', '0', '2022-02-13 22:28:46', '2022-02-13 22:28:46'),
(17, 86, 69, 69, 'SJJx9Fo0kY', 'Ashlynn', 'Stirewalt', 'ashlynnstirewalt@gmail.com', NULL, NULL, NULL, NULL, '1234', '2022-02-13', '[\"Setup\",\"Processing\"]', '[null,null]', '[\"USD\",\"USD\"]', 'Thanks for your business', 1, '1', '$2y$10$yEVxQ4Eaa1HKuIGClD2TIuQ5YQy41sbDk061gnVcEScG9mOE.MaTm', '1', 'link', '1', '0', NULL, 0, '0', '0', '0', '0', '0', '2022-02-13 22:34:18', '2022-02-13 22:34:18');

-- --------------------------------------------------------

--
-- Table structure for table `social_facebook_accounts`
--

CREATE TABLE `social_facebook_accounts` (
  `id` int(10) UNSIGNED NOT NULL,
  `created_at` timestamp NULL DEFAULT NULL,
  `updated_at` timestamp NULL DEFAULT NULL
) ENGINE=InnoDB DEFAULT CHARSET=utf8mb4 COLLATE=utf8mb4_unicode_ci;

-- --------------------------------------------------------

--
-- Table structure for table `subscriptions`
--

CREATE TABLE `subscriptions` (
  `id` int(10) UNSIGNED NOT NULL,
  `user_id` int(10) UNSIGNED NOT NULL,
  `name` varchar(191) COLLATE utf8mb4_unicode_ci NOT NULL,
  `stripe_id` varchar(191) COLLATE utf8mb4_unicode_ci NOT NULL,
  `stripe_plan` varchar(191) COLLATE utf8mb4_unicode_ci NOT NULL,
  `quantity` int(11) NOT NULL,
  `object` varchar(22) COLLATE utf8mb4_unicode_ci NOT NULL DEFAULT 'subscription',
  `application_fee_percent` decimal(6,2) DEFAULT NULL,
  `cancel_at_period_end` tinyint(1) DEFAULT '0',
  `created_at` timestamp NULL DEFAULT NULL,
  `canceled_at` timestamp NULL DEFAULT NULL,
  `current_period_end` timestamp NULL DEFAULT NULL,
  `current_period_start` timestamp NULL DEFAULT NULL,
  `customer` varchar(255) COLLATE utf8mb4_unicode_ci DEFAULT NULL,
  `discount` varchar(255) COLLATE utf8mb4_unicode_ci DEFAULT NULL,
  `ended_at` timestamp NULL DEFAULT NULL,
  `livemode` tinyint(1) DEFAULT '0',
  `metadata` varchar(255) COLLATE utf8mb4_unicode_ci DEFAULT NULL,
  `start` timestamp NULL DEFAULT NULL,
  `status` varchar(255) COLLATE utf8mb4_unicode_ci DEFAULT NULL,
  `tax_percent` decimal(6,2) DEFAULT NULL,
  `trial_ends_at` timestamp NULL DEFAULT NULL,
  `trial_start_at` timestamp NULL DEFAULT NULL,
  `ends_at` timestamp NULL DEFAULT NULL,
  `created_by` int(11) DEFAULT NULL,
  `updated_at` timestamp NULL DEFAULT NULL,
  `updated_by` int(11) DEFAULT NULL,
  `deleted_at` timestamp NULL DEFAULT NULL,
  `deleted_by` int(11) DEFAULT NULL
) ENGINE=InnoDB DEFAULT CHARSET=utf8mb4 COLLATE=utf8mb4_unicode_ci;

-- --------------------------------------------------------

--
-- Table structure for table `users`
--

CREATE TABLE `users` (
  `id` int(10) UNSIGNED NOT NULL,
  `username` varchar(191) COLLATE utf8mb4_unicode_ci DEFAULT NULL,
  `name` varchar(191) COLLATE utf8mb4_unicode_ci DEFAULT NULL,
  `lastname` varchar(191) COLLATE utf8mb4_unicode_ci DEFAULT NULL,
  `picture` varchar(191) COLLATE utf8mb4_unicode_ci DEFAULT NULL,
  `email` varchar(191) COLLATE utf8mb4_unicode_ci NOT NULL,
  `password` varchar(191) COLLATE utf8mb4_unicode_ci NOT NULL,
  `chosen_payment_id` tinyint(1) DEFAULT NULL,
  `last_payment` varchar(10) COLLATE utf8mb4_unicode_ci DEFAULT NULL,
  `next_payment_before` varchar(10) COLLATE utf8mb4_unicode_ci DEFAULT NULL,
  `connect_id` varchar(120) COLLATE utf8mb4_unicode_ci DEFAULT NULL,
  `stripe_id` varchar(191) COLLATE utf8mb4_unicode_ci DEFAULT NULL,
  `card_brand` varchar(191) COLLATE utf8mb4_unicode_ci DEFAULT NULL,
  `card_last_four` varchar(191) COLLATE utf8mb4_unicode_ci DEFAULT NULL,
  `trial_ends_at` timestamp NULL DEFAULT NULL,
  `active` tinyint(1) NOT NULL DEFAULT '1',
  `status` int(11) DEFAULT NULL,
  `vstatus` enum('0','1') COLLATE utf8mb4_unicode_ci NOT NULL DEFAULT '0',
  `remember_token` varchar(100) COLLATE utf8mb4_unicode_ci DEFAULT NULL,
  `created_at` timestamp NULL DEFAULT NULL,
  `created_by` int(11) DEFAULT NULL,
  `updated_at` timestamp NULL DEFAULT NULL,
  `updated_by` int(11) DEFAULT NULL,
  `deleted_at` timestamp NULL DEFAULT NULL,
  `deleted_by` int(11) DEFAULT NULL
) ENGINE=InnoDB DEFAULT CHARSET=utf8mb4 COLLATE=utf8mb4_unicode_ci;

--
-- Dumping data for table `users`
--

INSERT INTO `users` (`id`, `username`, `name`, `lastname`, `picture`, `email`, `password`, `chosen_payment_id`, `last_payment`, `next_payment_before`, `connect_id`, `stripe_id`, `card_brand`, `card_last_four`, `trial_ends_at`, `active`, `status`, `vstatus`, `remember_token`, `created_at`, `created_by`, `updated_at`, `updated_by`, `deleted_at`, `deleted_by`) VALUES
(16, 'loxa', NULL, NULL, NULL, 'loxacor@temp-link.net', '$2y$10$4LysN51XC2Ead1u6uopkW.MAwIfFQSgcpztv7hVemy/pGcD200s7O', NULL, NULL, NULL, NULL, NULL, NULL, NULL, NULL, 1, NULL, '0', NULL, '2019-09-19 20:37:16', NULL, '2019-09-19 20:37:16', NULL, NULL, NULL),
(17, 'pravin kumar', NULL, NULL, NULL, 'pritiverma1@virtualemployee.com', '$2y$10$ox9bMuEfF/3KLYGfDqb58O/.DNK1bGNCCavYPwdGMtPqZfkTUDlxu', NULL, NULL, NULL, 'acct_1FKmakLWeoRCT0iz', NULL, NULL, NULL, NULL, 1, NULL, '0', NULL, '2019-09-20 03:24:42', NULL, '2019-09-20 03:26:13', NULL, NULL, NULL),
(18, 'Privin Sahu', NULL, NULL, NULL, 'pravinsahu@virtualemployee.com', '$2y$10$2B0GqszF1QqyWgXHz8GI6e2RiVg/HjkMJGKrVRpjmCGCy/7jf0zJa', NULL, NULL, NULL, NULL, NULL, NULL, NULL, NULL, 1, NULL, '0', NULL, '2019-09-26 23:43:38', NULL, '2019-09-26 23:43:38', NULL, NULL, NULL),
(19, 'test user', NULL, NULL, NULL, 'test@email.com', '$2y$10$2B0GqszF1QqyWgXHz8GI6e2RiVg/HjkMJGKrVRpjmCGCy/7jf0zJa', NULL, NULL, NULL, NULL, NULL, NULL, NULL, NULL, 1, NULL, '0', NULL, '2019-09-29 20:24:27', NULL, '2019-09-29 20:24:27', NULL, NULL, NULL),
(20, 'test user1', NULL, NULL, NULL, 'test1@email.com', '$2y$10$2BaU/JnOnxGDeZSp6d93i.FHttbjcUCP59luwBQG/5W/Dq24xm0ky', NULL, NULL, NULL, NULL, NULL, NULL, NULL, NULL, 1, NULL, '0', NULL, '2019-09-29 20:34:35', NULL, '2019-09-29 20:34:35', NULL, NULL, NULL),
(21, 'test user', NULL, NULL, NULL, 'test2@email.com', '$2y$10$rBzGZ9a5JijARc1eTyB9jubnUb8OKNSWhsu.0PxftJkZuNNsjeTYa', NULL, NULL, NULL, NULL, NULL, NULL, NULL, NULL, 1, NULL, '0', NULL, '2019-09-29 20:42:52', NULL, '2019-09-29 20:42:52', NULL, NULL, NULL),
(22, 'test', NULL, NULL, NULL, 'test4@email.com', '$2y$10$Tb3bb5ERWuCVxXp3SNT.6eg93xqdjrlkUEWasVlY6hn552/Wxtby6', NULL, NULL, NULL, NULL, NULL, NULL, NULL, NULL, 1, NULL, '0', NULL, '2019-09-29 20:46:39', NULL, '2019-09-29 20:46:39', NULL, NULL, NULL),
(23, 'test', NULL, NULL, NULL, 'test5@email.com', '$2y$10$Uqb8jcIGXPDEPS.KhiSwvOBeE9L9pxRE4JaYoTlftqUZ4x9RUGSXW', NULL, NULL, NULL, NULL, NULL, NULL, NULL, NULL, 1, NULL, '0', NULL, '2019-09-29 20:47:37', NULL, '2019-09-29 20:47:37', NULL, NULL, NULL),
(24, 'test', NULL, NULL, NULL, 'test6@email.com', '$2y$10$WeBq/Ru2vT6z4zIZ5FowMeqCpq9uhxzpkhP9g1jgLzTsP6V3MNzeO', NULL, NULL, NULL, NULL, NULL, NULL, NULL, NULL, 1, NULL, '0', NULL, '2019-09-29 20:50:36', NULL, '2019-09-29 20:50:36', NULL, NULL, NULL),
(25, 'test', NULL, NULL, NULL, 'test7@email.com', '$2y$10$d0b46kXKiP5LK4kfbGDNL.pSE1Qi5gfzdMuQu1u4nIZws9.hIbiFe', NULL, NULL, NULL, NULL, NULL, NULL, NULL, NULL, 1, NULL, '0', NULL, '2019-09-30 23:39:04', NULL, '2019-09-30 23:39:04', NULL, NULL, NULL),
(26, 'test', NULL, NULL, NULL, 'test8@email.com', '$2y$10$ibWaKEbERs0seWH7Bv6dzusaFlS0PhYW5Vm3K5RzRJwmqSlafa5ce', NULL, NULL, NULL, NULL, NULL, NULL, NULL, NULL, 1, NULL, '0', NULL, '2019-10-01 00:12:18', NULL, '2019-10-01 00:12:18', NULL, NULL, NULL),
(27, 'test', NULL, NULL, NULL, 'test9@email.com', '$2y$10$XVZgq7QvYlUHXVCCFgT32umbXx5s.xQgV.6GoUVeh8aXA3o3eeEvO', NULL, NULL, NULL, NULL, NULL, NULL, NULL, NULL, 1, NULL, '0', NULL, '2019-10-01 00:12:56', NULL, '2019-10-01 00:12:56', NULL, NULL, NULL),
(28, 'test', NULL, NULL, NULL, 'test10@email.com', '$2y$10$L1kA3d2kJqwN.b3WULqSGeNyEoJxu3RNsfEjnUSVlMTl7VsuFE74m', NULL, NULL, NULL, NULL, NULL, NULL, NULL, NULL, 1, NULL, '0', NULL, '2019-10-01 00:32:38', NULL, '2019-10-01 00:32:38', NULL, NULL, NULL),
(29, 'test', NULL, NULL, NULL, 'test11@email.com', '$2y$10$9FKFXuyDgPKOBQ6mOkan1.jF4RErE26UeTOsG7.sm.Xe/I61k8kVq', NULL, NULL, NULL, NULL, NULL, NULL, NULL, NULL, 1, NULL, '0', NULL, '2019-10-01 00:33:13', NULL, '2019-10-01 00:33:13', NULL, NULL, NULL),
(30, 'test', NULL, NULL, NULL, 'test12@email.com', '$2y$10$ea84ckcFLtFZHRmXCzcie.xaXgqtboFz6ByXWCPXVtOVH5cVTEx1u', NULL, NULL, NULL, NULL, NULL, NULL, NULL, NULL, 1, NULL, '0', NULL, '2019-10-01 00:40:18', NULL, '2019-10-01 00:40:18', NULL, NULL, NULL),
(31, 'test', NULL, NULL, NULL, 'test13@email.com', '$2y$10$9Op61Mz/ETTuySCtN.YjQelpy4IuYUfCzbx1mVw3KwNTFCyom0pPm', NULL, NULL, NULL, NULL, NULL, NULL, NULL, NULL, 1, NULL, '0', NULL, '2019-10-01 00:53:38', NULL, '2019-10-01 00:53:38', NULL, NULL, NULL),
(32, 'test', NULL, NULL, NULL, 'test14@email.com', '$2y$10$NQc3g4yosKEvZw/nETntTuEw9nYBkJBZj6RGCJGomV3zrJ/G28NxO', NULL, NULL, NULL, NULL, NULL, NULL, NULL, NULL, 1, NULL, '0', NULL, '2019-10-01 01:12:43', NULL, '2019-10-01 01:12:43', NULL, NULL, NULL),
(33, 'test', NULL, NULL, NULL, 'test15@email.com', '$2y$10$Rt5Cc4YsvsglAMcGluqiSOHfzKnk0BygrG/yyMqAV6uWUfYepb4Ou', NULL, NULL, NULL, NULL, NULL, NULL, NULL, NULL, 1, NULL, '0', NULL, '2019-10-01 01:14:55', NULL, '2019-10-01 01:14:55', NULL, NULL, NULL),
(34, 'test', NULL, NULL, NULL, 'test16@email.com', '$2y$10$b75f.9QNXYGmBw5D8TcyaeN.dHGM6gMCeu/NU.Y0mD.RHNOFBRClC', NULL, NULL, NULL, NULL, NULL, NULL, NULL, NULL, 1, NULL, '0', NULL, '2019-10-01 01:21:09', NULL, '2019-10-01 01:21:09', NULL, NULL, NULL),
(35, 'Pravin kumar', NULL, NULL, NULL, 'pravinsahu1@virtualemployee.com', '$2y$10$4wTHUpKtcitZjMgZo24dEepwKnG/GvpOw.sb6NFoUsm1/mMHD38py', NULL, NULL, NULL, NULL, NULL, NULL, NULL, NULL, 1, NULL, '0', NULL, '2019-10-01 04:07:11', NULL, '2019-10-15 04:17:02', NULL, NULL, NULL),
(36, 'Jailendra Rajawa', NULL, NULL, 'profilepic.jpg', 'vcxvx@vxc.com', '$2y$10$Tce0ds2A72XjcF1Q0A5QnuNsufhhXw03n4dZ1exvStS3V2aVSTyme', NULL, NULL, NULL, 'acct_1Fg5mBE8yw6ym2sC', NULL, NULL, NULL, NULL, 1, NULL, '0', NULL, '2019-11-05 20:02:20', NULL, '2019-11-17 21:10:05', NULL, NULL, NULL),
(37, 'Testve', NULL, NULL, NULL, 'testve@email.com', '$2y$10$8mO0tiGyn3R7c2RyOxlCbOa53s3n34WwwqwbFAqO.EE1.C5YHIhii', NULL, NULL, NULL, NULL, NULL, NULL, NULL, NULL, 1, NULL, '0', NULL, '2019-11-06 01:54:14', NULL, '2019-11-06 01:54:14', NULL, NULL, NULL),
(38, 'Monday', NULL, NULL, NULL, 'monday@email.com', '$2y$10$NsSCUWbZEajaCwDiTBectuaAooRjXRBF71jYoPvey8lc5L8VtIhce', NULL, NULL, NULL, 'acct_1Fg78HJa2rFp6VG0', NULL, NULL, NULL, NULL, 1, NULL, '0', NULL, '2019-11-17 22:25:39', NULL, '2019-11-17 22:36:59', NULL, NULL, NULL),
(39, 'Tes3', NULL, NULL, NULL, 'test3@email.com', '$2y$10$wQ6NyLjcDJkkxraI17Ayiuju9dNQ/VDF2/ZxDQkK68dERjXYpqv26', NULL, NULL, NULL, 'acct_1Fg7WIBgPjx6OIQ9', NULL, NULL, NULL, NULL, 1, NULL, '0', NULL, '2019-11-17 22:49:28', NULL, '2019-11-17 23:01:48', NULL, NULL, NULL),
(40, 'Joney', NULL, NULL, NULL, 'fsd@gmail.comf', '$2y$10$tNPXvblyYNYa1PuNvIaod.Xb2X2U/Zr9a4znx3OLFLeo6C8uwCg.2', NULL, NULL, NULL, '', NULL, NULL, NULL, NULL, 1, NULL, '0', NULL, '2019-11-18 00:29:12', NULL, '2019-11-18 00:31:46', NULL, NULL, NULL),
(41, 'Jailu', NULL, NULL, NULL, 'jailu@email.com', '$2y$10$YX13E.I7KD6B4WbPrlAnfeD4Wc33Z1CqZOqMGAKi5wuhp/LQGsTdK', NULL, NULL, NULL, 'acct_1Fg9SqIlZFP96DTc', NULL, NULL, NULL, NULL, 1, NULL, '0', NULL, '2019-11-18 01:04:45', NULL, '2019-11-18 01:06:21', NULL, NULL, NULL),
(42, 'P', NULL, NULL, 'profilepic.jpg', 'pfdd@email.com', '$2y$10$xC48EJetLG2uKjzTBmMeiuBMfTx4V9UdSEmSFU.uSo0E5Ea7afFWy', NULL, NULL, NULL, 'acct_1FgUzgBArIU21MhN', NULL, NULL, NULL, NULL, 1, NULL, '0', NULL, '2019-11-19 00:03:57', NULL, '2019-11-19 00:34:20', NULL, NULL, NULL),
(43, 've', NULL, NULL, NULL, 've@email.com', '$2y$10$73f.7GMrK0J4wWurCd6.ve6bpSlOefnQLc6/RMZrHEGF0KSouLkeK', NULL, NULL, NULL, 'acct_1FgrOBDvnt6UuKsm', NULL, NULL, NULL, NULL, 1, NULL, '0', NULL, '2019-11-19 01:51:42', NULL, '2019-11-20 00:00:29', NULL, NULL, NULL),
(44, 'Thursday', NULL, NULL, NULL, 'jailengfdrarajawat@virtualemployee.com', '$2y$10$oeR.Snq7mw5rWbLJon8ou.D6Njn4uxu/n3WMKbPCzYZxD7iHVboh.', NULL, NULL, NULL, 'acct_1FhFntKzmLKk0Jn2', NULL, NULL, NULL, NULL, 1, NULL, '0', NULL, '2019-11-20 19:55:25', NULL, '2019-11-24 22:11:06', NULL, NULL, NULL),
(45, 'abc', NULL, NULL, 'profilepic.jpg', 'abc@email.com', '$2y$10$xGEsTqBfq9jWH5.DA6wpSuF3p3sY6Ho36.6TS6ZC57uy/9eSh.uQe', NULL, NULL, NULL, 'acct_1FmarpIDC7mkMVqv', NULL, NULL, NULL, NULL, 1, NULL, '0', NULL, '2019-11-25 02:52:24', NULL, '2019-12-05 19:34:48', NULL, NULL, NULL),
(46, 'Test01', NULL, NULL, NULL, 'test01@email.com', '$2y$10$e3tauTll0WvurOGbqCjZWOBpvLFr3YYPdKXJdRFfqnnaeNifGg/ne', NULL, NULL, NULL, NULL, NULL, NULL, NULL, NULL, 1, NULL, '0', NULL, '2019-12-03 22:51:59', NULL, '2019-12-03 22:51:59', NULL, NULL, NULL),
(47, 'latest', NULL, NULL, NULL, 'latest@email.com', '$2y$10$dRlF6Fun.Qyj66BKqYMOx.fNXpRGIIm7um2ItrawJPu0gFou3Sfty', NULL, NULL, NULL, 'acct_1FlwK6BZEWtKlUUf', NULL, NULL, NULL, NULL, 1, NULL, '0', NULL, '2019-12-04 00:16:17', NULL, '2019-12-04 00:17:53', NULL, NULL, NULL),
(48, 'latest1', NULL, NULL, NULL, 'latest1@email.com', '$2y$10$dH4a8QWhdI1lovxjVSb5Su0EKomDh8fhfw6GWrDBvkMR.BCyaqqxm', NULL, NULL, NULL, 'acct_1FlzKUKZdHoz7luY', NULL, NULL, NULL, NULL, 1, NULL, '0', NULL, '2019-12-04 00:37:34', NULL, '2019-12-04 03:30:24', NULL, NULL, NULL),
(49, 'one', NULL, NULL, NULL, 'one@email.com', '$2y$10$JQ.bPdiCTWsC3zvTSQdVouGEnyqm9S9Q1quhC2Rx1KA7gybESXlcm', NULL, NULL, NULL, 'acct_1FmdlSFl0BA1tYGe', NULL, NULL, NULL, NULL, 1, NULL, '0', NULL, '2019-12-05 22:22:46', NULL, '2019-12-05 22:40:25', NULL, NULL, NULL),
(50, 'new user', NULL, NULL, NULL, 'newuser@email.com', '$2y$10$Rc2qsYASccZv.vcowAVuFunGOkoYwF1xfZBPn0DporjvcBGwE9nfy', NULL, NULL, NULL, 'acct_1G0PZqAzgunn6phq', NULL, NULL, NULL, NULL, 1, NULL, '0', NULL, '2019-12-16 19:17:02', NULL, '2020-01-12 22:21:20', NULL, NULL, NULL),
(51, 'Amit', NULL, NULL, NULL, 'Amit@email.com', '$2y$10$SyFok0lejLeDGxzF/TQih.nKmo.3t6Js3PO3EN2VYb.ghkZfUbWhG', NULL, NULL, NULL, 'acct_1G0RI4JsCMG69ImL', NULL, NULL, NULL, NULL, 1, NULL, '0', NULL, '2020-01-13 00:05:27', NULL, '2020-01-13 00:11:06', NULL, NULL, NULL),
(52, 'Amit1', NULL, NULL, NULL, 'amit1@email.com', '$2y$10$JYOZLOX0Cn4wP8ZvIaV.R.7mNEQlRr.EwiMt.scTLONwVBygS7ue6', NULL, NULL, NULL, 'acct_1G0nyFFdbKYCQgMI', NULL, NULL, NULL, NULL, 1, NULL, '0', NULL, '2020-01-13 00:48:47', NULL, '2020-01-14 00:24:08', NULL, NULL, NULL),
(53, 'Jailendra Rajawat', NULL, NULL, NULL, 'jailendra@virtualemployee.com', '$2y$10$N8g8DbRmm9J4.iY3i3ppdutpEa3ZkOSAUDGt4IyvWy9tyxT7k9tVu', NULL, NULL, NULL, NULL, NULL, NULL, NULL, NULL, 1, NULL, '0', NULL, '2020-01-27 19:39:11', NULL, '2020-01-27 19:39:11', NULL, NULL, NULL),
(54, 'Jailendra Rajaway', NULL, NULL, NULL, 'd@email.com', '$2y$10$SCVWvZNxYSM9e7iZEl19wu8/Z70fFBwV5AVRie16CbCj8v9UKHihG', NULL, NULL, NULL, NULL, NULL, NULL, NULL, NULL, 1, NULL, '0', NULL, '2020-02-03 00:51:28', NULL, '2020-02-03 00:51:28', NULL, NULL, NULL),
(55, 'Jailendra Rajawat', NULL, NULL, NULL, 'jailendrarajawat@virtualemployee.com', '$2y$10$68c.XmTpSKR2NofW36zERez.r4vAdCv0LL/bJck/cL1zOdHTXPgiC', NULL, NULL, NULL, 'acct_1G9TefCWuUGbfcYY', NULL, NULL, NULL, NULL, 1, NULL, '1', NULL, '2020-02-04 21:53:26', NULL, '2020-02-06 22:31:53', NULL, NULL, NULL),
(56, 'vandana', NULL, NULL, NULL, 'vandana@gmail.com', '$2y$10$BZ37pdcq0w.zXaHTn7u/XeSLOlKDKpKGYboHCoMPAvIYs1YZ3PdiO', NULL, NULL, NULL, NULL, NULL, NULL, NULL, NULL, 1, NULL, '0', NULL, '2022-02-04 07:14:56', NULL, '2022-02-04 07:14:56', NULL, NULL, NULL),
(57, 'Aastha Bhagat', NULL, NULL, NULL, 'aasthabhagat@virtualemployee.com', '$2y$10$LVEKw0qVXAnIx5xvDCedPOAx6S.8Dr8SUIv52iyzW5vSEmAS3XAfe', NULL, NULL, NULL, NULL, NULL, NULL, NULL, NULL, 1, NULL, '0', NULL, '2022-02-09 07:04:30', NULL, '2022-02-09 07:04:30', NULL, NULL, NULL),
(58, 'Ashlynn Stirewalt', NULL, NULL, NULL, 'ashpooh120@gmail.com', '$2y$10$q1m7oQNouyCCcs4vh2LWMec63/8n1OD30LK8iX/90DqgBn51i2oCa', NULL, NULL, NULL, NULL, NULL, NULL, NULL, NULL, 1, NULL, '0', NULL, '2022-02-11 00:51:59', NULL, '2022-02-11 00:51:59', NULL, NULL, NULL),
(59, 'Ashlynn Stirewalt', NULL, NULL, NULL, 'ashlynnstirewalt@gmail.com', '$2y$10$pRhBsvXKR/p/CSLVFNACTOR7aY2ckZBP86zE3DtOiPqfxMJwut2Bq', NULL, NULL, NULL, NULL, NULL, NULL, NULL, NULL, 1, NULL, '0', NULL, '2022-02-11 00:53:02', NULL, '2022-02-11 00:53:02', NULL, NULL, NULL),
(60, 'Aastha', NULL, NULL, NULL, 'aasthavirtualemployee@gmail.com', '$2y$10$irhfkRVL5A4Li5E3sYjfYuYfoNMYRKCiG14jyBu19xNyMdexLyO7S', NULL, NULL, NULL, NULL, NULL, NULL, NULL, NULL, 1, NULL, '0', NULL, '2022-02-11 04:36:15', NULL, '2022-02-11 04:36:15', NULL, NULL, NULL),
(61, 'shailendra', NULL, NULL, NULL, 'shailendra@gmail.com', '$2y$10$aZtYVUbqPQEipIz8cro/eO9bTBWTHr5g30n7h9nw2G7euXOak.JBO', NULL, NULL, NULL, NULL, NULL, NULL, NULL, NULL, 1, NULL, '0', NULL, '2022-02-11 10:09:27', NULL, '2022-02-11 10:09:27', NULL, NULL, NULL),
(62, 'shailendra', NULL, NULL, NULL, 'shailendra1@gmail.com', '$2y$10$XuFvY5hR.psipRZ8AiHPiOyk7MHWDJv.P24LcvooSvTQ.bvCtfP8.', NULL, NULL, NULL, NULL, NULL, NULL, NULL, NULL, 1, NULL, '0', NULL, '2022-02-11 10:25:20', NULL, '2022-02-11 10:25:20', NULL, NULL, NULL),
(63, 'shailendra', NULL, NULL, NULL, 'shailendra11@gmail.com', '$2y$10$g1NpejGyXMAUgLHu5twlbee0vnaKF830pnuY2HIFyFu7szTx8WKxm', NULL, NULL, NULL, NULL, NULL, NULL, NULL, NULL, 1, NULL, '0', NULL, '2022-02-11 10:26:00', NULL, '2022-02-11 10:26:00', NULL, NULL, NULL),
(64, 'shailendra', NULL, NULL, NULL, 'shailendra112@gmail.com', '$2y$10$ylmcrphFumjdgy0/IixfHu6JsjyjifYityho5H154zyJM4og2.fQm', NULL, NULL, NULL, NULL, NULL, NULL, NULL, NULL, 1, NULL, '0', NULL, '2022-02-11 10:27:58', NULL, '2022-02-11 10:27:58', NULL, NULL, NULL),
(65, 'shailendra', NULL, NULL, NULL, 'shailendrasharma@gmail.com', '$2y$10$LG5SvOc2NFimDASiqfXWYefrhQ8m6vk1p7Egc2g0ZmAdthIHo2gxq', NULL, NULL, NULL, NULL, NULL, NULL, NULL, NULL, 1, NULL, '0', NULL, '2022-02-11 10:37:34', NULL, '2022-02-11 10:37:34', NULL, NULL, NULL),
(66, 'shailendra', NULL, NULL, NULL, 'shailendra113@gmail.com', '$2y$10$Psf.MEiMdgtjpzrvaFrg8eNDpTpsnIQMjFcb.RpM9HgagW0VJMuOe', NULL, NULL, NULL, NULL, NULL, NULL, NULL, NULL, 1, NULL, '0', NULL, '2022-02-11 10:46:37', NULL, '2022-02-11 10:46:37', NULL, NULL, NULL),
(67, 'shailendra', NULL, NULL, NULL, 'shailendrasharma@yopmail.com', '$2y$10$Szkasa6GTW8HZMXLpVv78.fOPzNhi5/.rVkyplwiKKQGt/kQqHZUu', NULL, NULL, NULL, NULL, NULL, NULL, NULL, NULL, 1, NULL, '0', NULL, '2022-02-11 10:57:09', NULL, '2022-02-11 10:57:09', NULL, NULL, NULL),
(68, 'shailendra', NULL, NULL, NULL, 'shailendrasharma313@gmail.com', '$2y$10$6N6E./vmOsY.yjzr32K5X.YmzIlXUfuNZ7xJnkWXaK2im489eCU9i', NULL, NULL, NULL, NULL, NULL, NULL, NULL, NULL, 1, NULL, '0', NULL, '2022-02-11 11:04:44', NULL, '2022-02-11 11:04:44', NULL, NULL, NULL),
(69, 'shailendra', NULL, NULL, NULL, 'shailendrasharma3133@gmail.com', '$2y$10$tevOKDcjLoRPCjQnweo0tet/R0PNqzv7sVuHIRjap.Oph92RXrGJ.', NULL, NULL, NULL, NULL, NULL, NULL, NULL, NULL, 1, NULL, '0', NULL, '2022-02-11 11:09:12', NULL, '2022-02-11 11:09:12', NULL, NULL, NULL),
(70, 'shailendra', NULL, NULL, NULL, 'shailendrasharnma12222@gmail.com', '$2y$10$ceBJDG70TM4KfeLPnIibkOBPKI5.nVqUeVcjwQ.tdMVJbfdEM4G/m', NULL, NULL, NULL, NULL, NULL, NULL, NULL, NULL, 1, NULL, '0', NULL, '2022-02-11 11:20:07', NULL, '2022-02-11 11:20:07', NULL, NULL, NULL),
(71, 'Sachin Sharma', NULL, NULL, NULL, 'sachin@gmail.com', '$2y$10$Jr3Ncw.xwTAoRSPUc1v3Guu4RKrGixA2H4YkV91tDunLbRaR/P0lu', NULL, NULL, NULL, NULL, NULL, NULL, NULL, NULL, 1, NULL, '0', NULL, '2022-02-11 11:33:04', NULL, '2022-02-11 11:33:04', NULL, NULL, NULL),
(72, 'Sachin', NULL, NULL, NULL, 'sachin2@gmail.com', '$2y$10$Rq12qPtPpDcROjEPgJOI3OiuXfwyrQNqilUp.C1HqIfgoa4z2D1LK', NULL, NULL, NULL, NULL, NULL, NULL, NULL, NULL, 1, NULL, '0', NULL, '2022-02-11 11:35:35', NULL, '2022-02-11 11:35:35', NULL, NULL, NULL),
(73, 'shailendra', NULL, NULL, NULL, 'shailu111@gmail.com', '$2y$10$pYOT87.E7AcYLHJMixaNbOvC8Q7xHaeDhf4y6L4i8caA2XxENGsTy', NULL, NULL, NULL, NULL, NULL, NULL, NULL, NULL, 1, NULL, '0', NULL, '2022-02-11 11:35:57', NULL, '2022-02-11 11:35:57', NULL, NULL, NULL),
(74, 'shailendra', NULL, NULL, NULL, 'shailendrasharma11@yopmail.com', '$2y$10$8RBi7wUEOf.mSmJ.fORDye9FrwKy/USLFFJcUjtOvtlLIfjBbSg7.', NULL, NULL, NULL, NULL, NULL, NULL, NULL, NULL, 1, NULL, '0', NULL, '2022-02-11 11:37:55', NULL, '2022-02-11 11:37:55', NULL, NULL, NULL),
(75, 'Aastha', NULL, NULL, NULL, 'sachinsharma1@virtualemployee.com', '$2y$10$YmAQbopzBnDCwXf66uHHf.73gOE.RDCm.Bjq2EuyV3RY6G8fLjD8i', NULL, NULL, NULL, NULL, NULL, NULL, NULL, NULL, 1, NULL, '0', NULL, '2022-02-11 12:14:59', NULL, '2022-02-11 12:14:59', NULL, NULL, NULL),
(76, 'Aastha', NULL, NULL, NULL, 'sachinsharma@virtualemployee.com', '$2y$10$3RE7z5tqDin9KZ.G5xQQMO6WxlP5tZ.vxTnCI7kJ/yymYAoHmxa6O', NULL, NULL, NULL, NULL, NULL, NULL, NULL, NULL, 1, NULL, '0', NULL, '2022-02-11 12:15:27', NULL, '2022-02-11 12:15:27', NULL, NULL, NULL),
(77, 'Aastha', NULL, NULL, NULL, 'test@gmail.com', '$2y$10$gtFrH8oQ.7km8/aBcWAIi.vW/xJyRQSyT3AJOr.f2GIMfop2lk2ha', NULL, NULL, NULL, NULL, NULL, NULL, NULL, NULL, 1, NULL, '0', NULL, '2022-02-11 12:15:40', NULL, '2022-02-11 12:15:40', NULL, NULL, NULL),
(78, 'Test', NULL, NULL, NULL, 'test2@gmail.com', '$2y$10$F6uBvQ6sRd1uhb0X5FvOFOnsw64pKs5.d3gbGK4ZvLABczCXx/JSu', NULL, NULL, NULL, NULL, NULL, NULL, NULL, NULL, 1, NULL, '0', NULL, '2022-02-11 12:16:19', NULL, '2022-02-11 12:16:19', NULL, NULL, NULL),
(79, 'vishank tyagi', NULL, NULL, NULL, 'vishanktyagi@teckvalley.com', '$2y$10$6lrypsd9.7mNesXU6VUKoO1Lq0FbHLcl9GyE7TQYKZOfgf2N4Uia6', NULL, NULL, NULL, NULL, NULL, NULL, NULL, NULL, 1, NULL, '0', NULL, '2022-02-11 12:26:41', NULL, '2022-02-11 12:26:41', NULL, NULL, NULL),
(80, 'suite', NULL, NULL, NULL, 'thesuite1@yopmail.com', '$2y$10$GB70u4VoWslmFtSRwt4SeOSIy.kRnxfJmU1hiTWHIxxU260ehrQlO', NULL, NULL, NULL, NULL, NULL, NULL, NULL, NULL, 1, NULL, '0', NULL, '2022-02-11 12:38:32', NULL, '2022-02-11 12:38:32', NULL, NULL, NULL),
(81, 'test', NULL, NULL, NULL, 'test-1@gmail.com', '$2y$10$HLbJ89kC8obDBWwafqP53uxuJ3PijF4krGE2P4yHfFPbfFTpV8qY.', NULL, NULL, NULL, NULL, NULL, NULL, NULL, NULL, 1, NULL, '0', NULL, '2022-02-11 13:29:41', NULL, '2022-02-11 13:29:41', NULL, NULL, NULL),
(82, 'test', NULL, NULL, NULL, 'test-2@gmail.com', '$2y$10$InO5..KuCMk2Viq4wQzkRu421gtbJac80mmZyDLi8AFDtlAMXKkWG', NULL, NULL, NULL, NULL, NULL, NULL, NULL, NULL, 1, NULL, '0', NULL, '2022-02-11 13:29:56', NULL, '2022-02-11 13:29:56', NULL, NULL, NULL),
(83, 'Test', NULL, NULL, NULL, 'test123@gmail.com', '$2y$10$1oD8z0mcyb2FVBMG5OxID.wo5MQTxSaUJKDHjnjWMbMgh/LvgykFC', NULL, NULL, NULL, NULL, NULL, NULL, NULL, NULL, 1, NULL, '0', NULL, '2022-02-11 13:33:25', NULL, '2022-02-11 13:33:25', NULL, NULL, NULL),
(84, 'suite', NULL, NULL, NULL, 'thesuitenew@yopmail.com', '$2y$10$z7dAPZ9Do659WUPedF0bPes6b5zQCknDFfzSBrfb8W9pckg1BMjW6', NULL, NULL, NULL, NULL, NULL, NULL, NULL, NULL, 1, NULL, '0', NULL, '2022-02-11 14:24:25', NULL, '2022-02-11 14:24:25', NULL, NULL, NULL),
(85, 'Test', NULL, NULL, NULL, 'test-12@gmail.com', '$2y$10$VI1vadGOXrOX4KNMktGgD.j6s.UZyQgCM7sgDNOlymTJSTpnG.S5S', NULL, NULL, NULL, NULL, NULL, NULL, NULL, NULL, 1, NULL, '0', NULL, '2022-02-11 14:29:13', NULL, '2022-02-11 14:29:13', NULL, NULL, NULL),
(86, 'Cam', NULL, NULL, 'profilepic.jpg', 'karofa4993@diolang.com', '$2y$10$o/8HOfLeZMNF0eQmRzgLPuWvofvENshnm2Vivy9qJdVb8dMLCWYI6', NULL, NULL, NULL, NULL, NULL, NULL, NULL, NULL, 1, NULL, '1', NULL, '2022-02-13 22:13:33', NULL, '2022-02-13 22:16:43', NULL, NULL, NULL);

-- --------------------------------------------------------

--
-- Table structure for table `user_noticealerts`
--

CREATE TABLE `user_noticealerts` (
  `id` int(10) UNSIGNED NOT NULL,
  `user_id` int(10) UNSIGNED DEFAULT NULL,
  `noticealert_id` int(10) UNSIGNED DEFAULT NULL,
  `status` int(11) NOT NULL DEFAULT '0'
) ENGINE=InnoDB DEFAULT CHARSET=utf8mb4 COLLATE=utf8mb4_unicode_ci;

--
-- Dumping data for table `user_noticealerts`
--

INSERT INTO `user_noticealerts` (`id`, `user_id`, `noticealert_id`, `status`) VALUES
(1, NULL, 1, 0),
(2, NULL, 2, 0),
(3, NULL, 3, 0),
(4, NULL, 4, 0),
(5, NULL, 5, 0),
(6, NULL, 6, 0),
(7, NULL, 7, 0),
(8, NULL, 8, 0),
(9, NULL, 9, 0),
(10, NULL, 10, 0),
(11, NULL, 11, 0),
(12, 16, 12, 1),
(13, 16, 13, 1),
(14, 35, 14, 1),
(15, 35, 15, 1),
(16, 35, 16, 1),
(17, 35, 17, 1),
(18, 35, 18, 1),
(19, 35, 19, 1),
(20, 35, 20, 1),
(21, 35, 21, 1),
(22, 35, 22, 1),
(23, 35, 23, 1),
(24, 35, 24, 1),
(25, 35, 25, 1),
(26, 35, 26, 1),
(27, 35, 27, 1),
(28, 35, 28, 1),
(29, 35, 29, 1),
(30, 35, 30, 1),
(31, 35, 31, 1),
(32, 35, 32, 1),
(33, 35, 33, 1),
(34, 35, 34, 1),
(35, 35, 35, 1),
(36, 35, 36, 1),
(37, 35, 37, 1),
(38, 35, 38, 1),
(39, 35, 39, 1),
(40, 35, 40, 1),
(41, 35, 41, 1),
(42, 36, 42, 1),
(43, 36, 43, 1),
(44, 36, 44, 1),
(45, 36, 45, 1),
(46, 36, 46, 1),
(47, 36, 47, 1),
(48, 36, 48, 1),
(49, 36, 49, 1),
(50, 36, 50, 1),
(51, 36, 51, 1),
(52, 36, 52, 1),
(53, 36, 53, 1),
(54, 36, 54, 1),
(55, 36, 55, 1),
(56, 36, 56, 1),
(57, 36, 57, 1),
(58, 36, 58, 1),
(59, 36, 59, 1),
(60, 36, 60, 1),
(61, 36, 61, 1),
(62, 36, 62, 1),
(63, 36, 63, 1),
(64, 36, 64, 1),
(65, 36, 65, 1),
(66, 36, 66, 1),
(67, 36, 67, 1),
(68, 36, 68, 1),
(69, 36, 69, 1),
(70, 36, 70, 1),
(71, 36, 71, 1),
(72, 36, 72, 1),
(73, 36, 73, 1),
(74, 36, 74, 1),
(75, 36, 75, 1),
(76, 36, 76, 1),
(77, 36, 77, 1),
(78, 36, 78, 1),
(79, 36, 79, 1),
(80, 36, 80, 1),
(81, 36, 81, 1),
(82, 36, 82, 1),
(83, 38, 83, 1),
(84, 38, 84, 1),
(85, 38, 85, 1),
(86, 39, 86, 1),
(87, 39, 87, 1),
(88, 39, 88, 1),
(89, 41, 89, 0),
(90, 41, 90, 0),
(91, 41, 91, 0),
(92, 44, 92, 1),
(93, 44, 93, 1),
(94, 44, 94, 1),
(95, 44, 95, 1),
(96, 44, 96, 1),
(97, 44, 97, 1),
(98, 44, 98, 1),
(99, 44, 99, 1),
(100, 44, 100, 1),
(101, 44, 101, 1),
(102, 44, 102, 1),
(103, 44, 103, 1),
(104, 44, 104, 1),
(105, 44, 105, 1),
(106, 44, 106, 1),
(107, 44, 107, 1),
(108, 44, 108, 1),
(109, 44, 109, 1),
(110, 44, 110, 1),
(111, 44, 111, 1),
(112, 44, 112, 1),
(113, 44, 113, 1),
(114, 44, 114, 1),
(115, 44, 115, 1),
(116, 44, 116, 1),
(117, 44, 117, 1),
(118, 44, 118, 1),
(119, 44, 119, 1),
(120, 44, 120, 1),
(121, 44, 121, 1),
(122, 44, 122, 1),
(123, 44, 123, 1),
(124, 44, 124, 1),
(125, 44, 125, 1),
(126, 44, 126, 1),
(127, 44, 127, 1),
(128, 45, 128, 0),
(129, 45, 129, 0),
(130, 45, 130, 0),
(131, 45, 131, 0),
(132, 45, 132, 0),
(133, 45, 133, 0),
(134, 45, 134, 0),
(135, 45, 135, 0),
(136, 45, 136, 0),
(137, 45, 137, 0),
(138, 45, 138, 0),
(139, 45, 139, 0),
(140, 45, 140, 0),
(141, 45, 141, 0),
(142, 45, 142, 0),
(143, 45, 143, 0),
(144, 45, 144, 0),
(145, 45, 145, 0),
(146, 45, 146, 0),
(147, 45, 147, 0),
(148, 45, 148, 0),
(149, 45, 149, 0),
(150, 45, 150, 0),
(151, 45, 151, 0),
(152, 45, 152, 0),
(153, 45, 153, 0),
(154, 45, 154, 0),
(155, 45, 155, 0),
(156, 45, 156, 0),
(157, 45, 157, 0),
(158, 45, 158, 0),
(159, 45, 159, 0),
(160, 45, 160, 0),
(161, 45, 161, 1),
(162, 45, 162, 1),
(163, 45, 163, 1),
(164, 45, 164, 1),
(165, 45, 165, 1),
(166, 45, 166, 1),
(167, 45, 167, 1),
(168, 45, 168, 1),
(169, 45, 169, 1),
(170, 45, 170, 1),
(171, 45, 171, 1),
(172, 45, 172, 1),
(173, 45, 173, 1),
(174, 45, 174, 1),
(175, 50, 175, 1),
(176, 50, 176, 1),
(177, 50, 177, 1),
(178, 55, 178, 1),
(179, 55, 179, 1),
(180, 55, 180, 1),
(181, 86, 181, 1),
(182, 86, 182, 1),
(183, 86, 183, 1);

-- --------------------------------------------------------

--
-- Table structure for table `user_profile`
--

CREATE TABLE `user_profile` (
  `id` int(10) UNSIGNED NOT NULL,
  `user_id` int(10) UNSIGNED DEFAULT NULL,
  `full_name` varchar(191) COLLATE utf8mb4_unicode_ci NOT NULL,
  `first_name` varchar(80) COLLATE utf8mb4_unicode_ci DEFAULT NULL,
  `last_name` varchar(80) COLLATE utf8mb4_unicode_ci DEFAULT NULL,
  `dob` varchar(50) COLLATE utf8mb4_unicode_ci DEFAULT NULL,
  `address` varchar(191) COLLATE utf8mb4_unicode_ci DEFAULT NULL,
  `logo` varchar(191) COLLATE utf8mb4_unicode_ci DEFAULT NULL,
  `phone` varchar(191) COLLATE utf8mb4_unicode_ci DEFAULT NULL,
  `website` varchar(191) COLLATE utf8mb4_unicode_ci DEFAULT NULL,
  `payment_type` varchar(191) COLLATE utf8mb4_unicode_ci DEFAULT NULL,
  `created_at` timestamp NULL DEFAULT NULL,
  `updated_at` timestamp NULL DEFAULT NULL
) ENGINE=InnoDB DEFAULT CHARSET=utf8mb4 COLLATE=utf8mb4_unicode_ci;

--
-- Dumping data for table `user_profile`
--

INSERT INTO `user_profile` (`id`, `user_id`, `full_name`, `first_name`, `last_name`, `dob`, `address`, `logo`, `phone`, `website`, `payment_type`, `created_at`, `updated_at`) VALUES
(1, 35, 'pravin kumar', 'pravin', 'kumar', NULL, NULL, NULL, NULL, NULL, NULL, '2019-10-15 04:06:18', '2019-10-15 04:11:06'),
(2, 36, ' ', NULL, NULL, NULL, NULL, NULL, NULL, NULL, NULL, '2019-11-05 20:48:35', '2019-11-05 20:49:30'),
(3, 41, 'fsd fasd', 'fsd', 'fasd', NULL, NULL, NULL, NULL, NULL, NULL, '2019-11-18 02:57:00', '2019-11-18 03:31:53'),
(4, 42, 'PPP PPP', 'PPP', 'PPP', NULL, NULL, NULL, NULL, NULL, NULL, '2019-11-19 00:07:24', '2019-11-19 00:34:20'),
(5, 43, 'Jailendra Rajaway', 'Jailendra', 'Rajaway', NULL, NULL, NULL, NULL, NULL, NULL, '2019-11-19 01:53:08', '2019-11-19 01:54:32'),
(6, 45, 'Jailendra Rajaway', 'Jailendra', 'Rajaway', NULL, NULL, NULL, NULL, NULL, NULL, '2019-11-28 03:44:40', '2019-11-28 03:48:10'),
(7, 86, ' ', NULL, NULL, NULL, NULL, NULL, NULL, NULL, NULL, '2022-02-13 22:16:51', '2022-02-13 22:17:22');

-- --------------------------------------------------------

--
-- Table structure for table `user_projects`
--

CREATE TABLE `user_projects` (
  `id` int(10) UNSIGNED NOT NULL,
  `user_id` int(10) UNSIGNED DEFAULT NULL,
  `project_name` varchar(154) COLLATE utf8mb4_unicode_ci DEFAULT NULL,
  `project_logo` varchar(191) COLLATE utf8mb4_unicode_ci DEFAULT NULL,
  `project_price` varchar(191) COLLATE utf8mb4_unicode_ci DEFAULT NULL,
  `status` varchar(191) COLLATE utf8mb4_unicode_ci DEFAULT '1',
  `project_slug` varchar(191) COLLATE utf8mb4_unicode_ci DEFAULT NULL,
  `project_path` varchar(255) COLLATE utf8mb4_unicode_ci DEFAULT NULL,
  `project_according` int(11) NOT NULL DEFAULT '1',
  `created_at` timestamp NULL DEFAULT NULL,
  `updated_at` timestamp NULL DEFAULT NULL
) ENGINE=InnoDB DEFAULT CHARSET=utf8mb4 COLLATE=utf8mb4_unicode_ci;

--
-- Dumping data for table `user_projects`
--

INSERT INTO `user_projects` (`id`, `user_id`, `project_name`, `project_logo`, `project_price`, `status`, `project_slug`, `project_path`, `project_according`, `created_at`, `updated_at`) VALUES
(4, 16, 'test', 'test', '0', '1', 'test', 'TkXrhxmv', 1, '2019-09-19 21:17:45', '2019-09-19 21:17:45'),
(5, 16, 'test1', 'test1', '0', '1', 'test1', '6F2uUxv9', 1, '2019-09-19 21:38:57', '2019-09-19 21:38:57'),
(9, 18, 'test', 'test', '0', '1', 'test', '4F9cBUNo', 1, '2019-09-27 03:10:37', '2019-09-27 03:10:37'),
(10, 19, 'test', 'test', '0', '1', 'test', 'bGuo1mBM', 1, '2019-09-29 20:24:48', '2019-09-29 20:24:48'),
(11, 34, 'test', 'test', '0', '1', 'test', 'JIpNL2ot', 1, '2019-10-01 01:31:49', '2019-10-01 01:31:49'),
(12, 35, 'test', 'test', '0', '1', 'test', 'ajnA2khs', 1, '2019-10-01 04:08:01', '2019-10-21 03:23:52'),
(13, 35, 'pms', 'pms', '0', '1', 'pms', 'NPdtCMQ9', 1, '2019-10-01 04:08:26', '2019-10-29 04:21:31'),
(14, 36, 'test', 'test', '0', '0', 'test', 'X9xqvGFd', 1, '2019-11-05 21:03:22', '2019-11-05 22:39:14'),
(15, 36, 'uhuih8', 'uhuih8', '0', '0', 'uhuih8', 'kicSARvm', 1, '2019-11-05 21:07:44', '2019-11-05 22:39:18'),
(16, 36, 'gfdgf', 'gfdgf', '0', '0', 'gfdgf', 'jETm1bHy', 1, '2019-11-05 21:24:34', '2019-11-05 22:39:21'),
(17, 36, 'j36', 'j36', '0', '1', 'vcvx', 'rtbIkC2m', 1, '2019-11-05 21:26:04', '2019-11-08 01:51:46'),
(18, 37, 'test', 'test', '0', '1', 'test', 'INf6EuQR', 1, '2019-11-06 01:55:04', '2019-11-06 01:55:04'),
(19, 36, 'new', 'new', '0', '1', 'new', 'lMbxKeh0', 1, '2019-11-07 23:20:58', '2019-11-12 19:59:03'),
(20, 36, 'New project', 'New project', '0', '1', 'New project', 'MUA9hWXT', 1, '2019-11-12 21:58:12', '2019-11-12 22:00:53'),
(21, 36, 'latest', 'latest', '0', '1', 'latest', 'NxJTsfFm', 1, '2019-11-13 00:38:28', '2019-11-13 00:41:05'),
(22, 36, 'test1', 'test1', '0', '1', 'test1', 'nkBotYOC', 1, '2019-11-13 00:56:36', '2019-11-13 01:02:59'),
(23, 36, 'test2', 'test2', '0', '1', 'test2', '4mDQrRVZ', 1, '2019-11-13 01:48:12', '2019-11-13 01:53:49'),
(24, 36, 'newly added', 'newly added', '0', '1', 'newly added', 'CYT3SasB', 1, '2019-11-13 02:49:02', '2019-11-13 02:49:02'),
(25, 38, 'Testing Project', 'Testing Project', '0', '1', 'Testing Project', 'rJLT3u5F', 1, '2019-11-17 22:26:01', '2019-11-17 22:26:01'),
(26, 39, 'Datacude', 'Datacude', '0', '1', 'Datacude', 'PKiFp5eA', 1, '2019-11-17 22:52:14', '2019-11-17 22:52:14'),
(27, 41, 'tets', 'tets', '0', '0', 'tets', 'PBr47bFV', 1, '2019-11-18 01:23:44', '2020-02-02 20:23:05'),
(28, 41, NULL, NULL, '0', '1', NULL, '0InKaoip', 1, '2019-11-18 03:37:57', '2019-11-18 03:37:57'),
(29, 43, 'test', 'test', '0', '1', 'test', 'IKNaoQlf', 1, '2019-11-19 02:47:58', '2019-11-19 02:47:58'),
(30, 43, 'media', 'media', '0', '1', 'media', '5NaCrxpD', 1, '2019-11-19 20:45:16', '2019-11-19 20:45:16'),
(31, 43, 'neww', 'neww', '0', '1', 'neww', 'P6CXVhKT', 1, '2019-11-20 01:37:50', '2019-11-20 01:37:50'),
(32, 44, 'thursday project', 'thursday project', '0', '0', 'thursday project', 'jL3G7Bq8', 1, '2019-11-20 19:55:49', '2019-11-20 23:24:02'),
(33, 44, 'two', 'two', '0', '0', 'two', '5zV9SWyO', 1, '2019-11-20 22:36:14', '2019-11-20 23:23:55'),
(34, 44, 'test10', 'test10', '0', '0', 'test10', 'uDgsIASB', 1, '2019-11-20 23:24:14', '2019-11-24 23:08:02'),
(35, 44, 'test20', 'test20', '0', '1', 'test20', '0iVjZtou', 1, '2019-11-21 00:52:27', '2019-11-21 00:52:27'),
(36, 44, 'tt', 'tt', '0', '1', 'tt', 'RVx9KXwm', 1, '2019-11-21 02:10:20', '2019-11-21 02:10:20'),
(37, 44, 'newww', 'newww', '0', '1', 'newww', '8QuLnqwG', 1, '2019-11-21 20:27:13', '2019-11-21 20:27:13'),
(38, 44, 'Jailu', 'Jailu', '0', '1', 'Jailu', 'CfTYRMd4', 1, '2019-11-22 02:43:23', '2019-11-22 02:43:23'),
(39, 44, 'new1', 'new1', '0', '1', 'new1', 'BkZ2YsTL', 1, '2019-11-22 03:41:15', '2019-11-24 19:18:59'),
(40, 44, 'new11', 'new11', '0', '1', 'new11', 'DgbBwLUZ', 1, '2019-11-25 02:45:45', '2019-11-25 02:45:45'),
(41, 45, 'jailu\'s project', 'jailu\'s project', '0', '1', 'jailu\'s project', 'dSHOlQCN', 1, '2019-11-25 02:52:43', '2019-11-25 02:52:43'),
(42, 45, 'test1994', 'test1994', '0', '1', 'test1994', 'NbSUB01O', 1, '2019-11-25 03:02:35', '2019-11-25 03:02:35'),
(43, 45, 'first', 'first', '0', '1', 'first', '1ROpvLjs', 1, '2019-11-26 00:17:23', '2019-11-26 00:17:23'),
(44, 45, 'newone', 'newone', '0', '1', 'newone', 'XJ5TC3el', 1, '2019-11-26 03:26:02', '2019-11-26 03:26:02'),
(45, 45, 'test', 'test', '0', '1', 'test', 'rWsbwk8H', 1, '2019-11-26 03:44:27', '2019-11-26 03:44:27'),
(46, 45, 'fgd', 'fgd', '0', '1', 'fgd', 'amGKgZ0T', 1, '2019-11-28 00:34:37', '2019-11-28 00:34:37'),
(47, 45, '62+', '62+', '0', '1', '62+', 'xSL5Vp7h', 1, '2019-11-28 03:39:59', '2019-11-28 03:39:59'),
(48, 45, 'pdf', 'pdf', '0', '1', 'pdf', 'sjT3wdJP', 1, '2019-11-28 19:33:55', '2019-11-28 19:33:55'),
(49, 45, 'new pdf', 'new pdf', '0', '1', 'new pdf', '2hMzRE46', 1, '2019-11-28 20:49:37', '2019-11-29 00:06:23'),
(50, 45, 'newnew', 'newnew', '0', '1', 'newnew', 'KH5IbaMB', 1, '2019-11-28 20:58:55', '2019-11-28 20:58:55'),
(51, 45, '11', '11', '0', '1', '11', 'HukPfz4d', 1, '2019-11-28 23:14:07', '2019-11-29 00:09:22'),
(52, 45, 'hmara pdf', 'hmara pdf', '0', '1', 'hmara pdf', '8bjEZszG', 1, '2019-11-29 00:49:13', '2019-12-01 23:37:51'),
(53, 45, 'with service fees', 'with service fees', '0', '1', 'with service fees', 'RrbLqCEx', 1, '2019-12-02 23:15:13', '2019-12-02 23:15:13'),
(54, 45, 'rere', 'rere', '0', '1', 'rere', 'mcVIDU1l', 1, '2019-12-05 22:45:55', '2019-12-05 22:45:55'),
(55, 50, 'new11', 'new11', '0', '1', 'new11', 'rZdVTyLq', 1, '2019-12-16 19:17:20', '2019-12-16 19:17:20'),
(56, 52, 'dsd', 'dsd', '0', '1', 'dsd', 'sTuGHcwe', 1, '2020-01-15 20:39:08', '2020-01-15 20:39:08'),
(57, 53, 'test', 'test', '0', '1', 'test', '69lGQzVw', 1, '2020-01-27 19:39:24', '2020-01-27 19:39:24'),
(58, 41, 'tet', 'tet', '0', '1', 'tet', 'wA2yR4Nf', 1, '2020-02-02 20:23:13', '2020-02-02 20:23:13'),
(59, 41, 'asd', 'asd', '0', '1', 'asd', 'Gdfp2Tyj', 1, '2020-02-02 20:27:28', '2020-02-02 20:27:28'),
(60, 41, 'jhg', 'jhg', '0', '1', 'jhg', 'pZTurN6y', 1, '2020-02-02 20:44:38', '2020-02-02 20:44:38'),
(61, 41, 'hhh', 'hhh', '0', '1', 'hhh', 'r1OeLgGd', 1, '2020-02-02 20:50:28', '2020-02-02 20:50:28'),
(62, 41, 'iphone', 'iphone', '0', '1', 'iphone', 'iXlGag36', 1, '2020-02-03 00:07:18', '2020-02-03 00:07:18'),
(63, 41, 'dsds', 'dsds', '0', '1', 'dsds', 'WzCOJQgP', 1, '2020-02-03 00:07:44', '2020-02-03 00:07:44'),
(64, 54, 'fsdfs', 'fsdfs', '0', '1', 'fsdfs', 'MjlE9aA8', 1, '2020-02-03 00:52:22', '2020-02-03 00:52:22'),
(65, 41, 'sds', 'sds', '0', '1', 'sds', 'g3eRAwtO', 1, '2020-02-04 21:12:31', '2020-02-04 21:12:31'),
(66, 55, 'aa', 'aa', '0', '1', 'fsfds', 'QC3chxTp', 1, '2020-02-04 22:56:52', '2020-02-06 03:33:50'),
(67, 55, NULL, NULL, '0', '1', NULL, '0T4sqdgt', 1, '2020-02-06 03:43:29', '2020-02-06 03:43:29'),
(68, 56, 'test project vandana', 'test project vandana', '0', '1', 'test project vandana', 'M410Ki2c', 1, '2022-02-04 07:40:27', '2022-02-04 07:40:27'),
(69, 86, 'Project Test 1', 'Project Test 1', '0', '1', 'Project Test 1', '9ehT74CN', 1, '2022-02-13 22:24:22', '2022-02-13 22:24:22'),
(70, 86, 'Pics', 'Pics', '0', '1', 'Pics', 'kxMGsZbf', 1, '2022-02-17 23:43:12', '2022-02-17 23:43:12');

-- --------------------------------------------------------

--
-- Table structure for table `user_storage`
--

CREATE TABLE `user_storage` (
  `id` int(10) UNSIGNED NOT NULL,
  `user_id` int(10) UNSIGNED DEFAULT NULL,
  `storage_name` varchar(191) COLLATE utf8mb4_unicode_ci NOT NULL,
  `storage_logo` varchar(191) COLLATE utf8mb4_unicode_ci DEFAULT NULL,
  `storage_price` varchar(191) COLLATE utf8mb4_unicode_ci DEFAULT NULL,
  `status` varchar(191) COLLATE utf8mb4_unicode_ci DEFAULT '1',
  `storage_slug` varchar(191) COLLATE utf8mb4_unicode_ci DEFAULT NULL,
  `storage_path` varchar(255) COLLATE utf8mb4_unicode_ci DEFAULT NULL,
  `storage_according` int(11) NOT NULL DEFAULT '1',
  `created_at` timestamp NULL DEFAULT NULL,
  `updated_at` timestamp NULL DEFAULT NULL
) ENGINE=InnoDB DEFAULT CHARSET=utf8mb4 COLLATE=utf8mb4_unicode_ci;

--
-- Dumping data for table `user_storage`
--

INSERT INTO `user_storage` (`id`, `user_id`, `storage_name`, `storage_logo`, `storage_price`, `status`, `storage_slug`, `storage_path`, `storage_according`, `created_at`, `updated_at`) VALUES
(1, 15, 'test', 'test', '0', '1', 'test', 'ieYhSOaX', 1, '2019-09-19 01:32:15', '2019-09-19 01:32:15'),
(2, 35, 'test', 'test', '0', '1', 'test', 'JiMRTOlY', 1, '2019-10-29 03:40:33', '2019-10-29 03:40:33'),
(3, 36, 'test', 'test', '0', '0', 'test', 'ExPr0nW8', 1, '2019-11-05 20:03:02', '2019-11-05 21:00:32'),
(4, 36, 'Jailu', 'Jailu', '0', '1', 'Jailu', 'aGz4v3KB', 1, '2019-11-05 21:00:48', '2019-11-05 21:00:48'),
(5, 36, 've', 've', '0', '1', 've', 'mCKev8BA', 1, '2019-11-05 21:02:04', '2019-11-05 21:02:04'),
(6, 36, 'virtual', 'virtual', '0', '1', 'virtual', 'BRro5QAJ', 1, '2019-11-05 21:02:25', '2019-11-05 21:02:25'),
(7, 36, 'nu8jh8', 'nu8jh8', '0', '1', 'nu8jh8', 'qShcE65L', 1, '2019-11-05 21:07:22', '2019-11-05 21:07:22'),
(8, 36, 'u', 'u', '0', '1', 'u', 'xbSZQCvL', 1, '2019-11-05 21:25:31', '2019-11-05 21:25:31'),
(9, 36, 'vcvx', 'vcvx', '0', '1', 'vcvx', 'eDxphwo7', 1, '2019-11-05 21:26:13', '2019-11-05 21:26:13'),
(10, 45, 'testing', 'testing', '0', '1', 'testing', 'Eamqid0s', 1, '2019-12-02 19:59:41', '2019-12-02 19:59:41'),
(11, 45, 'new storage testing', 'new storage testing', '0', '1', 'new storage testing', 'jKYwG46g', 1, '2019-12-02 19:59:57', '2019-12-02 19:59:57'),
(12, 45, 'fsdf', 'fsdf', '0', '1', 'fsdf', '1Te6mNV9', 1, '2019-12-02 20:38:37', '2019-12-02 20:38:37'),
(13, 50, 'dasds', 'dasds', '0', '1', 'dasds', 'yjCX53Nf', 1, '2020-01-12 22:56:00', '2020-01-12 22:56:00'),
(14, 55, 'test', 'test', '0', '0', 'test', 'QSlIezGT', 1, '2020-02-05 20:33:51', '2020-02-06 03:53:34'),
(15, 55, 'Testing1', 'Testing1', '0', '1', 'fsdfd', 'ysvDnaQH', 1, '2020-02-06 03:23:40', '2020-02-06 03:54:31'),
(16, 55, 'ff', 'ff', '0', '0', 'vxcvxcvx', 'scG2KPQx', 1, '2020-02-06 03:24:04', '2020-02-06 03:53:40'),
(17, 55, 'dsds', 'dsds', '0', '1', 'dsds', '4JnxSh8T', 1, '2020-02-09 23:01:43', '2020-02-09 23:01:43');

-- --------------------------------------------------------

--
-- Table structure for table `user_subscription`
--

CREATE TABLE `user_subscription` (
  `id` int(10) NOT NULL,
  `user_id` int(10) UNSIGNED DEFAULT NULL,
  `plan_id` int(10) UNSIGNED DEFAULT NULL,
  `created_at` timestamp NOT NULL DEFAULT CURRENT_TIMESTAMP,
  `updated_at` timestamp NOT NULL DEFAULT CURRENT_TIMESTAMP,
  `deleted_at` timestamp NULL DEFAULT NULL,
  `amount` float(8,2) DEFAULT NULL,
  `expire_at` date DEFAULT NULL,
  `status` tinyint(1) DEFAULT NULL,
  `storage_quantity` varchar(191) DEFAULT NULL
) ENGINE=InnoDB DEFAULT CHARSET=latin1;

--
-- Dumping data for table `user_subscription`
--

INSERT INTO `user_subscription` (`id`, `user_id`, `plan_id`, `created_at`, `updated_at`, `deleted_at`, `amount`, `expire_at`, `status`, `storage_quantity`) VALUES
(1, 29, 1, '2019-10-01 00:33:16', '2019-10-01 00:33:16', NULL, 0.00, '2019-10-11', 1, '21474836480'),
(2, 30, 1, '2019-10-01 00:40:20', '2019-10-01 00:40:20', NULL, 0.00, '2019-10-11', 1, '21474836480'),
(3, 31, 1, '2019-10-01 00:53:47', '2019-10-01 00:53:47', NULL, 0.00, '2019-10-11', 1, '21474836480'),
(4, 31, 2, '2019-10-01 00:54:35', '2019-10-01 00:54:35', NULL, 16.00, '2019-11-30', 1, '2199023255552'),
(5, 31, 1, '2019-10-01 01:02:32', '2019-10-01 01:02:32', NULL, 0.00, '2019-10-11', 1, '21474836480'),
(6, 31, 2, '2019-10-01 01:03:19', '2019-10-01 01:03:19', NULL, 16.00, '2019-11-30', 1, '2199023255552'),
(7, 32, 1, '2019-10-01 01:12:44', '2019-10-01 01:12:44', NULL, 0.00, '2019-10-11', 1, '21474836480'),
(8, 32, 2, '2019-10-01 01:13:33', '2019-10-01 01:13:33', NULL, 16.00, '2019-11-30', 1, '2199023255552'),
(9, 33, 1, '2019-10-01 01:14:58', '2019-10-01 01:15:36', NULL, 0.00, '2019-10-11', 1, '21474836480'),
(10, 33, 3, '2019-10-01 01:15:36', '2019-10-01 01:15:36', NULL, 6.00, NULL, 1, '1099511627776'),
(11, 33, 2, '2019-10-01 01:16:27', '2019-10-01 01:18:05', NULL, 16.00, '2019-11-30', 0, '2199023255552'),
(12, 34, 1, '2019-10-01 01:21:10', '2019-10-01 01:36:48', NULL, 0.00, '2019-10-11', 0, '21474836480'),
(13, 35, 1, '2019-10-01 04:07:14', '2019-10-01 04:18:30', NULL, 0.00, '2019-10-11', 0, '21474836480'),
(14, 35, 2, '2019-10-01 04:10:34', '2019-10-01 04:10:49', NULL, 16.00, '2019-11-30', 0, '2199023255552'),
(15, 35, 2, '2019-10-16 04:05:43', '2019-10-17 03:13:26', NULL, 0.00, NULL, 1, '1099511627776'),
(16, 36, 1, '2019-11-05 20:02:23', '2019-11-13 01:57:15', NULL, 0.00, '2019-11-16', 0, '21474836480'),
(17, 37, 1, '2019-11-06 01:54:14', '2019-11-06 01:54:14', NULL, 0.00, '2019-11-14', 1, '21474836480'),
(18, 36, 2, '2019-11-12 20:26:26', '2019-11-14 20:56:13', NULL, 16.00, '2020-01-12', 0, '2199023255552'),
(37, 36, 1, '2019-11-15 18:30:01', '2019-11-15 18:30:01', NULL, 0.00, '2019-11-26', 1, '21474836480'),
(38, 38, 1, '2019-11-17 22:25:39', '2019-11-17 22:25:39', NULL, 0.00, '2019-11-28', 1, '21474836480'),
(39, 39, 1, '2019-11-17 22:49:28', '2019-11-17 22:49:28', NULL, 0.00, '2019-11-28', 1, '21474836480'),
(40, 40, 1, '2019-11-18 00:29:12', '2019-11-18 00:29:12', NULL, 0.00, '2019-11-28', 1, '21474836480'),
(41, 41, 1, '2019-11-18 01:04:45', '2019-11-18 01:59:47', NULL, 0.00, '2019-11-28', 0, '21474836480'),
(42, 42, 1, '2019-11-19 00:03:57', '2019-11-19 00:03:57', NULL, 0.00, '2019-11-29', 1, '21474836480'),
(43, 43, 1, '2019-11-19 01:51:42', '2019-11-19 01:51:42', NULL, 0.00, '2019-11-29', 1, '21474836480'),
(44, 44, 1, '2019-11-20 19:55:25', '2019-11-22 00:22:59', NULL, 0.00, '2019-12-01', 0, '21474836480'),
(45, 44, 2, '2019-11-24 22:41:35', '2019-11-24 23:01:10', NULL, 16.00, '2020-01-24', 1, '1099511627776'),
(46, 44, 4, '2019-11-24 23:03:55', '2019-11-24 23:03:55', NULL, 0.00, NULL, 1, '0'),
(47, 44, 2, '2019-11-24 23:07:29', '2019-11-24 23:07:29', NULL, 16.00, '2020-01-24', 1, '2199023255552'),
(48, 45, 1, '2019-11-25 02:52:24', '2019-11-29 03:51:53', NULL, 0.00, '2019-12-05', 0, '21474836480'),
(49, 36, 1, '2019-11-25 18:30:01', '2019-11-25 18:30:01', NULL, 0.00, '2019-12-06', 1, '21474836480'),
(50, 38, 1, '2019-11-27 18:30:01', '2019-11-27 18:30:01', NULL, 0.00, '2019-12-08', 1, '21474836480'),
(51, 39, 1, '2019-11-27 18:30:01', '2019-11-27 18:30:01', NULL, 0.00, '2019-12-08', 1, '21474836480'),
(52, 40, 1, '2019-11-27 18:30:01', '2019-11-27 18:30:01', NULL, 0.00, '2019-12-08', 1, '21474836480'),
(53, 41, 1, '2019-11-27 18:30:01', '2019-11-27 18:30:01', NULL, 0.00, '2019-12-08', 1, '21474836480'),
(54, 42, 1, '2019-11-28 18:30:02', '2019-11-28 18:30:02', NULL, 0.00, '2019-12-09', 1, '21474836480'),
(55, 43, 1, '2019-11-28 18:30:02', '2019-11-28 18:30:02', NULL, 0.00, '2019-12-09', 1, '21474836480'),
(56, 31, 1, '2019-11-29 18:30:02', '2019-11-29 18:30:02', NULL, 0.00, '2019-12-10', 1, '21474836480'),
(57, 31, 1, '2019-11-29 18:30:02', '2019-11-29 18:30:02', NULL, 0.00, '2019-12-10', 1, '21474836480'),
(58, 32, 1, '2019-11-29 18:30:02', '2019-11-29 18:30:02', NULL, 0.00, '2019-12-10', 1, '21474836480'),
(59, 33, 1, '2019-11-29 18:30:02', '2019-11-29 18:30:02', NULL, 0.00, '2019-12-10', 1, '21474836480'),
(60, 35, 1, '2019-11-29 18:30:02', '2019-11-29 18:30:02', NULL, 0.00, '2019-12-10', 1, '21474836480'),
(61, 44, 1, '2019-11-30 18:30:02', '2019-11-30 18:30:02', NULL, 0.00, '2019-12-11', 1, '21474836480'),
(62, 45, 2, '2019-12-01 23:12:23', '2019-12-01 23:12:23', NULL, 16.00, '2020-01-31', 1, '2199023255552'),
(63, 46, 1, '2019-12-03 22:51:59', '2019-12-03 22:51:59', NULL, 0.00, '2019-12-14', 1, '21474836480'),
(64, 47, 1, '2019-12-04 00:16:17', '2019-12-04 00:16:17', NULL, 0.00, '2019-12-14', 1, '21474836480'),
(65, 48, 1, '2019-12-04 00:37:34', '2019-12-04 00:37:34', NULL, 0.00, '2019-12-14', 1, '21474836480'),
(66, 45, 1, '2019-12-04 18:30:02', '2019-12-04 18:30:02', NULL, 0.00, '2019-12-15', 1, '21474836480'),
(67, 36, 1, '2019-12-05 18:30:01', '2019-12-05 18:30:01', NULL, 0.00, '2019-12-16', 1, '21474836480'),
(68, 49, 1, '2019-12-05 22:22:46', '2019-12-05 22:22:46', NULL, 0.00, '2019-12-16', 1, '21474836480'),
(69, 38, 1, '2019-12-07 18:30:01', '2019-12-07 18:30:01', NULL, 0.00, '2019-12-18', 1, '21474836480'),
(70, 39, 1, '2019-12-07 18:30:01', '2019-12-07 18:30:01', NULL, 0.00, '2019-12-18', 1, '21474836480'),
(71, 40, 1, '2019-12-07 18:30:01', '2019-12-07 18:30:01', NULL, 0.00, '2019-12-18', 1, '21474836480'),
(72, 41, 1, '2019-12-07 18:30:01', '2019-12-07 18:30:01', NULL, 0.00, '2019-12-18', 1, '21474836480'),
(73, 42, 1, '2019-12-08 18:30:01', '2019-12-08 18:30:01', NULL, 0.00, '2019-12-19', 1, '21474836480'),
(74, 43, 1, '2019-12-08 18:30:01', '2019-12-08 18:30:01', NULL, 0.00, '2019-12-19', 1, '21474836480'),
(75, 31, 1, '2019-12-09 18:30:02', '2019-12-09 18:30:02', NULL, 0.00, '2019-12-20', 1, '21474836480'),
(76, 31, 1, '2019-12-09 18:30:02', '2019-12-09 18:30:02', NULL, 0.00, '2019-12-20', 1, '21474836480'),
(77, 32, 1, '2019-12-09 18:30:02', '2019-12-09 18:30:02', NULL, 0.00, '2019-12-20', 1, '21474836480'),
(78, 33, 1, '2019-12-09 18:30:02', '2019-12-09 18:30:02', NULL, 0.00, '2019-12-20', 1, '21474836480'),
(79, 35, 1, '2019-12-09 18:30:02', '2019-12-09 18:30:02', NULL, 0.00, '2019-12-20', 1, '21474836480'),
(80, 44, 1, '2019-12-10 18:30:01', '2019-12-10 18:30:01', NULL, 0.00, '2019-12-21', 1, '21474836480'),
(81, 46, 1, '2019-12-13 18:30:02', '2019-12-13 18:30:02', NULL, 0.00, '2019-12-24', 1, '21474836480'),
(82, 47, 1, '2019-12-13 18:30:02', '2019-12-13 18:30:02', NULL, 0.00, '2019-12-24', 1, '21474836480'),
(83, 48, 1, '2019-12-13 18:30:02', '2019-12-13 18:30:02', NULL, 0.00, '2019-12-24', 1, '21474836480'),
(84, 45, 1, '2019-12-14 18:30:01', '2019-12-14 18:30:01', NULL, 0.00, '2019-12-25', 1, '21474836480'),
(85, 36, 1, '2019-12-15 18:30:01', '2019-12-15 18:30:01', NULL, 0.00, '2019-12-26', 1, '21474836480'),
(86, 49, 1, '2019-12-15 18:30:01', '2019-12-15 18:30:01', NULL, 0.00, '2019-12-26', 1, '21474836480'),
(87, 50, 1, '2019-12-16 19:17:02', '2019-12-16 19:17:02', NULL, 0.00, '2019-12-27', 1, '21474836480'),
(88, 38, 1, '2019-12-17 18:30:01', '2019-12-17 18:30:01', NULL, 0.00, '2019-12-28', 1, '21474836480'),
(89, 39, 1, '2019-12-17 18:30:01', '2019-12-17 18:30:01', NULL, 0.00, '2019-12-28', 1, '21474836480'),
(90, 40, 1, '2019-12-17 18:30:01', '2019-12-17 18:30:01', NULL, 0.00, '2019-12-28', 1, '21474836480'),
(91, 41, 1, '2019-12-17 18:30:01', '2019-12-17 18:30:01', NULL, 0.00, '2019-12-28', 1, '21474836480'),
(92, 42, 1, '2019-12-18 18:30:01', '2019-12-18 18:30:01', NULL, 0.00, '2019-12-29', 1, '21474836480'),
(93, 43, 1, '2019-12-18 18:30:01', '2019-12-18 18:30:01', NULL, 0.00, '2019-12-29', 1, '21474836480'),
(94, 31, 1, '2019-12-19 18:30:02', '2019-12-19 18:30:02', NULL, 0.00, '2019-12-30', 1, '21474836480'),
(95, 31, 1, '2019-12-19 18:30:02', '2019-12-19 18:30:02', NULL, 0.00, '2019-12-30', 1, '21474836480'),
(96, 32, 1, '2019-12-19 18:30:02', '2019-12-19 18:30:02', NULL, 0.00, '2019-12-30', 1, '21474836480'),
(97, 33, 1, '2019-12-19 18:30:02', '2019-12-19 18:30:02', NULL, 0.00, '2019-12-30', 1, '21474836480'),
(98, 35, 1, '2019-12-19 18:30:02', '2019-12-19 18:30:02', NULL, 0.00, '2019-12-30', 1, '21474836480'),
(99, 44, 1, '2019-12-20 18:30:01', '2019-12-20 18:30:01', NULL, 0.00, '2019-12-31', 1, '21474836480'),
(100, 46, 1, '2019-12-23 18:30:02', '2019-12-23 18:30:02', NULL, 0.00, '2020-01-03', 1, '21474836480'),
(101, 47, 1, '2019-12-23 18:30:02', '2019-12-23 18:30:02', NULL, 0.00, '2020-01-03', 1, '21474836480'),
(102, 48, 1, '2019-12-23 18:30:02', '2019-12-23 18:30:02', NULL, 0.00, '2020-01-03', 1, '21474836480'),
(103, 45, 1, '2019-12-24 18:30:01', '2019-12-24 18:30:01', NULL, 0.00, '2020-01-04', 1, '21474836480'),
(104, 36, 1, '2019-12-25 18:30:02', '2019-12-25 18:30:02', NULL, 0.00, '2020-01-05', 1, '21474836480'),
(105, 49, 1, '2019-12-25 18:30:02', '2019-12-25 18:30:02', NULL, 0.00, '2020-01-05', 1, '21474836480'),
(106, 50, 1, '2019-12-26 18:30:02', '2019-12-26 18:30:02', NULL, 0.00, '2020-01-06', 1, '21474836480'),
(107, 38, 1, '2019-12-27 18:30:02', '2019-12-27 18:30:02', NULL, 0.00, '2020-01-07', 1, '21474836480'),
(108, 39, 1, '2019-12-27 18:30:02', '2019-12-27 18:30:02', NULL, 0.00, '2020-01-07', 1, '21474836480'),
(109, 40, 1, '2019-12-27 18:30:02', '2019-12-27 18:30:02', NULL, 0.00, '2020-01-07', 1, '21474836480'),
(110, 41, 1, '2019-12-27 18:30:02', '2019-12-27 18:30:02', NULL, 0.00, '2020-01-07', 1, '21474836480'),
(111, 42, 1, '2019-12-28 18:30:02', '2019-12-28 18:30:02', NULL, 0.00, '2020-01-08', 1, '21474836480'),
(112, 43, 1, '2019-12-28 18:30:02', '2019-12-28 18:30:02', NULL, 0.00, '2020-01-08', 1, '21474836480'),
(113, 31, 1, '2019-12-29 18:30:02', '2019-12-29 18:30:02', NULL, 0.00, '2020-01-09', 1, '21474836480'),
(114, 31, 1, '2019-12-29 18:30:02', '2019-12-29 18:30:02', NULL, 0.00, '2020-01-09', 1, '21474836480'),
(115, 32, 1, '2019-12-29 18:30:02', '2019-12-29 18:30:02', NULL, 0.00, '2020-01-09', 1, '21474836480'),
(116, 33, 1, '2019-12-29 18:30:02', '2019-12-29 18:30:02', NULL, 0.00, '2020-01-09', 1, '21474836480'),
(117, 35, 1, '2019-12-29 18:30:02', '2019-12-29 18:30:02', NULL, 0.00, '2020-01-09', 1, '21474836480'),
(118, 44, 1, '2019-12-30 18:30:02', '2019-12-30 18:30:02', NULL, 0.00, '2020-01-10', 1, '21474836480'),
(119, 46, 1, '2020-01-02 18:30:02', '2020-01-02 18:30:02', NULL, 0.00, '2020-01-13', 1, '21474836480'),
(120, 47, 1, '2020-01-02 18:30:02', '2020-01-02 18:30:02', NULL, 0.00, '2020-01-13', 1, '21474836480'),
(121, 48, 1, '2020-01-02 18:30:02', '2020-01-02 18:30:02', NULL, 0.00, '2020-01-13', 1, '21474836480'),
(122, 45, 1, '2020-01-03 18:30:01', '2020-01-03 18:30:01', NULL, 0.00, '2020-01-14', 1, '21474836480'),
(123, 36, 1, '2020-01-04 18:30:02', '2020-01-04 18:30:02', NULL, 0.00, '2020-01-15', 1, '21474836480'),
(124, 49, 1, '2020-01-04 18:30:02', '2020-01-04 18:30:02', NULL, 0.00, '2020-01-15', 1, '21474836480'),
(125, 50, 1, '2020-01-05 18:30:02', '2020-01-05 18:30:02', NULL, 0.00, '2020-01-16', 1, '21474836480'),
(126, 38, 1, '2020-01-06 18:30:01', '2020-01-06 18:30:01', NULL, 0.00, '2020-01-17', 1, '21474836480'),
(127, 39, 1, '2020-01-06 18:30:01', '2020-01-06 18:30:01', NULL, 0.00, '2020-01-17', 1, '21474836480'),
(128, 40, 1, '2020-01-06 18:30:01', '2020-01-06 18:30:01', NULL, 0.00, '2020-01-17', 1, '21474836480'),
(129, 41, 1, '2020-01-06 18:30:01', '2020-01-06 18:30:01', NULL, 0.00, '2020-01-17', 1, '21474836480'),
(130, 42, 1, '2020-01-07 18:30:01', '2020-01-07 18:30:01', NULL, 0.00, '2020-01-18', 1, '21474836480'),
(131, 43, 1, '2020-01-07 18:30:01', '2020-01-07 18:30:01', NULL, 0.00, '2020-01-18', 1, '21474836480'),
(132, 31, 1, '2020-01-08 18:30:02', '2020-01-08 18:30:02', NULL, 0.00, '2020-01-19', 1, '21474836480'),
(133, 31, 1, '2020-01-08 18:30:02', '2020-01-08 18:30:02', NULL, 0.00, '2020-01-19', 1, '21474836480'),
(134, 32, 1, '2020-01-08 18:30:02', '2020-01-08 18:30:02', NULL, 0.00, '2020-01-19', 1, '21474836480'),
(135, 33, 1, '2020-01-08 18:30:02', '2020-01-08 18:30:02', NULL, 0.00, '2020-01-19', 1, '21474836480'),
(136, 35, 1, '2020-01-08 18:30:02', '2020-01-08 18:30:02', NULL, 0.00, '2020-01-19', 1, '21474836480'),
(137, 44, 1, '2020-01-09 18:30:01', '2020-01-09 18:30:01', NULL, 0.00, '2020-01-20', 1, '21474836480'),
(138, 36, 1, '2020-01-11 18:30:01', '2020-01-11 18:30:01', NULL, 0.00, '2020-01-22', 1, '21474836480'),
(139, 46, 1, '2020-01-12 18:30:02', '2020-01-12 18:30:02', NULL, 0.00, '2020-01-23', 1, '21474836480'),
(140, 47, 1, '2020-01-12 18:30:02', '2020-01-12 18:30:02', NULL, 0.00, '2020-01-23', 1, '21474836480'),
(141, 48, 1, '2020-01-12 18:30:02', '2020-01-12 18:30:02', NULL, 0.00, '2020-01-23', 1, '21474836480'),
(142, 50, 2, '2020-01-12 22:26:00', '2020-01-12 22:26:00', NULL, 16.00, '2020-03-13', 1, '2199023255552'),
(143, 51, 1, '2020-01-13 00:05:28', '2020-01-13 00:05:28', NULL, 0.00, '2020-01-23', 1, '21474836480'),
(144, 52, 1, '2020-01-13 00:48:48', '2020-01-13 00:48:48', NULL, 0.00, '2020-01-23', 1, '21474836480'),
(145, 45, 1, '2020-01-13 18:30:02', '2020-01-13 18:30:02', NULL, 0.00, '2020-01-24', 1, '21474836480'),
(146, 36, 1, '2020-01-14 18:30:02', '2020-01-14 18:30:02', NULL, 0.00, '2020-01-25', 1, '21474836480'),
(147, 49, 1, '2020-01-14 18:30:02', '2020-01-14 18:30:02', NULL, 0.00, '2020-01-25', 1, '21474836480'),
(148, 50, 1, '2020-01-15 18:30:02', '2020-01-15 18:30:02', NULL, 0.00, '2020-01-26', 1, '21474836480'),
(149, 38, 1, '2020-01-16 18:30:02', '2020-01-16 18:30:02', NULL, 0.00, '2020-01-27', 1, '21474836480'),
(150, 39, 1, '2020-01-16 18:30:02', '2020-01-16 18:30:02', NULL, 0.00, '2020-01-27', 1, '21474836480'),
(151, 40, 1, '2020-01-16 18:30:02', '2020-01-16 18:30:02', NULL, 0.00, '2020-01-27', 1, '21474836480'),
(152, 41, 1, '2020-01-16 18:30:02', '2020-01-16 18:30:02', NULL, 0.00, '2020-01-27', 1, '21474836480'),
(153, 42, 1, '2020-01-17 18:30:02', '2020-01-17 18:30:02', NULL, 0.00, '2020-01-28', 1, '21474836480'),
(154, 43, 1, '2020-01-17 18:30:02', '2020-01-17 18:30:02', NULL, 0.00, '2020-01-28', 1, '21474836480'),
(155, 31, 1, '2020-01-18 18:30:02', '2020-01-18 18:30:02', NULL, 0.00, '2020-01-29', 1, '21474836480'),
(156, 31, 1, '2020-01-18 18:30:02', '2020-01-18 18:30:02', NULL, 0.00, '2020-01-29', 1, '21474836480'),
(157, 32, 1, '2020-01-18 18:30:02', '2020-01-18 18:30:02', NULL, 0.00, '2020-01-29', 1, '21474836480'),
(158, 33, 1, '2020-01-18 18:30:02', '2020-01-18 18:30:02', NULL, 0.00, '2020-01-29', 1, '21474836480'),
(159, 35, 1, '2020-01-18 18:30:02', '2020-01-18 18:30:02', NULL, 0.00, '2020-01-29', 1, '21474836480'),
(160, 44, 1, '2020-01-19 18:30:02', '2020-01-19 18:30:02', NULL, 0.00, '2020-01-30', 1, '21474836480'),
(161, 36, 1, '2020-01-21 18:30:01', '2020-01-21 18:30:01', NULL, 0.00, '2020-02-01', 1, '21474836480'),
(162, 46, 1, '2020-01-22 18:30:01', '2020-01-22 18:30:01', NULL, 0.00, '2020-02-02', 1, '21474836480'),
(163, 47, 1, '2020-01-22 18:30:01', '2020-01-22 18:30:01', NULL, 0.00, '2020-02-02', 1, '21474836480'),
(164, 48, 1, '2020-01-22 18:30:01', '2020-01-22 18:30:01', NULL, 0.00, '2020-02-02', 1, '21474836480'),
(165, 51, 1, '2020-01-22 18:30:01', '2020-01-22 18:30:01', NULL, 0.00, '2020-02-02', 1, '21474836480'),
(166, 52, 1, '2020-01-22 18:30:01', '2020-01-22 18:30:01', NULL, 0.00, '2020-02-02', 1, '21474836480'),
(167, 44, 1, '2020-01-23 18:30:01', '2020-01-23 18:30:01', NULL, 0.00, '2020-02-03', 1, '21474836480'),
(168, 44, 1, '2020-01-23 18:30:02', '2020-01-23 18:30:02', NULL, 0.00, '2020-02-03', 1, '21474836480'),
(169, 45, 1, '2020-01-23 18:30:02', '2020-01-23 18:30:02', NULL, 0.00, '2020-02-03', 1, '21474836480'),
(170, 36, 1, '2020-01-24 18:30:01', '2020-01-24 18:30:01', NULL, 0.00, '2020-02-04', 1, '21474836480'),
(171, 49, 1, '2020-01-24 18:30:01', '2020-01-24 18:30:01', NULL, 0.00, '2020-02-04', 1, '21474836480'),
(172, 50, 1, '2020-01-25 18:30:02', '2020-01-25 18:30:02', NULL, 0.00, '2020-02-05', 1, '21474836480'),
(173, 38, 1, '2020-01-26 18:30:01', '2020-01-26 18:30:01', NULL, 0.00, '2020-02-06', 1, '21474836480'),
(174, 39, 1, '2020-01-26 18:30:01', '2020-01-26 18:30:01', NULL, 0.00, '2020-02-06', 1, '21474836480'),
(175, 40, 1, '2020-01-26 18:30:01', '2020-01-26 18:30:01', NULL, 0.00, '2020-02-06', 1, '21474836480'),
(176, 41, 1, '2020-01-26 18:30:01', '2020-01-26 18:30:01', NULL, 0.00, '2020-02-06', 1, '21474836480'),
(177, 42, 1, '2020-01-27 18:30:01', '2020-01-27 18:30:01', NULL, 0.00, '2020-02-07', 1, '21474836480'),
(178, 43, 1, '2020-01-27 18:30:01', '2020-01-27 18:30:01', NULL, 0.00, '2020-02-07', 1, '21474836480'),
(179, 53, 1, '2020-01-27 19:39:11', '2020-01-27 19:39:11', NULL, 0.00, '2020-02-07', 1, '21474836480'),
(180, 31, 1, '2020-01-28 18:30:01', '2020-01-28 18:30:01', NULL, 0.00, '2020-02-08', 1, '21474836480'),
(181, 31, 1, '2020-01-28 18:30:01', '2020-01-28 18:30:01', NULL, 0.00, '2020-02-08', 1, '21474836480'),
(182, 32, 1, '2020-01-28 18:30:01', '2020-01-28 18:30:01', NULL, 0.00, '2020-02-08', 1, '21474836480'),
(183, 33, 1, '2020-01-28 18:30:01', '2020-01-28 18:30:01', NULL, 0.00, '2020-02-08', 1, '21474836480'),
(184, 35, 1, '2020-01-28 18:30:01', '2020-01-28 18:30:01', NULL, 0.00, '2020-02-08', 1, '21474836480'),
(185, 44, 1, '2020-01-29 18:30:01', '2020-01-29 18:30:01', NULL, 0.00, '2020-02-09', 1, '21474836480'),
(186, 45, 1, '2020-01-30 18:30:02', '2020-01-30 18:30:02', NULL, 0.00, '2020-02-10', 1, '21474836480'),
(187, 36, 1, '2020-01-31 18:30:02', '2020-01-31 18:30:02', NULL, 0.00, '2020-02-11', 1, '21474836480'),
(188, 46, 1, '2020-02-01 18:30:01', '2020-02-01 18:30:01', NULL, 0.00, '2020-02-12', 1, '21474836480'),
(189, 47, 1, '2020-02-01 18:30:01', '2020-02-01 18:30:01', NULL, 0.00, '2020-02-12', 1, '21474836480'),
(190, 48, 1, '2020-02-01 18:30:01', '2020-02-01 18:30:01', NULL, 0.00, '2020-02-12', 1, '21474836480'),
(191, 51, 1, '2020-02-01 18:30:01', '2020-02-01 18:30:01', NULL, 0.00, '2020-02-12', 1, '21474836480'),
(192, 52, 1, '2020-02-01 18:30:01', '2020-02-01 18:30:01', NULL, 0.00, '2020-02-12', 1, '21474836480'),
(193, 44, 1, '2020-02-02 18:30:01', '2020-02-02 18:30:01', NULL, 0.00, '2020-02-13', 1, '21474836480'),
(194, 44, 1, '2020-02-02 18:30:01', '2020-02-02 18:30:01', NULL, 0.00, '2020-02-13', 1, '21474836480'),
(195, 45, 1, '2020-02-02 18:30:01', '2020-02-02 18:30:01', NULL, 0.00, '2020-02-13', 1, '21474836480'),
(196, 54, 1, '2020-02-03 00:51:28', '2020-02-03 00:51:28', NULL, 0.00, '2020-02-13', 1, '21474836480'),
(197, 36, 1, '2020-02-03 18:30:02', '2020-02-03 18:30:02', NULL, 0.00, '2020-02-14', 1, '21474836480'),
(198, 49, 1, '2020-02-03 18:30:02', '2020-02-03 18:30:02', NULL, 0.00, '2020-02-14', 1, '21474836480'),
(199, 50, 1, '2020-02-04 18:30:02', '2020-02-04 18:30:02', NULL, 0.00, '2020-02-15', 1, '21474836480'),
(200, 55, 1, '2020-02-04 21:53:26', '2020-02-04 21:53:26', NULL, 0.00, '2020-02-15', 1, '21474836480'),
(201, 38, 1, '2020-02-05 18:30:02', '2020-02-05 18:30:02', NULL, 0.00, '2020-02-16', 1, '21474836480'),
(202, 39, 1, '2020-02-05 18:30:02', '2020-02-05 18:30:02', NULL, 0.00, '2020-02-16', 1, '21474836480'),
(203, 40, 1, '2020-02-05 18:30:02', '2020-02-05 18:30:02', NULL, 0.00, '2020-02-16', 1, '21474836480'),
(204, 41, 1, '2020-02-05 18:30:02', '2020-02-05 18:30:02', NULL, 0.00, '2020-02-16', 1, '21474836480'),
(205, 42, 1, '2020-02-06 18:30:01', '2020-02-06 18:30:01', NULL, 0.00, '2020-02-17', 1, '21474836480'),
(206, 43, 1, '2020-02-06 18:30:01', '2020-02-06 18:30:01', NULL, 0.00, '2020-02-17', 1, '21474836480'),
(207, 53, 1, '2020-02-06 18:30:01', '2020-02-06 18:30:01', NULL, 0.00, '2020-02-17', 1, '21474836480'),
(208, 31, 1, '2020-02-07 18:30:02', '2020-02-07 18:30:02', NULL, 0.00, '2020-02-18', 1, '21474836480'),
(209, 31, 1, '2020-02-07 18:30:02', '2020-02-07 18:30:02', NULL, 0.00, '2020-02-18', 1, '21474836480'),
(210, 32, 1, '2020-02-07 18:30:02', '2020-02-07 18:30:02', NULL, 0.00, '2020-02-18', 1, '21474836480'),
(211, 33, 1, '2020-02-07 18:30:02', '2020-02-07 18:30:02', NULL, 0.00, '2020-02-18', 1, '21474836480'),
(212, 35, 1, '2020-02-07 18:30:02', '2020-02-07 18:30:02', NULL, 0.00, '2020-02-18', 1, '21474836480'),
(213, 44, 1, '2020-02-08 18:30:01', '2020-02-08 18:30:01', NULL, 0.00, '2020-02-19', 1, '21474836480'),
(214, 45, 1, '2020-02-09 18:30:01', '2020-02-09 18:30:01', NULL, 0.00, '2020-02-20', 1, '21474836480'),
(215, 36, 1, '2020-02-10 18:30:02', '2020-02-10 18:30:02', NULL, 0.00, '2020-02-21', 1, '21474836480'),
(216, 83, 1, '2022-02-11 13:33:29', '2022-02-11 13:33:29', NULL, 0.00, '2022-02-21', 1, '21474836480'),
(217, 84, 1, '2022-02-11 14:24:29', '2022-02-11 14:24:29', NULL, 0.00, '2022-02-21', 1, '21474836480'),
(218, 85, 1, '2022-02-11 14:29:17', '2022-02-11 14:29:17', NULL, 0.00, '2022-02-21', 1, '21474836480'),
(219, 86, 1, '2022-02-13 22:13:38', '2022-02-13 22:13:38', NULL, 0.00, '2022-02-23', 1, '21474836480');

--
-- Indexes for dumped tables
--

--
-- Indexes for table `admins`
--
ALTER TABLE `admins`
  ADD PRIMARY KEY (`id`);

--
-- Indexes for table `admin_aboutus`
--
ALTER TABLE `admin_aboutus`
  ADD PRIMARY KEY (`aboutus_id`);

--
-- Indexes for table `admin_homebanner`
--
ALTER TABLE `admin_homebanner`
  ADD PRIMARY KEY (`homebanner_id`);

--
-- Indexes for table `admin_homeplans`
--
ALTER TABLE `admin_homeplans`
  ADD PRIMARY KEY (`homeplans_id`);

--
-- Indexes for table `admin_homereviews`
--
ALTER TABLE `admin_homereviews`
  ADD PRIMARY KEY (`homereviews_id`);

--
-- Indexes for table `admin_homesecond`
--
ALTER TABLE `admin_homesecond`
  ADD PRIMARY KEY (`homesecond_id`);

--
-- Indexes for table `admin_homethird`
--
ALTER TABLE `admin_homethird`
  ADD PRIMARY KEY (`homethird_id`);

--
-- Indexes for table `admin_user`
--
ALTER TABLE `admin_user`
  ADD PRIMARY KEY (`user_id`);

--
-- Indexes for table `banking_profile`
--
ALTER TABLE `banking_profile`
  ADD PRIMARY KEY (`id`);

--
-- Indexes for table `client_project`
--
ALTER TABLE `client_project`
  ADD PRIMARY KEY (`id`);

--
-- Indexes for table `company_profile`
--
ALTER TABLE `company_profile`
  ADD PRIMARY KEY (`id`),
  ADD UNIQUE KEY `company_profile_company_name_unique` (`company_name`);

--
-- Indexes for table `contacts`
--
ALTER TABLE `contacts`
  ADD PRIMARY KEY (`id`);

--
-- Indexes for table `countries`
--
ALTER TABLE `countries`
  ADD PRIMARY KEY (`id`),
  ADD UNIQUE KEY `name` (`name`);

--
-- Indexes for table `extended_subscriptions`
--
ALTER TABLE `extended_subscriptions`
  ADD PRIMARY KEY (`id`);

--
-- Indexes for table `medias`
--
ALTER TABLE `medias`
  ADD PRIMARY KEY (`id`);

--
-- Indexes for table `media_user`
--
ALTER TABLE `media_user`
  ADD PRIMARY KEY (`id`),
  ADD KEY `media_user_media_id_index` (`media_id`),
  ADD KEY `media_user_user_id_index` (`user_id`);

--
-- Indexes for table `media_user_projects`
--
ALTER TABLE `media_user_projects`
  ADD PRIMARY KEY (`id`),
  ADD KEY `media_user_projects_media_id_index` (`media_id`),
  ADD KEY `media_user_projects_user_projects_id_index` (`user_projects_id`);

--
-- Indexes for table `media_user_storage`
--
ALTER TABLE `media_user_storage`
  ADD PRIMARY KEY (`id`),
  ADD KEY `media_user_projects_media_id_index` (`media_id`),
  ADD KEY `media_user_projects_user_projects_id_index` (`user_storage_id`);

--
-- Indexes for table `migrations`
--
ALTER TABLE `migrations`
  ADD PRIMARY KEY (`id`);

--
-- Indexes for table `noticealerts`
--
ALTER TABLE `noticealerts`
  ADD PRIMARY KEY (`id`);

--
-- Indexes for table `oauth_access_tokens`
--
ALTER TABLE `oauth_access_tokens`
  ADD PRIMARY KEY (`id`),
  ADD KEY `oauth_access_tokens_user_id_index` (`user_id`);

--
-- Indexes for table `oauth_auth_codes`
--
ALTER TABLE `oauth_auth_codes`
  ADD PRIMARY KEY (`id`);

--
-- Indexes for table `oauth_clients`
--
ALTER TABLE `oauth_clients`
  ADD PRIMARY KEY (`id`),
  ADD KEY `oauth_clients_user_id_index` (`user_id`);

--
-- Indexes for table `oauth_personal_access_clients`
--
ALTER TABLE `oauth_personal_access_clients`
  ADD PRIMARY KEY (`id`),
  ADD KEY `oauth_personal_access_clients_client_id_index` (`client_id`);

--
-- Indexes for table `oauth_refresh_tokens`
--
ALTER TABLE `oauth_refresh_tokens`
  ADD PRIMARY KEY (`id`),
  ADD KEY `oauth_refresh_tokens_access_token_id_index` (`access_token_id`);

--
-- Indexes for table `password_resets`
--
ALTER TABLE `password_resets`
  ADD KEY `password_resets_email_index` (`email`);

--
-- Indexes for table `payplans`
--
ALTER TABLE `payplans`
  ADD PRIMARY KEY (`id`);

--
-- Indexes for table `plans`
--
ALTER TABLE `plans`
  ADD PRIMARY KEY (`id`);

--
-- Indexes for table `purchases`
--
ALTER TABLE `purchases`
  ADD PRIMARY KEY (`id`);

--
-- Indexes for table `regions`
--
ALTER TABLE `regions`
  ADD PRIMARY KEY (`id`),
  ADD KEY `country_name` (`country_id`,`name`);

--
-- Indexes for table `share_images`
--
ALTER TABLE `share_images`
  ADD PRIMARY KEY (`id`);

--
-- Indexes for table `social_facebook_accounts`
--
ALTER TABLE `social_facebook_accounts`
  ADD PRIMARY KEY (`id`);

--
-- Indexes for table `subscriptions`
--
ALTER TABLE `subscriptions`
  ADD PRIMARY KEY (`id`),
  ADD KEY `subscriptions_user_id_foreign` (`user_id`);

--
-- Indexes for table `users`
--
ALTER TABLE `users`
  ADD PRIMARY KEY (`id`),
  ADD UNIQUE KEY `users_email_unique` (`email`);

--
-- Indexes for table `user_noticealerts`
--
ALTER TABLE `user_noticealerts`
  ADD PRIMARY KEY (`id`),
  ADD KEY `user_noticealerts_user_id_foreign` (`user_id`),
  ADD KEY `user_noticealerts_noticealert_id_foreign` (`noticealert_id`);

--
-- Indexes for table `user_profile`
--
ALTER TABLE `user_profile`
  ADD PRIMARY KEY (`id`),
  ADD KEY `user_profile_user_id_foreign` (`user_id`);

--
-- Indexes for table `user_projects`
--
ALTER TABLE `user_projects`
  ADD PRIMARY KEY (`id`),
  ADD KEY `user_projects_user_id_foreign` (`user_id`);

--
-- Indexes for table `user_storage`
--
ALTER TABLE `user_storage`
  ADD PRIMARY KEY (`id`),
  ADD KEY `user_storage_user_id_foreign` (`user_id`) USING BTREE;

--
-- Indexes for table `user_subscription`
--
ALTER TABLE `user_subscription`
  ADD PRIMARY KEY (`id`);

--
-- AUTO_INCREMENT for dumped tables
--

--
-- AUTO_INCREMENT for table `admins`
--
ALTER TABLE `admins`
  MODIFY `id` int(10) UNSIGNED NOT NULL AUTO_INCREMENT;

--
-- AUTO_INCREMENT for table `admin_aboutus`
--
ALTER TABLE `admin_aboutus`
  MODIFY `aboutus_id` int(10) NOT NULL AUTO_INCREMENT, AUTO_INCREMENT=13;

--
-- AUTO_INCREMENT for table `admin_homebanner`
--
ALTER TABLE `admin_homebanner`
  MODIFY `homebanner_id` int(10) NOT NULL AUTO_INCREMENT, AUTO_INCREMENT=5;

--
-- AUTO_INCREMENT for table `admin_homeplans`
--
ALTER TABLE `admin_homeplans`
  MODIFY `homeplans_id` int(10) NOT NULL AUTO_INCREMENT, AUTO_INCREMENT=5;

--
-- AUTO_INCREMENT for table `admin_homereviews`
--
ALTER TABLE `admin_homereviews`
  MODIFY `homereviews_id` int(10) NOT NULL AUTO_INCREMENT, AUTO_INCREMENT=4;

--
-- AUTO_INCREMENT for table `admin_homesecond`
--
ALTER TABLE `admin_homesecond`
  MODIFY `homesecond_id` int(10) NOT NULL AUTO_INCREMENT, AUTO_INCREMENT=14;

--
-- AUTO_INCREMENT for table `admin_homethird`
--
ALTER TABLE `admin_homethird`
  MODIFY `homethird_id` int(10) NOT NULL AUTO_INCREMENT, AUTO_INCREMENT=6;

--
-- AUTO_INCREMENT for table `admin_user`
--
ALTER TABLE `admin_user`
  MODIFY `user_id` int(20) NOT NULL AUTO_INCREMENT, AUTO_INCREMENT=4;

--
-- AUTO_INCREMENT for table `banking_profile`
--
ALTER TABLE `banking_profile`
  MODIFY `id` int(10) NOT NULL AUTO_INCREMENT, AUTO_INCREMENT=20;

--
-- AUTO_INCREMENT for table `client_project`
--
ALTER TABLE `client_project`
  MODIFY `id` int(10) UNSIGNED NOT NULL AUTO_INCREMENT;

--
-- AUTO_INCREMENT for table `company_profile`
--
ALTER TABLE `company_profile`
  MODIFY `id` int(10) UNSIGNED NOT NULL AUTO_INCREMENT, AUTO_INCREMENT=40;

--
-- AUTO_INCREMENT for table `contacts`
--
ALTER TABLE `contacts`
  MODIFY `id` int(10) UNSIGNED NOT NULL AUTO_INCREMENT;

--
-- AUTO_INCREMENT for table `countries`
--
ALTER TABLE `countries`
  MODIFY `id` smallint(5) UNSIGNED NOT NULL AUTO_INCREMENT, AUTO_INCREMENT=231;

--
-- AUTO_INCREMENT for table `extended_subscriptions`
--
ALTER TABLE `extended_subscriptions`
  MODIFY `id` int(11) NOT NULL AUTO_INCREMENT, AUTO_INCREMENT=7;

--
-- AUTO_INCREMENT for table `medias`
--
ALTER TABLE `medias`
  MODIFY `id` int(10) UNSIGNED NOT NULL AUTO_INCREMENT, AUTO_INCREMENT=278;

--
-- AUTO_INCREMENT for table `media_user`
--
ALTER TABLE `media_user`
  MODIFY `id` int(10) UNSIGNED NOT NULL AUTO_INCREMENT;

--
-- AUTO_INCREMENT for table `media_user_projects`
--
ALTER TABLE `media_user_projects`
  MODIFY `id` int(10) UNSIGNED NOT NULL AUTO_INCREMENT, AUTO_INCREMENT=264;

--
-- AUTO_INCREMENT for table `media_user_storage`
--
ALTER TABLE `media_user_storage`
  MODIFY `id` int(10) UNSIGNED NOT NULL AUTO_INCREMENT, AUTO_INCREMENT=15;

--
-- AUTO_INCREMENT for table `migrations`
--
ALTER TABLE `migrations`
  MODIFY `id` int(10) UNSIGNED NOT NULL AUTO_INCREMENT;

--
-- AUTO_INCREMENT for table `noticealerts`
--
ALTER TABLE `noticealerts`
  MODIFY `id` int(10) UNSIGNED NOT NULL AUTO_INCREMENT, AUTO_INCREMENT=184;

--
-- AUTO_INCREMENT for table `oauth_clients`
--
ALTER TABLE `oauth_clients`
  MODIFY `id` int(10) UNSIGNED NOT NULL AUTO_INCREMENT, AUTO_INCREMENT=6;

--
-- AUTO_INCREMENT for table `oauth_personal_access_clients`
--
ALTER TABLE `oauth_personal_access_clients`
  MODIFY `id` int(10) UNSIGNED NOT NULL AUTO_INCREMENT;

--
-- AUTO_INCREMENT for table `payplans`
--
ALTER TABLE `payplans`
  MODIFY `id` int(10) UNSIGNED NOT NULL AUTO_INCREMENT, AUTO_INCREMENT=22;

--
-- AUTO_INCREMENT for table `plans`
--
ALTER TABLE `plans`
  MODIFY `id` int(6) NOT NULL AUTO_INCREMENT, AUTO_INCREMENT=5;

--
-- AUTO_INCREMENT for table `purchases`
--
ALTER TABLE `purchases`
  MODIFY `id` int(10) UNSIGNED NOT NULL AUTO_INCREMENT, AUTO_INCREMENT=14;

--
-- AUTO_INCREMENT for table `regions`
--
ALTER TABLE `regions`
  MODIFY `id` int(11) UNSIGNED NOT NULL AUTO_INCREMENT, AUTO_INCREMENT=3889;

--
-- AUTO_INCREMENT for table `share_images`
--
ALTER TABLE `share_images`
  MODIFY `id` int(10) UNSIGNED NOT NULL AUTO_INCREMENT, AUTO_INCREMENT=18;

--
-- AUTO_INCREMENT for table `social_facebook_accounts`
--
ALTER TABLE `social_facebook_accounts`
  MODIFY `id` int(10) UNSIGNED NOT NULL AUTO_INCREMENT;

--
-- AUTO_INCREMENT for table `subscriptions`
--
ALTER TABLE `subscriptions`
  MODIFY `id` int(10) UNSIGNED NOT NULL AUTO_INCREMENT;

--
-- AUTO_INCREMENT for table `users`
--
ALTER TABLE `users`
  MODIFY `id` int(10) UNSIGNED NOT NULL AUTO_INCREMENT, AUTO_INCREMENT=87;

--
-- AUTO_INCREMENT for table `user_noticealerts`
--
ALTER TABLE `user_noticealerts`
  MODIFY `id` int(10) UNSIGNED NOT NULL AUTO_INCREMENT, AUTO_INCREMENT=184;

--
-- AUTO_INCREMENT for table `user_profile`
--
ALTER TABLE `user_profile`
  MODIFY `id` int(10) UNSIGNED NOT NULL AUTO_INCREMENT, AUTO_INCREMENT=8;

--
-- AUTO_INCREMENT for table `user_projects`
--
ALTER TABLE `user_projects`
  MODIFY `id` int(10) UNSIGNED NOT NULL AUTO_INCREMENT, AUTO_INCREMENT=71;

--
-- AUTO_INCREMENT for table `user_storage`
--
ALTER TABLE `user_storage`
  MODIFY `id` int(10) UNSIGNED NOT NULL AUTO_INCREMENT, AUTO_INCREMENT=18;

--
-- AUTO_INCREMENT for table `user_subscription`
--
ALTER TABLE `user_subscription`
  MODIFY `id` int(10) NOT NULL AUTO_INCREMENT, AUTO_INCREMENT=220;

--
-- Constraints for dumped tables
--

--
-- Constraints for table `user_noticealerts`
--
ALTER TABLE `user_noticealerts`
  ADD CONSTRAINT `user_noticealerts_noticealert_id_foreign` FOREIGN KEY (`noticealert_id`) REFERENCES `noticealerts` (`id`) ON DELETE SET NULL,
  ADD CONSTRAINT `user_noticealerts_user_id_foreign` FOREIGN KEY (`user_id`) REFERENCES `users` (`id`) ON DELETE SET NULL;

--
-- Constraints for table `user_profile`
--
ALTER TABLE `user_profile`
  ADD CONSTRAINT `user_profile_user_id_foreign` FOREIGN KEY (`user_id`) REFERENCES `users` (`id`) ON DELETE CASCADE;

--
-- Constraints for table `user_projects`
--
ALTER TABLE `user_projects`
  ADD CONSTRAINT `user_projects_user_id_foreign` FOREIGN KEY (`user_id`) REFERENCES `users` (`id`) ON DELETE CASCADE;
COMMIT;

/*!40101 SET CHARACTER_SET_CLIENT=@OLD_CHARACTER_SET_CLIENT */;
/*!40101 SET CHARACTER_SET_RESULTS=@OLD_CHARACTER_SET_RESULTS */;
/*!40101 SET COLLATION_CONNECTION=@OLD_COLLATION_CONNECTION */;
